<kml xmlns="http://www.opengis.net/kml/2.2" xmlns:atom="http://www.w3.org/2005/Atom" xmlns:gx="http://www.google.com/kml/ext/2.2">
  <Document>
    <Style id="QueryArea">
      <LineStyle>
        <color>ffc0c000</color>
        <width>3</width>
      </LineStyle>
      <PolyStyle>
        <color>80ffffaa</color>
      </PolyStyle>
    </Style>
    <Style id="F3548v21Accepted">
      <LineStyle>
        <color>ff00c000</color>
        <width>3</width>
      </LineStyle>
      <PolyStyle>
        <color>80c0c0c0</color>
      </PolyStyle>
    </Style>
    <Style id="F3548v21Activated">
      <LineStyle>
        <color>ff00c000</color>
        <width>3</width>
      </LineStyle>
      <PolyStyle>
        <color>8000ff00</color>
      </PolyStyle>
    </Style>
    <Style id="F3548v21Nonconforming">
      <LineStyle>
        <color>ff00ffff</color>
        <width>5</width>
      </LineStyle>
      <PolyStyle>
        <color>8000ffff</color>
      </PolyStyle>
    </Style>
    <Style id="F3548v21Contingent">
      <LineStyle>
        <color>ff0000ff</color>
        <width>5</width>
      </LineStyle>
      <PolyStyle>
        <color>80ff0000ff</color>
      </PolyStyle>
    </Style>
    <Style id="F3548v21AcceptedFuture">
      <LineStyle>
        <color>80c0c0c0</color>
        <width>1</width>
      </LineStyle>
      <PolyStyle>
        <color>00000000</color>
      </PolyStyle>
    </Style>
    <Style id="F3548v21ActivatedFuture">
      <LineStyle>
        <color>8040c040</color>
        <width>1</width>
      </LineStyle>
      <PolyStyle>
        <color>00000000</color>
      </PolyStyle>
    </Style>
    <Style id="F3548v21NonconformingFuture">
      <LineStyle>
        <color>8000ffff</color>
        <width>1</width>
      </LineStyle>
      <PolyStyle>
        <color>00000000</color>
      </PolyStyle>
    </Style>
    <Style id="F3548v21ContingentFuture">
      <LineStyle>
        <color>80ff0000ff</color>
        <width>1</width>
      </LineStyle>
      <PolyStyle>
        <color>00000000</color>
      </PolyStyle>
    </Style>
    <Style id="Planned_Nominal">
      <LineStyle>
        <color>ff00c000</color>
        <width>3</width>
      </LineStyle>
      <PolyStyle>
        <color>80808080</color>
      </PolyStyle>
    </Style>
    <Style id="InUse_Nominal">
      <LineStyle>
        <color>ff00c000</color>
        <width>3</width>
      </LineStyle>
      <PolyStyle>
        <color>8000ff00</color>
      </PolyStyle>
    </Style>
    <Style id="InUse_OffNominal">
      <LineStyle>
        <color>ff00ffff</color>
        <width>5</width>
      </LineStyle>
      <PolyStyle>
        <color>8000ff00</color>
      </PolyStyle>
    </Style>
    <Style id="InUse_Contingent">
      <LineStyle>
        <color>ff0000ff</color>
        <width>5</width>
      </LineStyle>
      <PolyStyle>
        <color>8000ff00</color>
      </PolyStyle>
    </Style>
    <Style id="unmodifiedtelemetry">
      <IconStyle>
        <scale>1.4</scale>
        <Icon>
          <href>http://maps.google.com/mapfiles/kml/shapes/placemark_circle.png</href>
        </Icon>
      </IconStyle>
    </Style>
    <Style id="modifiedtelemetry">
      <IconStyle>
        <scale>1.4</scale>
        <Icon>
          <href>http://maps.google.com/mapfiles/kml/shapes/placemark_square.png</href>
        </Icon>
      </IconStyle>
    </Style>
    <Style id="aircraft">
      <IconStyle>
        <scale>1.4</scale>
        <Icon>
          <href>http://maps.google.com/mapfiles/kml/shapes/airports.png</href>
        </Icon>
      </IconStyle>
    </Style>
    <Folder>
      <name>ASTM NetRID Service Provider operator notification on missing fields</name>
      <Folder>
        <name>Missing fields flight</name>
        <Folder>
          <name>Retrieve pre-existing operator notification</name>
        </Folder>
        <Folder>
          <name>Injection</name>
          <Folder>
            <name>E4: uss1 interuss.automated_testing.rid.v1.injection.createTest</name>
            <Folder>
              <name>Test flight aef33b32-53ee-4cc7-a285-c89e1a6b7db5</name>
              <Placemark>
                <name>Telemetry 0</name>
                <styleUrl>#modifiedtelemetry</styleUrl>
                <TimeSpan>
                  <begin>2026-10-02T17:04:22.556998+00:00</begin>
                  <end>2026-10-02T17:04:23.556998+00:00</end>
                </TimeSpan>
                <Point>
                  <coordinates>8.523321827032547,47.3715045208158,0</coordinates>
                </Point>
              </Placemark>
              <Placemark>
                <name>Telemetry 1</name>
                <styleUrl>#modifiedtelemetry</styleUrl>
                <TimeSpan>
                  <begin>2026-10-02T17:04:23.556998+00:00</begin>
                  <end>2026-10-02T17:04:24.556998+00:00</end>
                </TimeSpan>
                <Point>
                  <coordinates>8.523282890548819,47.371540881223694,0</coordinates>
                </Point>
              </Placemark>
              <Placemark>
                <name>Telemetry 2</name>
                <styleUrl>#modifiedtelemetry</styleUrl>
                <TimeSpan>
                  <begin>2026-10-02T17:04:24.556998+00:00</begin>
                  <end>2026-10-02T17:04:25.556998+00:00</end>
                </TimeSpan>
                <Point>
                  <coordinates>8.52324395406509,47.37157724163159,0</coordinates>
                </Point>
              </Placemark>
              <Placemark>
                <name>Telemetry 3</name>
                <styleUrl>#modifiedtelemetry</styleUrl>
                <TimeSpan>
                  <begin>2026-10-02T17:04:25.556998+00:00</begin>
                  <end>2026-10-02T17:04:26.556998+00:00</end>
                </TimeSpan>
                <Point>
                  <coordinates>8.523205017581365,47.37161360203949,0</coordinates>
                </Point>
              </Placemark>
              <Placemark>
                <name>Telemetry 4</name>
                <styleUrl>#modifiedtelemetry</styleUrl>
                <TimeSpan>
                  <begin>2026-10-02T17:04:26.556998+00:00</begin>
                  <end>2026-10-02T17:04:27.556998+00:00</end>
                </TimeSpan>
                <Point>
                  <coordinates>8.523166081097637,47.371649962447385,0</coordinates>
                </Point>
              </Placemark>
              <Placemark>
                <name>Telemetry 5</name>
                <styleUrl>#modifiedtelemetry</styleUrl>
                <TimeSpan>
                  <begin>2026-10-02T17:04:27.556998+00:00</begin>
                  <end>2026-10-02T17:04:28.556998+00:00</end>
                </TimeSpan>
                <Point>
                  <coordinates>8.523118769605144,47.37168134446735,0</coordinates>
                </Point>
              </Placemark>
              <Placemark>
                <name>Telemetry 6</name>
                <styleUrl>#modifiedtelemetry</styleUrl>
                <TimeSpan>
                  <begin>2026-10-02T17:04:28.556998+00:00</begin>
                  <end>2026-10-02T17:04:29.556998+00:00</end>
                </TimeSpan>
                <Point>
                  <coordinates>8.523070583658326,47.37171220668214,0</coordinates>
                </Point>
              </Placemark>
              <Placemark>
                <name>Telemetry 7</name>
                <styleUrl>#modifiedtelemetry</styleUrl>
                <TimeSpan>
                  <begin>2026-10-02T17:04:29.556998+00:00</begin>
                  <end>2026-10-02T17:04:30.556998+00:00</end>
                </TimeSpan>
                <Point>
                  <coordinates>8.523022397711506,47.371743068896926,0</coordinates>
                </Point>
              </Placemark>
              <Placemark>
                <name>Telemetry 8</name>
                <styleUrl>#modifiedtelemetry</styleUrl>
                <TimeSpan>
                  <begin>2026-10-02T17:04:30.556998+00:00</begin>
                  <end>2026-10-02T17:04:31.556998+00:00</end>
                </TimeSpan>
                <Point>
                  <coordinates>8.5229757392881,47.371774910132885,0</coordinates>
                </Point>
              </Placemark>
              <Placemark>
                <name>Telemetry 9</name>
                <styleUrl>#modifiedtelemetry</styleUrl>
                <TimeSpan>
                  <begin>2026-10-02T17:04:31.556998+00:00</begin>
                  <end>2026-10-02T17:04:32.556998+00:00</end>
                </TimeSpan>
                <Point>
                  <coordinates>8.522932891599606,47.371809193747204,0</coordinates>
                </Point>
              </Placemark>
              <Placemark>
                <name>Telemetry 10</name>
                <styleUrl>#modifiedtelemetry</styleUrl>
                <TimeSpan>
                  <begin>2026-10-02T17:04:32.556998+00:00</begin>
                  <end>2026-10-02T17:04:33.556998+00:00</end>
                </TimeSpan>
                <Point>
                  <coordinates>8.522890043911113,47.37184347736152,0</coordinates>
                </Point>
              </Placemark>
              <Placemark>
                <name>Telemetry 11</name>
                <styleUrl>#modifiedtelemetry</styleUrl>
                <TimeSpan>
                  <begin>2026-10-02T17:04:33.556998+00:00</begin>
                  <end>2026-10-02T17:04:34.556998+00:00</end>
                </TimeSpan>
                <Point>
                  <coordinates>8.52284719622262,47.37187776097584,0</coordinates>
                </Point>
              </Placemark>
              <Placemark>
                <name>Telemetry 12</name>
                <styleUrl>#modifiedtelemetry</styleUrl>
                <TimeSpan>
                  <begin>2026-10-02T17:04:34.556998+00:00</begin>
                  <end>2026-10-02T17:04:35.556998+00:00</end>
                </TimeSpan>
                <Point>
                  <coordinates>8.522804348534127,47.37191204459016,0</coordinates>
                </Point>
              </Placemark>
              <Placemark>
                <name>Telemetry 13</name>
                <styleUrl>#modifiedtelemetry</styleUrl>
                <TimeSpan>
                  <begin>2026-10-02T17:04:35.556998+00:00</begin>
                  <end>2026-10-02T17:04:36.556998+00:00</end>
                </TimeSpan>
                <Point>
                  <coordinates>8.522761500845634,47.37194632820448,0</coordinates>
                </Point>
              </Placemark>
              <Placemark>
                <name>Telemetry 14</name>
                <styleUrl>#modifiedtelemetry</styleUrl>
                <TimeSpan>
                  <begin>2026-10-02T17:04:36.556998+00:00</begin>
                  <end>2026-10-02T17:04:37.556998+00:00</end>
                </TimeSpan>
                <Point>
                  <coordinates>8.522718653157142,47.371980611818806,0</coordinates>
                </Point>
              </Placemark>
              <Placemark>
                <name>Telemetry 15</name>
                <styleUrl>#modifiedtelemetry</styleUrl>
                <TimeSpan>
                  <begin>2026-10-02T17:04:37.556998+00:00</begin>
                  <end>2026-10-02T17:04:38.556998+00:00</end>
                </TimeSpan>
                <Point>
                  <coordinates>8.522675805468648,47.372014895433125,0</coordinates>
                </Point>
              </Placemark>
              <Placemark>
                <name>Telemetry 16</name>
                <styleUrl>#modifiedtelemetry</styleUrl>
                <TimeSpan>
                  <begin>2026-10-02T17:04:38.556998+00:00</begin>
                  <end>2026-10-02T17:04:39.556998+00:00</end>
                </TimeSpan>
                <Point>
                  <coordinates>8.522630095760274,47.37204743572325,0</coordinates>
                </Point>
              </Placemark>
              <Placemark>
                <name>Telemetry 17</name>
                <styleUrl>#modifiedtelemetry</styleUrl>
                <TimeSpan>
                  <begin>2026-10-02T17:04:39.556998+00:00</begin>
                  <end>2026-10-02T17:04:40.556998+00:00</end>
                </TimeSpan>
                <Point>
                  <coordinates>8.522580799973472,47.372082380767935,0</coordinates>
                </Point>
              </Placemark>
              <Placemark>
                <name>Telemetry 18</name>
                <styleUrl>#modifiedtelemetry</styleUrl>
                <TimeSpan>
                  <begin>2026-10-02T17:04:40.556998+00:00</begin>
                  <end>2026-10-02T17:04:41.556998+00:00</end>
                </TimeSpan>
                <Point>
                  <coordinates>8.52253150418667,47.372117325812624,0</coordinates>
                </Point>
              </Placemark>
              <Placemark>
                <name>Telemetry 19</name>
                <styleUrl>#modifiedtelemetry</styleUrl>
                <TimeSpan>
                  <begin>2026-10-02T17:04:41.556998+00:00</begin>
                  <end>2026-10-02T17:04:42.556998+00:00</end>
                </TimeSpan>
                <Point>
                  <coordinates>8.52248220839987,47.372152270857306,0</coordinates>
                </Point>
              </Placemark>
              <Placemark>
                <name>Telemetry 20</name>
                <styleUrl>#modifiedtelemetry</styleUrl>
                <TimeSpan>
                  <begin>2026-10-02T17:04:42.556998+00:00</begin>
                  <end>2026-10-02T17:04:43.556998+00:00</end>
                </TimeSpan>
                <Point>
                  <coordinates>8.522432912613064,47.372187215901995,0</coordinates>
                </Point>
              </Placemark>
              <Placemark>
                <name>Telemetry 21</name>
                <styleUrl>#modifiedtelemetry</styleUrl>
                <TimeSpan>
                  <begin>2026-10-02T17:04:43.556998+00:00</begin>
                  <end>2026-10-02T17:04:44.556998+00:00</end>
                </TimeSpan>
                <Point>
                  <coordinates>8.522383616826263,47.37222216094668,0</coordinates>
                </Point>
              </Placemark>
              <Placemark>
                <name>Telemetry 22</name>
                <styleUrl>#modifiedtelemetry</styleUrl>
                <TimeSpan>
                  <begin>2026-10-02T17:04:44.556998+00:00</begin>
                  <end>2026-10-02T17:04:45.556998+00:00</end>
                </TimeSpan>
                <Point>
                  <coordinates>8.52233432103946,47.372257105991366,0</coordinates>
                </Point>
              </Placemark>
              <Placemark>
                <name>Telemetry 23</name>
                <styleUrl>#modifiedtelemetry</styleUrl>
                <TimeSpan>
                  <begin>2026-10-02T17:04:45.556998+00:00</begin>
                  <end>2026-10-02T17:04:46.556998+00:00</end>
                </TimeSpan>
                <Point>
                  <coordinates>8.52228502525266,47.37229205103605,0</coordinates>
                </Point>
              </Placemark>
              <Placemark>
                <name>Telemetry 24</name>
                <styleUrl>#modifiedtelemetry</styleUrl>
                <TimeSpan>
                  <begin>2026-10-02T17:04:46.556998+00:00</begin>
                  <end>2026-10-02T17:04:47.556998+00:00</end>
                </TimeSpan>
                <Point>
                  <coordinates>8.522235729465857,47.37232699608074,0</coordinates>
                </Point>
              </Placemark>
              <Placemark>
                <name>Telemetry 25</name>
                <styleUrl>#modifiedtelemetry</styleUrl>
                <TimeSpan>
                  <begin>2026-10-02T17:04:47.556998+00:00</begin>
                  <end>2026-10-02T17:04:48.556998+00:00</end>
                </TimeSpan>
                <Point>
                  <coordinates>8.522186433679055,47.37236194112542,0</coordinates>
                </Point>
              </Placemark>
              <Placemark>
                <name>Telemetry 26</name>
                <styleUrl>#modifiedtelemetry</styleUrl>
                <TimeSpan>
                  <begin>2026-10-02T17:04:48.556998+00:00</begin>
                  <end>2026-10-02T17:04:49.556998+00:00</end>
                </TimeSpan>
                <Point>
                  <coordinates>8.522137137892253,47.37239688617011,0</coordinates>
                </Point>
              </Placemark>
              <Placemark>
                <name>Telemetry 27</name>
                <styleUrl>#modifiedtelemetry</styleUrl>
                <TimeSpan>
                  <begin>2026-10-02T17:04:49.556998+00:00</begin>
                  <end>2026-10-02T17:04:50.556998+00:00</end>
                </TimeSpan>
                <Point>
                  <coordinates>8.522087838468211,47.37243182886079,0</coordinates>
                </Point>
              </Placemark>
              <Placemark>
                <name>Telemetry 28</name>
                <styleUrl>#modifiedtelemetry</styleUrl>
                <TimeSpan>
                  <begin>2026-10-02T17:04:50.556998+00:00</begin>
                  <end>2026-10-02T17:04:51.556998+00:00</end>
                </TimeSpan>
                <Point>
                  <coordinates>8.522032112466293,47.37247131013179,0</coordinates>
                </Point>
              </Placemark>
              <Placemark>
                <name>Telemetry 29</name>
                <styleUrl>#modifiedtelemetry</styleUrl>
                <TimeSpan>
                  <begin>2026-10-02T17:04:51.556998+00:00</begin>
                  <end>2026-10-02T17:04:52.556998+00:00</end>
                </TimeSpan>
                <Point>
                  <coordinates>8.521976386464376,47.37251079140279,0</coordinates>
                </Point>
              </Placemark>
              <Placemark>
                <name>Telemetry 30</name>
                <styleUrl>#modifiedtelemetry</styleUrl>
                <TimeSpan>
                  <begin>2026-10-02T17:04:52.556998+00:00</begin>
                  <end>2026-10-02T17:04:53.556998+00:00</end>
                </TimeSpan>
                <Point>
                  <coordinates>8.521920660462458,47.37255027267379,0</coordinates>
                </Point>
              </Placemark>
              <Placemark>
                <name>Telemetry 31</name>
                <styleUrl>#modifiedtelemetry</styleUrl>
                <TimeSpan>
                  <begin>2026-10-02T17:04:53.556998+00:00</begin>
                  <end>2026-10-02T17:04:54.556998+00:00</end>
                </TimeSpan>
                <Point>
                  <coordinates>8.521864934460542,47.37258975394479,0</coordinates>
                </Point>
              </Placemark>
              <Placemark>
                <name>Telemetry 32</name>
                <styleUrl>#modifiedtelemetry</styleUrl>
                <TimeSpan>
                  <begin>2026-10-02T17:04:54.556998+00:00</begin>
                  <end>2026-10-02T17:04:55.556998+00:00</end>
                </TimeSpan>
                <Point>
                  <coordinates>8.521809208458624,47.37262923521579,0</coordinates>
                </Point>
              </Placemark>
              <Placemark>
                <name>Telemetry 33</name>
                <styleUrl>#modifiedtelemetry</styleUrl>
                <TimeSpan>
                  <begin>2026-10-02T17:04:55.556998+00:00</begin>
                  <end>2026-10-02T17:04:56.556998+00:00</end>
                </TimeSpan>
                <Point>
                  <coordinates>8.521753482456708,47.372668716486785,0</coordinates>
                </Point>
              </Placemark>
              <Placemark>
                <name>Telemetry 34</name>
                <styleUrl>#modifiedtelemetry</styleUrl>
                <TimeSpan>
                  <begin>2026-10-02T17:04:56.556998+00:00</begin>
                  <end>2026-10-02T17:04:57.556998+00:00</end>
                </TimeSpan>
                <Point>
                  <coordinates>8.521697756454788,47.37270819775779,0</coordinates>
                </Point>
              </Placemark>
              <Placemark>
                <name>Telemetry 35</name>
                <styleUrl>#modifiedtelemetry</styleUrl>
                <TimeSpan>
                  <begin>2026-10-02T17:04:57.556998+00:00</begin>
                  <end>2026-10-02T17:04:58.556998+00:00</end>
                </TimeSpan>
                <Point>
                  <coordinates>8.52164203045287,47.372747679028784,0</coordinates>
                </Point>
              </Placemark>
              <Placemark>
                <name>Telemetry 36</name>
                <styleUrl>#modifiedtelemetry</styleUrl>
                <TimeSpan>
                  <begin>2026-10-02T17:04:58.556998+00:00</begin>
                  <end>2026-10-02T17:04:59.556998+00:00</end>
                </TimeSpan>
                <Point>
                  <coordinates>8.521586304450953,47.37278716029979,0</coordinates>
                </Point>
              </Placemark>
              <Placemark>
                <name>Telemetry 37</name>
                <styleUrl>#modifiedtelemetry</styleUrl>
                <TimeSpan>
                  <begin>2026-10-02T17:04:59.556998+00:00</begin>
                  <end>2026-10-02T17:05:00.556998+00:00</end>
                </TimeSpan>
                <Point>
                  <coordinates>8.521530578449035,47.37282664157078,0</coordinates>
                </Point>
              </Placemark>
              <Placemark>
                <name>Telemetry 38</name>
                <styleUrl>#modifiedtelemetry</styleUrl>
                <TimeSpan>
                  <begin>2026-10-02T17:05:00.556998+00:00</begin>
                  <end>2026-10-02T17:05:01.556998+00:00</end>
                </TimeSpan>
                <Point>
                  <coordinates>8.521474852447117,47.372866122841785,0</coordinates>
                </Point>
              </Placemark>
              <Placemark>
                <name>Telemetry 39</name>
                <styleUrl>#modifiedtelemetry</styleUrl>
                <TimeSpan>
                  <begin>2026-10-02T17:05:01.556998+00:00</begin>
                  <end>2026-10-02T17:05:02.556998+00:00</end>
                </TimeSpan>
                <Point>
                  <coordinates>8.5214191264452,47.37290560411278,0</coordinates>
                </Point>
              </Placemark>
              <Placemark>
                <name>Telemetry 40</name>
                <styleUrl>#modifiedtelemetry</styleUrl>
                <TimeSpan>
                  <begin>2026-10-02T17:05:02.556998+00:00</begin>
                  <end>2026-10-02T17:05:03.556998+00:00</end>
                </TimeSpan>
                <Point>
                  <coordinates>8.521363400443283,47.37294508538378,0</coordinates>
                </Point>
              </Placemark>
              <Placemark>
                <name>Telemetry 41</name>
                <styleUrl>#modifiedtelemetry</styleUrl>
                <TimeSpan>
                  <begin>2026-10-02T17:05:03.556998+00:00</begin>
                  <end>2026-10-02T17:05:04.556998+00:00</end>
                </TimeSpan>
                <Point>
                  <coordinates>8.521307674441365,47.37298456665478,0</coordinates>
                </Point>
              </Placemark>
              <Placemark>
                <name>Telemetry 42</name>
                <styleUrl>#modifiedtelemetry</styleUrl>
                <TimeSpan>
                  <begin>2026-10-02T17:05:04.556998+00:00</begin>
                  <end>2026-10-02T17:05:05.556998+00:00</end>
                </TimeSpan>
                <Point>
                  <coordinates>8.521251948439447,47.37302404792578,0</coordinates>
                </Point>
              </Placemark>
              <Placemark>
                <name>Telemetry 43</name>
                <styleUrl>#modifiedtelemetry</styleUrl>
                <TimeSpan>
                  <begin>2026-10-02T17:05:05.556998+00:00</begin>
                  <end>2026-10-02T17:05:06.556998+00:00</end>
                </TimeSpan>
                <Point>
                  <coordinates>8.52119622243753,47.37306352919678,0</coordinates>
                </Point>
              </Placemark>
              <Placemark>
                <name>Telemetry 44</name>
                <styleUrl>#modifiedtelemetry</styleUrl>
                <TimeSpan>
                  <begin>2026-10-02T17:05:06.556998+00:00</begin>
                  <end>2026-10-02T17:05:07.556998+00:00</end>
                </TimeSpan>
                <Point>
                  <coordinates>8.521140496435612,47.37310301046778,0</coordinates>
                </Point>
              </Placemark>
              <Placemark>
                <name>Telemetry 45</name>
                <styleUrl>#modifiedtelemetry</styleUrl>
                <TimeSpan>
                  <begin>2026-10-02T17:05:07.556998+00:00</begin>
                  <end>2026-10-02T17:05:08.556998+00:00</end>
                </TimeSpan>
                <Point>
                  <coordinates>8.521084770433694,47.373142491738776,0</coordinates>
                </Point>
              </Placemark>
              <Placemark>
                <name>Telemetry 46</name>
                <styleUrl>#modifiedtelemetry</styleUrl>
                <TimeSpan>
                  <begin>2026-10-02T17:05:08.556998+00:00</begin>
                  <end>2026-10-02T17:05:09.556998+00:00</end>
                </TimeSpan>
                <Point>
                  <coordinates>8.521029997240193,47.37318257084312,0</coordinates>
                </Point>
              </Placemark>
              <Placemark>
                <name>Telemetry 47</name>
                <styleUrl>#modifiedtelemetry</styleUrl>
                <TimeSpan>
                  <begin>2026-10-02T17:05:09.556998+00:00</begin>
                  <end>2026-10-02T17:05:10.556998+00:00</end>
                </TimeSpan>
                <Point>
                  <coordinates>8.520963533997929,47.37323270220549,0</coordinates>
                </Point>
              </Placemark>
              <Placemark>
                <name>Telemetry 48</name>
                <styleUrl>#modifiedtelemetry</styleUrl>
                <TimeSpan>
                  <begin>2026-10-02T17:05:10.556998+00:00</begin>
                  <end>2026-10-02T17:05:11.556998+00:00</end>
                </TimeSpan>
                <Point>
                  <coordinates>8.520897070755662,47.37328283356786,0</coordinates>
                </Point>
              </Placemark>
              <Placemark>
                <name>Telemetry 49</name>
                <styleUrl>#modifiedtelemetry</styleUrl>
                <TimeSpan>
                  <begin>2026-10-02T17:05:11.556998+00:00</begin>
                  <end>2026-10-02T17:05:12.556998+00:00</end>
                </TimeSpan>
                <Point>
                  <coordinates>8.520830607513398,47.37333296493023,0</coordinates>
                </Point>
              </Placemark>
              <Placemark>
                <name>Telemetry 50</name>
                <styleUrl>#modifiedtelemetry</styleUrl>
                <TimeSpan>
                  <begin>2026-10-02T17:05:12.556998+00:00</begin>
                  <end>2026-10-02T17:05:13.556998+00:00</end>
                </TimeSpan>
                <Point>
                  <coordinates>8.520764144271133,47.3733830962926,0</coordinates>
                </Point>
              </Placemark>
              <Placemark>
                <name>Telemetry 51</name>
                <styleUrl>#modifiedtelemetry</styleUrl>
                <TimeSpan>
                  <begin>2026-10-02T17:05:13.556998+00:00</begin>
                  <end>2026-10-02T17:05:14.556998+00:00</end>
                </TimeSpan>
                <Point>
                  <coordinates>8.520697681028867,47.37343322765497,0</coordinates>
                </Point>
              </Placemark>
              <Placemark>
                <name>Telemetry 52</name>
                <styleUrl>#modifiedtelemetry</styleUrl>
                <TimeSpan>
                  <begin>2026-10-02T17:05:14.556998+00:00</begin>
                  <end>2026-10-02T17:05:15.556998+00:00</end>
                </TimeSpan>
                <Point>
                  <coordinates>8.520631217786603,47.373483359017335,0</coordinates>
                </Point>
              </Placemark>
              <Placemark>
                <name>Telemetry 53</name>
                <styleUrl>#modifiedtelemetry</styleUrl>
                <TimeSpan>
                  <begin>2026-10-02T17:05:15.556998+00:00</begin>
                  <end>2026-10-02T17:05:16.556998+00:00</end>
                </TimeSpan>
                <Point>
                  <coordinates>8.520564754544338,47.37353349037971,0</coordinates>
                </Point>
              </Placemark>
              <Placemark>
                <name>Telemetry 54</name>
                <styleUrl>#modifiedtelemetry</styleUrl>
                <TimeSpan>
                  <begin>2026-10-02T17:05:16.556998+00:00</begin>
                  <end>2026-10-02T17:05:17.556998+00:00</end>
                </TimeSpan>
                <Point>
                  <coordinates>8.520498291302074,47.37358362174207,0</coordinates>
                </Point>
              </Placemark>
              <Placemark>
                <name>Telemetry 55</name>
                <styleUrl>#modifiedtelemetry</styleUrl>
                <TimeSpan>
                  <begin>2026-10-02T17:05:17.556998+00:00</begin>
                  <end>2026-10-02T17:05:18.556998+00:00</end>
                </TimeSpan>
                <Point>
                  <coordinates>8.520431828059808,47.37363375310444,0</coordinates>
                </Point>
              </Placemark>
              <Placemark>
                <name>Telemetry 56</name>
                <styleUrl>#modifiedtelemetry</styleUrl>
                <TimeSpan>
                  <begin>2026-10-02T17:05:18.556998+00:00</begin>
                  <end>2026-10-02T17:05:19.556998+00:00</end>
                </TimeSpan>
                <Point>
                  <coordinates>8.520365364817543,47.373683884466814,0</coordinates>
                </Point>
              </Placemark>
              <Placemark>
                <name>Telemetry 57</name>
                <styleUrl>#modifiedtelemetry</styleUrl>
                <TimeSpan>
                  <begin>2026-10-02T17:05:19.556998+00:00</begin>
                  <end>2026-10-02T17:05:20.556998+00:00</end>
                </TimeSpan>
                <Point>
                  <coordinates>8.520303903282091,47.37373680594896,0</coordinates>
                </Point>
              </Placemark>
              <Placemark>
                <name>Telemetry 58</name>
                <styleUrl>#modifiedtelemetry</styleUrl>
                <TimeSpan>
                  <begin>2026-10-02T17:05:20.556998+00:00</begin>
                  <end>2026-10-02T17:05:21.556998+00:00</end>
                </TimeSpan>
                <Point>
                  <coordinates>8.520235595452737,47.373798117289056,0</coordinates>
                </Point>
              </Placemark>
              <Placemark>
                <name>Telemetry 59</name>
                <styleUrl>#modifiedtelemetry</styleUrl>
                <TimeSpan>
                  <begin>2026-10-02T17:05:21.556998+00:00</begin>
                  <end>2026-10-02T17:05:22.556998+00:00</end>
                </TimeSpan>
                <Point>
                  <coordinates>8.520167287623382,47.373859428629146,0</coordinates>
                </Point>
              </Placemark>
              <Placemark>
                <name>Telemetry 60</name>
                <styleUrl>#modifiedtelemetry</styleUrl>
                <TimeSpan>
                  <begin>2026-10-02T17:05:22.556998+00:00</begin>
                  <end>2026-10-02T17:05:23.556998+00:00</end>
                </TimeSpan>
                <Point>
                  <coordinates>8.520098979794028,47.37392073996924,0</coordinates>
                </Point>
              </Placemark>
              <Placemark>
                <name>Telemetry 61</name>
                <styleUrl>#modifiedtelemetry</styleUrl>
                <TimeSpan>
                  <begin>2026-10-02T17:05:23.556998+00:00</begin>
                  <end>2026-10-02T17:05:24.556998+00:00</end>
                </TimeSpan>
                <Point>
                  <coordinates>8.520030671964673,47.37398205130934,0</coordinates>
                </Point>
              </Placemark>
              <Placemark>
                <name>Telemetry 62</name>
                <styleUrl>#modifiedtelemetry</styleUrl>
                <TimeSpan>
                  <begin>2026-10-02T17:05:24.556998+00:00</begin>
                  <end>2026-10-02T17:05:25.556998+00:00</end>
                </TimeSpan>
                <Point>
                  <coordinates>8.519962364135319,47.37404336264943,0</coordinates>
                </Point>
              </Placemark>
              <Placemark>
                <name>Telemetry 63</name>
                <styleUrl>#modifiedtelemetry</styleUrl>
                <TimeSpan>
                  <begin>2026-10-02T17:05:25.556998+00:00</begin>
                  <end>2026-10-02T17:05:26.556998+00:00</end>
                </TimeSpan>
                <Point>
                  <coordinates>8.519895098918301,47.374105167193115,0</coordinates>
                </Point>
              </Placemark>
            </Folder>
          </Folder>
        </Folder>
        <Folder>
          <name>Service Provider polling</name>
        </Folder>
        <Folder>
          <name>Service Provider polling</name>
        </Folder>
        <Folder>
          <name>Service Provider polling</name>
        </Folder>
        <Folder>
          <name>Service Provider polling</name>
        </Folder>
        <Folder>
          <name>Service Provider polling</name>
        </Folder>
        <Folder>
          <name>Verify operator notification</name>
        </Folder>
        <Folder>
          <name>Intermediate cleanup</name>
        </Folder>
        <Folder>
          <name>Retrieve pre-existing operator notification</name>
        </Folder>
        <Folder>
          <name>Injection</name>
          <Folder>
            <name>E24: uss1 interuss.automated_testing.rid.v1.injection.createTest</name>
            <Folder>
              <name>Test flight 6e2b3cb5-3d56-4345-bfad-41e960031b00</name>
              <Placemark>
                <name>Telemetry 0</name>
                <styleUrl>#modifiedtelemetry</styleUrl>
                <TimeSpan>
                  <begin>2026-10-02T17:04:33.148751+00:00</begin>
                  <end>2026-10-02T17:04:34.148751+00:00</end>
                </TimeSpan>
                <Point>
                  <coordinates>8.523321827032547,47.3715045208158,0</coordinates>
                </Point>
              </Placemark>
              <Placemark>
                <name>Telemetry 1</name>
                <styleUrl>#modifiedtelemetry</styleUrl>
                <TimeSpan>
                  <begin>2026-10-02T17:04:34.148751+00:00</begin>
                  <end>2026-10-02T17:04:35.148751+00:00</end>
                </TimeSpan>
                <Point>
                  <coordinates>8.523282890548819,47.371540881223694,0</coordinates>
                </Point>
              </Placemark>
              <Placemark>
                <name>Telemetry 2</name>
                <styleUrl>#modifiedtelemetry</styleUrl>
                <TimeSpan>
                  <begin>2026-10-02T17:04:35.148751+00:00</begin>
                  <end>2026-10-02T17:04:36.148751+00:00</end>
                </TimeSpan>
                <Point>
                  <coordinates>8.52324395406509,47.37157724163159,0</coordinates>
                </Point>
              </Placemark>
              <Placemark>
                <name>Telemetry 3</name>
                <styleUrl>#modifiedtelemetry</styleUrl>
                <TimeSpan>
                  <begin>2026-10-02T17:04:36.148751+00:00</begin>
                  <end>2026-10-02T17:04:37.148751+00:00</end>
                </TimeSpan>
                <Point>
                  <coordinates>8.523205017581365,47.37161360203949,0</coordinates>
                </Point>
              </Placemark>
              <Placemark>
                <name>Telemetry 4</name>
                <styleUrl>#modifiedtelemetry</styleUrl>
                <TimeSpan>
                  <begin>2026-10-02T17:04:37.148751+00:00</begin>
                  <end>2026-10-02T17:04:38.148751+00:00</end>
                </TimeSpan>
                <Point>
                  <coordinates>8.523166081097637,47.371649962447385,0</coordinates>
                </Point>
              </Placemark>
              <Placemark>
                <name>Telemetry 5</name>
                <styleUrl>#modifiedtelemetry</styleUrl>
                <TimeSpan>
                  <begin>2026-10-02T17:04:38.148751+00:00</begin>
                  <end>2026-10-02T17:04:39.148751+00:00</end>
                </TimeSpan>
                <Point>
                  <coordinates>8.523118769605144,47.37168134446735,0</coordinates>
                </Point>
              </Placemark>
              <Placemark>
                <name>Telemetry 6</name>
                <styleUrl>#modifiedtelemetry</styleUrl>
                <TimeSpan>
                  <begin>2026-10-02T17:04:39.148751+00:00</begin>
                  <end>2026-10-02T17:04:40.148751+00:00</end>
                </TimeSpan>
                <Point>
                  <coordinates>8.523070583658326,47.37171220668214,0</coordinates>
                </Point>
              </Placemark>
              <Placemark>
                <name>Telemetry 7</name>
                <styleUrl>#modifiedtelemetry</styleUrl>
                <TimeSpan>
                  <begin>2026-10-02T17:04:40.148751+00:00</begin>
                  <end>2026-10-02T17:04:41.148751+00:00</end>
                </TimeSpan>
                <Point>
                  <coordinates>8.523022397711506,47.371743068896926,0</coordinates>
                </Point>
              </Placemark>
              <Placemark>
                <name>Telemetry 8</name>
                <styleUrl>#modifiedtelemetry</styleUrl>
                <TimeSpan>
                  <begin>2026-10-02T17:04:41.148751+00:00</begin>
                  <end>2026-10-02T17:04:42.148751+00:00</end>
                </TimeSpan>
                <Point>
                  <coordinates>8.5229757392881,47.371774910132885,0</coordinates>
                </Point>
              </Placemark>
              <Placemark>
                <name>Telemetry 9</name>
                <styleUrl>#modifiedtelemetry</styleUrl>
                <TimeSpan>
                  <begin>2026-10-02T17:04:42.148751+00:00</begin>
                  <end>2026-10-02T17:04:43.148751+00:00</end>
                </TimeSpan>
                <Point>
                  <coordinates>8.522932891599606,47.371809193747204,0</coordinates>
                </Point>
              </Placemark>
              <Placemark>
                <name>Telemetry 10</name>
                <styleUrl>#modifiedtelemetry</styleUrl>
                <TimeSpan>
                  <begin>2026-10-02T17:04:43.148751+00:00</begin>
                  <end>2026-10-02T17:04:44.148751+00:00</end>
                </TimeSpan>
                <Point>
                  <coordinates>8.522890043911113,47.37184347736152,0</coordinates>
                </Point>
              </Placemark>
              <Placemark>
                <name>Telemetry 11</name>
                <styleUrl>#modifiedtelemetry</styleUrl>
                <TimeSpan>
                  <begin>2026-10-02T17:04:44.148751+00:00</begin>
                  <end>2026-10-02T17:04:45.148751+00:00</end>
                </TimeSpan>
                <Point>
                  <coordinates>8.52284719622262,47.37187776097584,0</coordinates>
                </Point>
              </Placemark>
              <Placemark>
                <name>Telemetry 12</name>
                <styleUrl>#modifiedtelemetry</styleUrl>
                <TimeSpan>
                  <begin>2026-10-02T17:04:45.148751+00:00</begin>
                  <end>2026-10-02T17:04:46.148751+00:00</end>
                </TimeSpan>
                <Point>
                  <coordinates>8.522804348534127,47.37191204459016,0</coordinates>
                </Point>
              </Placemark>
              <Placemark>
                <name>Telemetry 13</name>
                <styleUrl>#modifiedtelemetry</styleUrl>
                <TimeSpan>
                  <begin>2026-10-02T17:04:46.148751+00:00</begin>
                  <end>2026-10-02T17:04:47.148751+00:00</end>
                </TimeSpan>
                <Point>
                  <coordinates>8.522761500845634,47.37194632820448,0</coordinates>
                </Point>
              </Placemark>
              <Placemark>
                <name>Telemetry 14</name>
                <styleUrl>#modifiedtelemetry</styleUrl>
                <TimeSpan>
                  <begin>2026-10-02T17:04:47.148751+00:00</begin>
                  <end>2026-10-02T17:04:48.148751+00:00</end>
                </TimeSpan>
                <Point>
                  <coordinates>8.522718653157142,47.371980611818806,0</coordinates>
                </Point>
              </Placemark>
              <Placemark>
                <name>Telemetry 15</name>
                <styleUrl>#modifiedtelemetry</styleUrl>
                <TimeSpan>
                  <begin>2026-10-02T17:04:48.148751+00:00</begin>
                  <end>2026-10-02T17:04:49.148751+00:00</end>
                </TimeSpan>
                <Point>
                  <coordinates>8.522675805468648,47.372014895433125,0</coordinates>
                </Point>
              </Placemark>
              <Placemark>
                <name>Telemetry 16</name>
                <styleUrl>#modifiedtelemetry</styleUrl>
                <TimeSpan>
                  <begin>2026-10-02T17:04:49.148751+00:00</begin>
                  <end>2026-10-02T17:04:50.148751+00:00</end>
                </TimeSpan>
                <Point>
                  <coordinates>8.522630095760274,47.37204743572325,0</coordinates>
                </Point>
              </Placemark>
              <Placemark>
                <name>Telemetry 17</name>
                <styleUrl>#modifiedtelemetry</styleUrl>
                <TimeSpan>
                  <begin>2026-10-02T17:04:50.148751+00:00</begin>
                  <end>2026-10-02T17:04:51.148751+00:00</end>
                </TimeSpan>
                <Point>
                  <coordinates>8.522580799973472,47.372082380767935,0</coordinates>
                </Point>
              </Placemark>
              <Placemark>
                <name>Telemetry 18</name>
                <styleUrl>#modifiedtelemetry</styleUrl>
                <TimeSpan>
                  <begin>2026-10-02T17:04:51.148751+00:00</begin>
                  <end>2026-10-02T17:04:52.148751+00:00</end>
                </TimeSpan>
                <Point>
                  <coordinates>8.52253150418667,47.372117325812624,0</coordinates>
                </Point>
              </Placemark>
              <Placemark>
                <name>Telemetry 19</name>
                <styleUrl>#modifiedtelemetry</styleUrl>
                <TimeSpan>
                  <begin>2026-10-02T17:04:52.148751+00:00</begin>
                  <end>2026-10-02T17:04:53.148751+00:00</end>
                </TimeSpan>
                <Point>
                  <coordinates>8.52248220839987,47.372152270857306,0</coordinates>
                </Point>
              </Placemark>
              <Placemark>
                <name>Telemetry 20</name>
                <styleUrl>#modifiedtelemetry</styleUrl>
                <TimeSpan>
                  <begin>2026-10-02T17:04:53.148751+00:00</begin>
                  <end>2026-10-02T17:04:54.148751+00:00</end>
                </TimeSpan>
                <Point>
                  <coordinates>8.522432912613064,47.372187215901995,0</coordinates>
                </Point>
              </Placemark>
              <Placemark>
                <name>Telemetry 21</name>
                <styleUrl>#modifiedtelemetry</styleUrl>
                <TimeSpan>
                  <begin>2026-10-02T17:04:54.148751+00:00</begin>
                  <end>2026-10-02T17:04:55.148751+00:00</end>
                </TimeSpan>
                <Point>
                  <coordinates>8.522383616826263,47.37222216094668,0</coordinates>
                </Point>
              </Placemark>
              <Placemark>
                <name>Telemetry 22</name>
                <styleUrl>#modifiedtelemetry</styleUrl>
                <TimeSpan>
                  <begin>2026-10-02T17:04:55.148751+00:00</begin>
                  <end>2026-10-02T17:04:56.148751+00:00</end>
                </TimeSpan>
                <Point>
                  <coordinates>8.52233432103946,47.372257105991366,0</coordinates>
                </Point>
              </Placemark>
              <Placemark>
                <name>Telemetry 23</name>
                <styleUrl>#modifiedtelemetry</styleUrl>
                <TimeSpan>
                  <begin>2026-10-02T17:04:56.148751+00:00</begin>
                  <end>2026-10-02T17:04:57.148751+00:00</end>
                </TimeSpan>
                <Point>
                  <coordinates>8.52228502525266,47.37229205103605,0</coordinates>
                </Point>
              </Placemark>
              <Placemark>
                <name>Telemetry 24</name>
                <styleUrl>#modifiedtelemetry</styleUrl>
                <TimeSpan>
                  <begin>2026-10-02T17:04:57.148751+00:00</begin>
                  <end>2026-10-02T17:04:58.148751+00:00</end>
                </TimeSpan>
                <Point>
                  <coordinates>8.522235729465857,47.37232699608074,0</coordinates>
                </Point>
              </Placemark>
              <Placemark>
                <name>Telemetry 25</name>
                <styleUrl>#modifiedtelemetry</styleUrl>
                <TimeSpan>
                  <begin>2026-10-02T17:04:58.148751+00:00</begin>
                  <end>2026-10-02T17:04:59.148751+00:00</end>
                </TimeSpan>
                <Point>
                  <coordinates>8.522186433679055,47.37236194112542,0</coordinates>
                </Point>
              </Placemark>
              <Placemark>
                <name>Telemetry 26</name>
                <styleUrl>#modifiedtelemetry</styleUrl>
                <TimeSpan>
                  <begin>2026-10-02T17:04:59.148751+00:00</begin>
                  <end>2026-10-02T17:05:00.148751+00:00</end>
                </TimeSpan>
                <Point>
                  <coordinates>8.522137137892253,47.37239688617011,0</coordinates>
                </Point>
              </Placemark>
              <Placemark>
                <name>Telemetry 27</name>
                <styleUrl>#modifiedtelemetry</styleUrl>
                <TimeSpan>
                  <begin>2026-10-02T17:05:00.148751+00:00</begin>
                  <end>2026-10-02T17:05:01.148751+00:00</end>
                </TimeSpan>
                <Point>
                  <coordinates>8.522087838468211,47.37243182886079,0</coordinates>
                </Point>
              </Placemark>
              <Placemark>
                <name>Telemetry 28</name>
                <styleUrl>#modifiedtelemetry</styleUrl>
                <TimeSpan>
                  <begin>2026-10-02T17:05:01.148751+00:00</begin>
                  <end>2026-10-02T17:05:02.148751+00:00</end>
                </TimeSpan>
                <Point>
                  <coordinates>8.522032112466293,47.37247131013179,0</coordinates>
                </Point>
              </Placemark>
              <Placemark>
                <name>Telemetry 29</name>
                <styleUrl>#modifiedtelemetry</styleUrl>
                <TimeSpan>
                  <begin>2026-10-02T17:05:02.148751+00:00</begin>
                  <end>2026-10-02T17:05:03.148751+00:00</end>
                </TimeSpan>
                <Point>
                  <coordinates>8.521976386464376,47.37251079140279,0</coordinates>
                </Point>
              </Placemark>
              <Placemark>
                <name>Telemetry 30</name>
                <styleUrl>#modifiedtelemetry</styleUrl>
                <TimeSpan>
                  <begin>2026-10-02T17:05:03.148751+00:00</begin>
                  <end>2026-10-02T17:05:04.148751+00:00</end>
                </TimeSpan>
                <Point>
                  <coordinates>8.521920660462458,47.37255027267379,0</coordinates>
                </Point>
              </Placemark>
              <Placemark>
                <name>Telemetry 31</name>
                <styleUrl>#modifiedtelemetry</styleUrl>
                <TimeSpan>
                  <begin>2026-10-02T17:05:04.148751+00:00</begin>
                  <end>2026-10-02T17:05:05.148751+00:00</end>
                </TimeSpan>
                <Point>
                  <coordinates>8.521864934460542,47.37258975394479,0</coordinates>
                </Point>
              </Placemark>
              <Placemark>
                <name>Telemetry 32</name>
                <styleUrl>#modifiedtelemetry</styleUrl>
                <TimeSpan>
                  <begin>2026-10-02T17:05:05.148751+00:00</begin>
                  <end>2026-10-02T17:05:06.148751+00:00</end>
                </TimeSpan>
                <Point>
                  <coordinates>8.521809208458624,47.37262923521579,0</coordinates>
                </Point>
              </Placemark>
              <Placemark>
                <name>Telemetry 33</name>
                <styleUrl>#modifiedtelemetry</styleUrl>
                <TimeSpan>
                  <begin>2026-10-02T17:05:06.148751+00:00</begin>
                  <end>2026-10-02T17:05:07.148751+00:00</end>
                </TimeSpan>
                <Point>
                  <coordinates>8.521753482456708,47.372668716486785,0</coordinates>
                </Point>
              </Placemark>
              <Placemark>
                <name>Telemetry 34</name>
                <styleUrl>#modifiedtelemetry</styleUrl>
                <TimeSpan>
                  <begin>2026-10-02T17:05:07.148751+00:00</begin>
                  <end>2026-10-02T17:05:08.148751+00:00</end>
                </TimeSpan>
                <Point>
                  <coordinates>8.521697756454788,47.37270819775779,0</coordinates>
                </Point>
              </Placemark>
              <Placemark>
                <name>Telemetry 35</name>
                <styleUrl>#modifiedtelemetry</styleUrl>
                <TimeSpan>
                  <begin>2026-10-02T17:05:08.148751+00:00</begin>
                  <end>2026-10-02T17:05:09.148751+00:00</end>
                </TimeSpan>
                <Point>
                  <coordinates>8.52164203045287,47.372747679028784,0</coordinates>
                </Point>
              </Placemark>
              <Placemark>
                <name>Telemetry 36</name>
                <styleUrl>#modifiedtelemetry</styleUrl>
                <TimeSpan>
                  <begin>2026-10-02T17:05:09.148751+00:00</begin>
                  <end>2026-10-02T17:05:10.148751+00:00</end>
                </TimeSpan>
                <Point>
                  <coordinates>8.521586304450953,47.37278716029979,0</coordinates>
                </Point>
              </Placemark>
              <Placemark>
                <name>Telemetry 37</name>
                <styleUrl>#modifiedtelemetry</styleUrl>
                <TimeSpan>
                  <begin>2026-10-02T17:05:10.148751+00:00</begin>
                  <end>2026-10-02T17:05:11.148751+00:00</end>
                </TimeSpan>
                <Point>
                  <coordinates>8.521530578449035,47.37282664157078,0</coordinates>
                </Point>
              </Placemark>
              <Placemark>
                <name>Telemetry 38</name>
                <styleUrl>#modifiedtelemetry</styleUrl>
                <TimeSpan>
                  <begin>2026-10-02T17:05:11.148751+00:00</begin>
                  <end>2026-10-02T17:05:12.148751+00:00</end>
                </TimeSpan>
                <Point>
                  <coordinates>8.521474852447117,47.372866122841785,0</coordinates>
                </Point>
              </Placemark>
              <Placemark>
                <name>Telemetry 39</name>
                <styleUrl>#modifiedtelemetry</styleUrl>
                <TimeSpan>
                  <begin>2026-10-02T17:05:12.148751+00:00</begin>
                  <end>2026-10-02T17:05:13.148751+00:00</end>
                </TimeSpan>
                <Point>
                  <coordinates>8.5214191264452,47.37290560411278,0</coordinates>
                </Point>
              </Placemark>
              <Placemark>
                <name>Telemetry 40</name>
                <styleUrl>#modifiedtelemetry</styleUrl>
                <TimeSpan>
                  <begin>2026-10-02T17:05:13.148751+00:00</begin>
                  <end>2026-10-02T17:05:14.148751+00:00</end>
                </TimeSpan>
                <Point>
                  <coordinates>8.521363400443283,47.37294508538378,0</coordinates>
                </Point>
              </Placemark>
              <Placemark>
                <name>Telemetry 41</name>
                <styleUrl>#modifiedtelemetry</styleUrl>
                <TimeSpan>
                  <begin>2026-10-02T17:05:14.148751+00:00</begin>
                  <end>2026-10-02T17:05:15.148751+00:00</end>
                </TimeSpan>
                <Point>
                  <coordinates>8.521307674441365,47.37298456665478,0</coordinates>
                </Point>
              </Placemark>
              <Placemark>
                <name>Telemetry 42</name>
                <styleUrl>#modifiedtelemetry</styleUrl>
                <TimeSpan>
                  <begin>2026-10-02T17:05:15.148751+00:00</begin>
                  <end>2026-10-02T17:05:16.148751+00:00</end>
                </TimeSpan>
                <Point>
                  <coordinates>8.521251948439447,47.37302404792578,0</coordinates>
                </Point>
              </Placemark>
              <Placemark>
                <name>Telemetry 43</name>
                <styleUrl>#modifiedtelemetry</styleUrl>
                <TimeSpan>
                  <begin>2026-10-02T17:05:16.148751+00:00</begin>
                  <end>2026-10-02T17:05:17.148751+00:00</end>
                </TimeSpan>
                <Point>
                  <coordinates>8.52119622243753,47.37306352919678,0</coordinates>
                </Point>
              </Placemark>
              <Placemark>
                <name>Telemetry 44</name>
                <styleUrl>#modifiedtelemetry</styleUrl>
                <TimeSpan>
                  <begin>2026-10-02T17:05:17.148751+00:00</begin>
                  <end>2026-10-02T17:05:18.148751+00:00</end>
                </TimeSpan>
                <Point>
                  <coordinates>8.521140496435612,47.37310301046778,0</coordinates>
                </Point>
              </Placemark>
              <Placemark>
                <name>Telemetry 45</name>
                <styleUrl>#modifiedtelemetry</styleUrl>
                <TimeSpan>
                  <begin>2026-10-02T17:05:18.148751+00:00</begin>
                  <end>2026-10-02T17:05:19.148751+00:00</end>
                </TimeSpan>
                <Point>
                  <coordinates>8.521084770433694,47.373142491738776,0</coordinates>
                </Point>
              </Placemark>
              <Placemark>
                <name>Telemetry 46</name>
                <styleUrl>#modifiedtelemetry</styleUrl>
                <TimeSpan>
                  <begin>2026-10-02T17:05:19.148751+00:00</begin>
                  <end>2026-10-02T17:05:20.148751+00:00</end>
                </TimeSpan>
                <Point>
                  <coordinates>8.521029997240193,47.37318257084312,0</coordinates>
                </Point>
              </Placemark>
              <Placemark>
                <name>Telemetry 47</name>
                <styleUrl>#modifiedtelemetry</styleUrl>
                <TimeSpan>
                  <begin>2026-10-02T17:05:20.148751+00:00</begin>
                  <end>2026-10-02T17:05:21.148751+00:00</end>
                </TimeSpan>
                <Point>
                  <coordinates>8.520963533997929,47.37323270220549,0</coordinates>
                </Point>
              </Placemark>
              <Placemark>
                <name>Telemetry 48</name>
                <styleUrl>#modifiedtelemetry</styleUrl>
                <TimeSpan>
                  <begin>2026-10-02T17:05:21.148751+00:00</begin>
                  <end>2026-10-02T17:05:22.148751+00:00</end>
                </TimeSpan>
                <Point>
                  <coordinates>8.520897070755662,47.37328283356786,0</coordinates>
                </Point>
              </Placemark>
              <Placemark>
                <name>Telemetry 49</name>
                <styleUrl>#modifiedtelemetry</styleUrl>
                <TimeSpan>
                  <begin>2026-10-02T17:05:22.148751+00:00</begin>
                  <end>2026-10-02T17:05:23.148751+00:00</end>
                </TimeSpan>
                <Point>
                  <coordinates>8.520830607513398,47.37333296493023,0</coordinates>
                </Point>
              </Placemark>
              <Placemark>
                <name>Telemetry 50</name>
                <styleUrl>#modifiedtelemetry</styleUrl>
                <TimeSpan>
                  <begin>2026-10-02T17:05:23.148751+00:00</begin>
                  <end>2026-10-02T17:05:24.148751+00:00</end>
                </TimeSpan>
                <Point>
                  <coordinates>8.520764144271133,47.3733830962926,0</coordinates>
                </Point>
              </Placemark>
              <Placemark>
                <name>Telemetry 51</name>
                <styleUrl>#modifiedtelemetry</styleUrl>
                <TimeSpan>
                  <begin>2026-10-02T17:05:24.148751+00:00</begin>
                  <end>2026-10-02T17:05:25.148751+00:00</end>
                </TimeSpan>
                <Point>
                  <coordinates>8.520697681028867,47.37343322765497,0</coordinates>
                </Point>
              </Placemark>
              <Placemark>
                <name>Telemetry 52</name>
                <styleUrl>#modifiedtelemetry</styleUrl>
                <TimeSpan>
                  <begin>2026-10-02T17:05:25.148751+00:00</begin>
                  <end>2026-10-02T17:05:26.148751+00:00</end>
                </TimeSpan>
                <Point>
                  <coordinates>8.520631217786603,47.373483359017335,0</coordinates>
                </Point>
              </Placemark>
              <Placemark>
                <name>Telemetry 53</name>
                <styleUrl>#modifiedtelemetry</styleUrl>
                <TimeSpan>
                  <begin>2026-10-02T17:05:26.148751+00:00</begin>
                  <end>2026-10-02T17:05:27.148751+00:00</end>
                </TimeSpan>
                <Point>
                  <coordinates>8.520564754544338,47.37353349037971,0</coordinates>
                </Point>
              </Placemark>
              <Placemark>
                <name>Telemetry 54</name>
                <styleUrl>#modifiedtelemetry</styleUrl>
                <TimeSpan>
                  <begin>2026-10-02T17:05:27.148751+00:00</begin>
                  <end>2026-10-02T17:05:28.148751+00:00</end>
                </TimeSpan>
                <Point>
                  <coordinates>8.520498291302074,47.37358362174207,0</coordinates>
                </Point>
              </Placemark>
              <Placemark>
                <name>Telemetry 55</name>
                <styleUrl>#modifiedtelemetry</styleUrl>
                <TimeSpan>
                  <begin>2026-10-02T17:05:28.148751+00:00</begin>
                  <end>2026-10-02T17:05:29.148751+00:00</end>
                </TimeSpan>
                <Point>
                  <coordinates>8.520431828059808,47.37363375310444,0</coordinates>
                </Point>
              </Placemark>
              <Placemark>
                <name>Telemetry 56</name>
                <styleUrl>#modifiedtelemetry</styleUrl>
                <TimeSpan>
                  <begin>2026-10-02T17:05:29.148751+00:00</begin>
                  <end>2026-10-02T17:05:30.148751+00:00</end>
                </TimeSpan>
                <Point>
                  <coordinates>8.520365364817543,47.373683884466814,0</coordinates>
                </Point>
              </Placemark>
              <Placemark>
                <name>Telemetry 57</name>
                <styleUrl>#modifiedtelemetry</styleUrl>
                <TimeSpan>
                  <begin>2026-10-02T17:05:30.148751+00:00</begin>
                  <end>2026-10-02T17:05:31.148751+00:00</end>
                </TimeSpan>
                <Point>
                  <coordinates>8.520303903282091,47.37373680594896,0</coordinates>
                </Point>
              </Placemark>
              <Placemark>
                <name>Telemetry 58</name>
                <styleUrl>#modifiedtelemetry</styleUrl>
                <TimeSpan>
                  <begin>2026-10-02T17:05:31.148751+00:00</begin>
                  <end>2026-10-02T17:05:32.148751+00:00</end>
                </TimeSpan>
                <Point>
                  <coordinates>8.520235595452737,47.373798117289056,0</coordinates>
                </Point>
              </Placemark>
              <Placemark>
                <name>Telemetry 59</name>
                <styleUrl>#modifiedtelemetry</styleUrl>
                <TimeSpan>
                  <begin>2026-10-02T17:05:32.148751+00:00</begin>
                  <end>2026-10-02T17:05:33.148751+00:00</end>
                </TimeSpan>
                <Point>
                  <coordinates>8.520167287623382,47.373859428629146,0</coordinates>
                </Point>
              </Placemark>
              <Placemark>
                <name>Telemetry 60</name>
                <styleUrl>#modifiedtelemetry</styleUrl>
                <TimeSpan>
                  <begin>2026-10-02T17:05:33.148751+00:00</begin>
                  <end>2026-10-02T17:05:34.148751+00:00</end>
                </TimeSpan>
                <Point>
                  <coordinates>8.520098979794028,47.37392073996924,0</coordinates>
                </Point>
              </Placemark>
              <Placemark>
                <name>Telemetry 61</name>
                <styleUrl>#modifiedtelemetry</styleUrl>
                <TimeSpan>
                  <begin>2026-10-02T17:05:34.148751+00:00</begin>
                  <end>2026-10-02T17:05:35.148751+00:00</end>
                </TimeSpan>
                <Point>
                  <coordinates>8.520030671964673,47.37398205130934,0</coordinates>
                </Point>
              </Placemark>
              <Placemark>
                <name>Telemetry 62</name>
                <styleUrl>#modifiedtelemetry</styleUrl>
                <TimeSpan>
                  <begin>2026-10-02T17:05:35.148751+00:00</begin>
                  <end>2026-10-02T17:05:36.148751+00:00</end>
                </TimeSpan>
                <Point>
                  <coordinates>8.519962364135319,47.37404336264943,0</coordinates>
                </Point>
              </Placemark>
              <Placemark>
                <name>Telemetry 63</name>
                <styleUrl>#modifiedtelemetry</styleUrl>
                <TimeSpan>
                  <begin>2026-10-02T17:05:36.148751+00:00</begin>
                  <end>2026-10-02T17:05:37.148751+00:00</end>
                </TimeSpan>
                <Point>
                  <coordinates>8.519895098918301,47.374105167193115,0</coordinates>
                </Point>
              </Placemark>
            </Folder>
          </Folder>
        </Folder>
        <Folder>
          <name>Service Provider polling</name>
        </Folder>
        <Folder>
          <name>Service Provider polling</name>
        </Folder>
        <Folder>
          <name>Service Provider polling</name>
        </Folder>
        <Folder>
          <name>Service Provider polling</name>
        </Folder>
        <Folder>
          <name>Service Provider polling</name>
        </Folder>
        <Folder>
          <name>Verify operator notification</name>
        </Folder>
        <Folder>
          <name>Intermediate cleanup</name>
        </Folder>
        <Folder>
          <name>Retrieve pre-existing operator notification</name>
        </Folder>
        <Folder>
          <name>Injection</name>
          <Folder>
            <name>E44: uss1 interuss.automated_testing.rid.v1.injection.createTest</name>
            <Folder>
              <name>Test flight 57ed1751-a80a-42f5-8d08-4fcc9bf84d17</name>
              <Placemark>
                <name>Telemetry 0</name>
                <styleUrl>#modifiedtelemetry</styleUrl>
                <TimeSpan>
                  <begin>2026-10-02T17:04:43.773459+00:00</begin>
                  <end>2026-10-02T17:04:44.773459+00:00</end>
                </TimeSpan>
                <Point>
                  <coordinates>8.523321827032547,47.3715045208158,0</coordinates>
                </Point>
              </Placemark>
              <Placemark>
                <name>Telemetry 1</name>
                <styleUrl>#modifiedtelemetry</styleUrl>
                <TimeSpan>
                  <begin>2026-10-02T17:04:44.773459+00:00</begin>
                  <end>2026-10-02T17:04:45.773459+00:00</end>
                </TimeSpan>
                <Point>
                  <coordinates>8.523282890548819,47.371540881223694,0</coordinates>
                </Point>
              </Placemark>
              <Placemark>
                <name>Telemetry 2</name>
                <styleUrl>#modifiedtelemetry</styleUrl>
                <TimeSpan>
                  <begin>2026-10-02T17:04:45.773459+00:00</begin>
                  <end>2026-10-02T17:04:46.773459+00:00</end>
                </TimeSpan>
                <Point>
                  <coordinates>8.52324395406509,47.37157724163159,0</coordinates>
                </Point>
              </Placemark>
              <Placemark>
                <name>Telemetry 3</name>
                <styleUrl>#modifiedtelemetry</styleUrl>
                <TimeSpan>
                  <begin>2026-10-02T17:04:46.773459+00:00</begin>
                  <end>2026-10-02T17:04:47.773459+00:00</end>
                </TimeSpan>
                <Point>
                  <coordinates>8.523205017581365,47.37161360203949,0</coordinates>
                </Point>
              </Placemark>
              <Placemark>
                <name>Telemetry 4</name>
                <styleUrl>#modifiedtelemetry</styleUrl>
                <TimeSpan>
                  <begin>2026-10-02T17:04:47.773459+00:00</begin>
                  <end>2026-10-02T17:04:48.773459+00:00</end>
                </TimeSpan>
                <Point>
                  <coordinates>8.523166081097637,47.371649962447385,0</coordinates>
                </Point>
              </Placemark>
              <Placemark>
                <name>Telemetry 5</name>
                <styleUrl>#modifiedtelemetry</styleUrl>
                <TimeSpan>
                  <begin>2026-10-02T17:04:48.773459+00:00</begin>
                  <end>2026-10-02T17:04:49.773459+00:00</end>
                </TimeSpan>
                <Point>
                  <coordinates>8.523118769605144,47.37168134446735,0</coordinates>
                </Point>
              </Placemark>
              <Placemark>
                <name>Telemetry 6</name>
                <styleUrl>#modifiedtelemetry</styleUrl>
                <TimeSpan>
                  <begin>2026-10-02T17:04:49.773459+00:00</begin>
                  <end>2026-10-02T17:04:50.773459+00:00</end>
                </TimeSpan>
                <Point>
                  <coordinates>8.523070583658326,47.37171220668214,0</coordinates>
                </Point>
              </Placemark>
              <Placemark>
                <name>Telemetry 7</name>
                <styleUrl>#modifiedtelemetry</styleUrl>
                <TimeSpan>
                  <begin>2026-10-02T17:04:50.773459+00:00</begin>
                  <end>2026-10-02T17:04:51.773459+00:00</end>
                </TimeSpan>
                <Point>
                  <coordinates>8.523022397711506,47.371743068896926,0</coordinates>
                </Point>
              </Placemark>
              <Placemark>
                <name>Telemetry 8</name>
                <styleUrl>#modifiedtelemetry</styleUrl>
                <TimeSpan>
                  <begin>2026-10-02T17:04:51.773459+00:00</begin>
                  <end>2026-10-02T17:04:52.773459+00:00</end>
                </TimeSpan>
                <Point>
                  <coordinates>8.5229757392881,47.371774910132885,0</coordinates>
                </Point>
              </Placemark>
              <Placemark>
                <name>Telemetry 9</name>
                <styleUrl>#modifiedtelemetry</styleUrl>
                <TimeSpan>
                  <begin>2026-10-02T17:04:52.773459+00:00</begin>
                  <end>2026-10-02T17:04:53.773459+00:00</end>
                </TimeSpan>
                <Point>
                  <coordinates>8.522932891599606,47.371809193747204,0</coordinates>
                </Point>
              </Placemark>
              <Placemark>
                <name>Telemetry 10</name>
                <styleUrl>#modifiedtelemetry</styleUrl>
                <TimeSpan>
                  <begin>2026-10-02T17:04:53.773459+00:00</begin>
                  <end>2026-10-02T17:04:54.773459+00:00</end>
                </TimeSpan>
                <Point>
                  <coordinates>8.522890043911113,47.37184347736152,0</coordinates>
                </Point>
              </Placemark>
              <Placemark>
                <name>Telemetry 11</name>
                <styleUrl>#modifiedtelemetry</styleUrl>
                <TimeSpan>
                  <begin>2026-10-02T17:04:54.773459+00:00</begin>
                  <end>2026-10-02T17:04:55.773459+00:00</end>
                </TimeSpan>
                <Point>
                  <coordinates>8.52284719622262,47.37187776097584,0</coordinates>
                </Point>
              </Placemark>
              <Placemark>
                <name>Telemetry 12</name>
                <styleUrl>#modifiedtelemetry</styleUrl>
                <TimeSpan>
                  <begin>2026-10-02T17:04:55.773459+00:00</begin>
                  <end>2026-10-02T17:04:56.773459+00:00</end>
                </TimeSpan>
                <Point>
                  <coordinates>8.522804348534127,47.37191204459016,0</coordinates>
                </Point>
              </Placemark>
              <Placemark>
                <name>Telemetry 13</name>
                <styleUrl>#modifiedtelemetry</styleUrl>
                <TimeSpan>
                  <begin>2026-10-02T17:04:56.773459+00:00</begin>
                  <end>2026-10-02T17:04:57.773459+00:00</end>
                </TimeSpan>
                <Point>
                  <coordinates>8.522761500845634,47.37194632820448,0</coordinates>
                </Point>
              </Placemark>
              <Placemark>
                <name>Telemetry 14</name>
                <styleUrl>#modifiedtelemetry</styleUrl>
                <TimeSpan>
                  <begin>2026-10-02T17:04:57.773459+00:00</begin>
                  <end>2026-10-02T17:04:58.773459+00:00</end>
                </TimeSpan>
                <Point>
                  <coordinates>8.522718653157142,47.371980611818806,0</coordinates>
                </Point>
              </Placemark>
              <Placemark>
                <name>Telemetry 15</name>
                <styleUrl>#modifiedtelemetry</styleUrl>
                <TimeSpan>
                  <begin>2026-10-02T17:04:58.773459+00:00</begin>
                  <end>2026-10-02T17:04:59.773459+00:00</end>
                </TimeSpan>
                <Point>
                  <coordinates>8.522675805468648,47.372014895433125,0</coordinates>
                </Point>
              </Placemark>
              <Placemark>
                <name>Telemetry 16</name>
                <styleUrl>#modifiedtelemetry</styleUrl>
                <TimeSpan>
                  <begin>2026-10-02T17:04:59.773459+00:00</begin>
                  <end>2026-10-02T17:05:00.773459+00:00</end>
                </TimeSpan>
                <Point>
                  <coordinates>8.522630095760274,47.37204743572325,0</coordinates>
                </Point>
              </Placemark>
              <Placemark>
                <name>Telemetry 17</name>
                <styleUrl>#modifiedtelemetry</styleUrl>
                <TimeSpan>
                  <begin>2026-10-02T17:05:00.773459+00:00</begin>
                  <end>2026-10-02T17:05:01.773459+00:00</end>
                </TimeSpan>
                <Point>
                  <coordinates>8.522580799973472,47.372082380767935,0</coordinates>
                </Point>
              </Placemark>
              <Placemark>
                <name>Telemetry 18</name>
                <styleUrl>#modifiedtelemetry</styleUrl>
                <TimeSpan>
                  <begin>2026-10-02T17:05:01.773459+00:00</begin>
                  <end>2026-10-02T17:05:02.773459+00:00</end>
                </TimeSpan>
                <Point>
                  <coordinates>8.52253150418667,47.372117325812624,0</coordinates>
                </Point>
              </Placemark>
              <Placemark>
                <name>Telemetry 19</name>
                <styleUrl>#modifiedtelemetry</styleUrl>
                <TimeSpan>
                  <begin>2026-10-02T17:05:02.773459+00:00</begin>
                  <end>2026-10-02T17:05:03.773459+00:00</end>
                </TimeSpan>
                <Point>
                  <coordinates>8.52248220839987,47.372152270857306,0</coordinates>
                </Point>
              </Placemark>
              <Placemark>
                <name>Telemetry 20</name>
                <styleUrl>#modifiedtelemetry</styleUrl>
                <TimeSpan>
                  <begin>2026-10-02T17:05:03.773459+00:00</begin>
                  <end>2026-10-02T17:05:04.773459+00:00</end>
                </TimeSpan>
                <Point>
                  <coordinates>8.522432912613064,47.372187215901995,0</coordinates>
                </Point>
              </Placemark>
              <Placemark>
                <name>Telemetry 21</name>
                <styleUrl>#modifiedtelemetry</styleUrl>
                <TimeSpan>
                  <begin>2026-10-02T17:05:04.773459+00:00</begin>
                  <end>2026-10-02T17:05:05.773459+00:00</end>
                </TimeSpan>
                <Point>
                  <coordinates>8.522383616826263,47.37222216094668,0</coordinates>
                </Point>
              </Placemark>
              <Placemark>
                <name>Telemetry 22</name>
                <styleUrl>#modifiedtelemetry</styleUrl>
                <TimeSpan>
                  <begin>2026-10-02T17:05:05.773459+00:00</begin>
                  <end>2026-10-02T17:05:06.773459+00:00</end>
                </TimeSpan>
                <Point>
                  <coordinates>8.52233432103946,47.372257105991366,0</coordinates>
                </Point>
              </Placemark>
              <Placemark>
                <name>Telemetry 23</name>
                <styleUrl>#modifiedtelemetry</styleUrl>
                <TimeSpan>
                  <begin>2026-10-02T17:05:06.773459+00:00</begin>
                  <end>2026-10-02T17:05:07.773459+00:00</end>
                </TimeSpan>
                <Point>
                  <coordinates>8.52228502525266,47.37229205103605,0</coordinates>
                </Point>
              </Placemark>
              <Placemark>
                <name>Telemetry 24</name>
                <styleUrl>#modifiedtelemetry</styleUrl>
                <TimeSpan>
                  <begin>2026-10-02T17:05:07.773459+00:00</begin>
                  <end>2026-10-02T17:05:08.773459+00:00</end>
                </TimeSpan>
                <Point>
                  <coordinates>8.522235729465857,47.37232699608074,0</coordinates>
                </Point>
              </Placemark>
              <Placemark>
                <name>Telemetry 25</name>
                <styleUrl>#modifiedtelemetry</styleUrl>
                <TimeSpan>
                  <begin>2026-10-02T17:05:08.773459+00:00</begin>
                  <end>2026-10-02T17:05:09.773459+00:00</end>
                </TimeSpan>
                <Point>
                  <coordinates>8.522186433679055,47.37236194112542,0</coordinates>
                </Point>
              </Placemark>
              <Placemark>
                <name>Telemetry 26</name>
                <styleUrl>#modifiedtelemetry</styleUrl>
                <TimeSpan>
                  <begin>2026-10-02T17:05:09.773459+00:00</begin>
                  <end>2026-10-02T17:05:10.773459+00:00</end>
                </TimeSpan>
                <Point>
                  <coordinates>8.522137137892253,47.37239688617011,0</coordinates>
                </Point>
              </Placemark>
              <Placemark>
                <name>Telemetry 27</name>
                <styleUrl>#modifiedtelemetry</styleUrl>
                <TimeSpan>
                  <begin>2026-10-02T17:05:10.773459+00:00</begin>
                  <end>2026-10-02T17:05:11.773459+00:00</end>
                </TimeSpan>
                <Point>
                  <coordinates>8.522087838468211,47.37243182886079,0</coordinates>
                </Point>
              </Placemark>
              <Placemark>
                <name>Telemetry 28</name>
                <styleUrl>#modifiedtelemetry</styleUrl>
                <TimeSpan>
                  <begin>2026-10-02T17:05:11.773459+00:00</begin>
                  <end>2026-10-02T17:05:12.773459+00:00</end>
                </TimeSpan>
                <Point>
                  <coordinates>8.522032112466293,47.37247131013179,0</coordinates>
                </Point>
              </Placemark>
              <Placemark>
                <name>Telemetry 29</name>
                <styleUrl>#modifiedtelemetry</styleUrl>
                <TimeSpan>
                  <begin>2026-10-02T17:05:12.773459+00:00</begin>
                  <end>2026-10-02T17:05:13.773459+00:00</end>
                </TimeSpan>
                <Point>
                  <coordinates>8.521976386464376,47.37251079140279,0</coordinates>
                </Point>
              </Placemark>
              <Placemark>
                <name>Telemetry 30</name>
                <styleUrl>#modifiedtelemetry</styleUrl>
                <TimeSpan>
                  <begin>2026-10-02T17:05:13.773459+00:00</begin>
                  <end>2026-10-02T17:05:14.773459+00:00</end>
                </TimeSpan>
                <Point>
                  <coordinates>8.521920660462458,47.37255027267379,0</coordinates>
                </Point>
              </Placemark>
              <Placemark>
                <name>Telemetry 31</name>
                <styleUrl>#modifiedtelemetry</styleUrl>
                <TimeSpan>
                  <begin>2026-10-02T17:05:14.773459+00:00</begin>
                  <end>2026-10-02T17:05:15.773459+00:00</end>
                </TimeSpan>
                <Point>
                  <coordinates>8.521864934460542,47.37258975394479,0</coordinates>
                </Point>
              </Placemark>
              <Placemark>
                <name>Telemetry 32</name>
                <styleUrl>#modifiedtelemetry</styleUrl>
                <TimeSpan>
                  <begin>2026-10-02T17:05:15.773459+00:00</begin>
                  <end>2026-10-02T17:05:16.773459+00:00</end>
                </TimeSpan>
                <Point>
                  <coordinates>8.521809208458624,47.37262923521579,0</coordinates>
                </Point>
              </Placemark>
              <Placemark>
                <name>Telemetry 33</name>
                <styleUrl>#modifiedtelemetry</styleUrl>
                <TimeSpan>
                  <begin>2026-10-02T17:05:16.773459+00:00</begin>
                  <end>2026-10-02T17:05:17.773459+00:00</end>
                </TimeSpan>
                <Point>
                  <coordinates>8.521753482456708,47.372668716486785,0</coordinates>
                </Point>
              </Placemark>
              <Placemark>
                <name>Telemetry 34</name>
                <styleUrl>#modifiedtelemetry</styleUrl>
                <TimeSpan>
                  <begin>2026-10-02T17:05:17.773459+00:00</begin>
                  <end>2026-10-02T17:05:18.773459+00:00</end>
                </TimeSpan>
                <Point>
                  <coordinates>8.521697756454788,47.37270819775779,0</coordinates>
                </Point>
              </Placemark>
              <Placemark>
                <name>Telemetry 35</name>
                <styleUrl>#modifiedtelemetry</styleUrl>
                <TimeSpan>
                  <begin>2026-10-02T17:05:18.773459+00:00</begin>
                  <end>2026-10-02T17:05:19.773459+00:00</end>
                </TimeSpan>
                <Point>
                  <coordinates>8.52164203045287,47.372747679028784,0</coordinates>
                </Point>
              </Placemark>
              <Placemark>
                <name>Telemetry 36</name>
                <styleUrl>#modifiedtelemetry</styleUrl>
                <TimeSpan>
                  <begin>2026-10-02T17:05:19.773459+00:00</begin>
                  <end>2026-10-02T17:05:20.773459+00:00</end>
                </TimeSpan>
                <Point>
                  <coordinates>8.521586304450953,47.37278716029979,0</coordinates>
                </Point>
              </Placemark>
              <Placemark>
                <name>Telemetry 37</name>
                <styleUrl>#modifiedtelemetry</styleUrl>
                <TimeSpan>
                  <begin>2026-10-02T17:05:20.773459+00:00</begin>
                  <end>2026-10-02T17:05:21.773459+00:00</end>
                </TimeSpan>
                <Point>
                  <coordinates>8.521530578449035,47.37282664157078,0</coordinates>
                </Point>
              </Placemark>
              <Placemark>
                <name>Telemetry 38</name>
                <styleUrl>#modifiedtelemetry</styleUrl>
                <TimeSpan>
                  <begin>2026-10-02T17:05:21.773459+00:00</begin>
                  <end>2026-10-02T17:05:22.773459+00:00</end>
                </TimeSpan>
                <Point>
                  <coordinates>8.521474852447117,47.372866122841785,0</coordinates>
                </Point>
              </Placemark>
              <Placemark>
                <name>Telemetry 39</name>
                <styleUrl>#modifiedtelemetry</styleUrl>
                <TimeSpan>
                  <begin>2026-10-02T17:05:22.773459+00:00</begin>
                  <end>2026-10-02T17:05:23.773459+00:00</end>
                </TimeSpan>
                <Point>
                  <coordinates>8.5214191264452,47.37290560411278,0</coordinates>
                </Point>
              </Placemark>
              <Placemark>
                <name>Telemetry 40</name>
                <styleUrl>#modifiedtelemetry</styleUrl>
                <TimeSpan>
                  <begin>2026-10-02T17:05:23.773459+00:00</begin>
                  <end>2026-10-02T17:05:24.773459+00:00</end>
                </TimeSpan>
                <Point>
                  <coordinates>8.521363400443283,47.37294508538378,0</coordinates>
                </Point>
              </Placemark>
              <Placemark>
                <name>Telemetry 41</name>
                <styleUrl>#modifiedtelemetry</styleUrl>
                <TimeSpan>
                  <begin>2026-10-02T17:05:24.773459+00:00</begin>
                  <end>2026-10-02T17:05:25.773459+00:00</end>
                </TimeSpan>
                <Point>
                  <coordinates>8.521307674441365,47.37298456665478,0</coordinates>
                </Point>
              </Placemark>
              <Placemark>
                <name>Telemetry 42</name>
                <styleUrl>#modifiedtelemetry</styleUrl>
                <TimeSpan>
                  <begin>2026-10-02T17:05:25.773459+00:00</begin>
                  <end>2026-10-02T17:05:26.773459+00:00</end>
                </TimeSpan>
                <Point>
                  <coordinates>8.521251948439447,47.37302404792578,0</coordinates>
                </Point>
              </Placemark>
              <Placemark>
                <name>Telemetry 43</name>
                <styleUrl>#modifiedtelemetry</styleUrl>
                <TimeSpan>
                  <begin>2026-10-02T17:05:26.773459+00:00</begin>
                  <end>2026-10-02T17:05:27.773459+00:00</end>
                </TimeSpan>
                <Point>
                  <coordinates>8.52119622243753,47.37306352919678,0</coordinates>
                </Point>
              </Placemark>
              <Placemark>
                <name>Telemetry 44</name>
                <styleUrl>#modifiedtelemetry</styleUrl>
                <TimeSpan>
                  <begin>2026-10-02T17:05:27.773459+00:00</begin>
                  <end>2026-10-02T17:05:28.773459+00:00</end>
                </TimeSpan>
                <Point>
                  <coordinates>8.521140496435612,47.37310301046778,0</coordinates>
                </Point>
              </Placemark>
              <Placemark>
                <name>Telemetry 45</name>
                <styleUrl>#modifiedtelemetry</styleUrl>
                <TimeSpan>
                  <begin>2026-10-02T17:05:28.773459+00:00</begin>
                  <end>2026-10-02T17:05:29.773459+00:00</end>
                </TimeSpan>
                <Point>
                  <coordinates>8.521084770433694,47.373142491738776,0</coordinates>
                </Point>
              </Placemark>
              <Placemark>
                <name>Telemetry 46</name>
                <styleUrl>#modifiedtelemetry</styleUrl>
                <TimeSpan>
                  <begin>2026-10-02T17:05:29.773459+00:00</begin>
                  <end>2026-10-02T17:05:30.773459+00:00</end>
                </TimeSpan>
                <Point>
                  <coordinates>8.521029997240193,47.37318257084312,0</coordinates>
                </Point>
              </Placemark>
              <Placemark>
                <name>Telemetry 47</name>
                <styleUrl>#modifiedtelemetry</styleUrl>
                <TimeSpan>
                  <begin>2026-10-02T17:05:30.773459+00:00</begin>
                  <end>2026-10-02T17:05:31.773459+00:00</end>
                </TimeSpan>
                <Point>
                  <coordinates>8.520963533997929,47.37323270220549,0</coordinates>
                </Point>
              </Placemark>
              <Placemark>
                <name>Telemetry 48</name>
                <styleUrl>#modifiedtelemetry</styleUrl>
                <TimeSpan>
                  <begin>2026-10-02T17:05:31.773459+00:00</begin>
                  <end>2026-10-02T17:05:32.773459+00:00</end>
                </TimeSpan>
                <Point>
                  <coordinates>8.520897070755662,47.37328283356786,0</coordinates>
                </Point>
              </Placemark>
              <Placemark>
                <name>Telemetry 49</name>
                <styleUrl>#modifiedtelemetry</styleUrl>
                <TimeSpan>
                  <begin>2026-10-02T17:05:32.773459+00:00</begin>
                  <end>2026-10-02T17:05:33.773459+00:00</end>
                </TimeSpan>
                <Point>
                  <coordinates>8.520830607513398,47.37333296493023,0</coordinates>
                </Point>
              </Placemark>
              <Placemark>
                <name>Telemetry 50</name>
                <styleUrl>#modifiedtelemetry</styleUrl>
                <TimeSpan>
                  <begin>2026-10-02T17:05:33.773459+00:00</begin>
                  <end>2026-10-02T17:05:34.773459+00:00</end>
                </TimeSpan>
                <Point>
                  <coordinates>8.520764144271133,47.3733830962926,0</coordinates>
                </Point>
              </Placemark>
              <Placemark>
                <name>Telemetry 51</name>
                <styleUrl>#modifiedtelemetry</styleUrl>
                <TimeSpan>
                  <begin>2026-10-02T17:05:34.773459+00:00</begin>
                  <end>2026-10-02T17:05:35.773459+00:00</end>
                </TimeSpan>
                <Point>
                  <coordinates>8.520697681028867,47.37343322765497,0</coordinates>
                </Point>
              </Placemark>
              <Placemark>
                <name>Telemetry 52</name>
                <styleUrl>#modifiedtelemetry</styleUrl>
                <TimeSpan>
                  <begin>2026-10-02T17:05:35.773459+00:00</begin>
                  <end>2026-10-02T17:05:36.773459+00:00</end>
                </TimeSpan>
                <Point>
                  <coordinates>8.520631217786603,47.373483359017335,0</coordinates>
                </Point>
              </Placemark>
              <Placemark>
                <name>Telemetry 53</name>
                <styleUrl>#modifiedtelemetry</styleUrl>
                <TimeSpan>
                  <begin>2026-10-02T17:05:36.773459+00:00</begin>
                  <end>2026-10-02T17:05:37.773459+00:00</end>
                </TimeSpan>
                <Point>
                  <coordinates>8.520564754544338,47.37353349037971,0</coordinates>
                </Point>
              </Placemark>
              <Placemark>
                <name>Telemetry 54</name>
                <styleUrl>#modifiedtelemetry</styleUrl>
                <TimeSpan>
                  <begin>2026-10-02T17:05:37.773459+00:00</begin>
                  <end>2026-10-02T17:05:38.773459+00:00</end>
                </TimeSpan>
                <Point>
                  <coordinates>8.520498291302074,47.37358362174207,0</coordinates>
                </Point>
              </Placemark>
              <Placemark>
                <name>Telemetry 55</name>
                <styleUrl>#modifiedtelemetry</styleUrl>
                <TimeSpan>
                  <begin>2026-10-02T17:05:38.773459+00:00</begin>
                  <end>2026-10-02T17:05:39.773459+00:00</end>
                </TimeSpan>
                <Point>
                  <coordinates>8.520431828059808,47.37363375310444,0</coordinates>
                </Point>
              </Placemark>
              <Placemark>
                <name>Telemetry 56</name>
                <styleUrl>#modifiedtelemetry</styleUrl>
                <TimeSpan>
                  <begin>2026-10-02T17:05:39.773459+00:00</begin>
                  <end>2026-10-02T17:05:40.773459+00:00</end>
                </TimeSpan>
                <Point>
                  <coordinates>8.520365364817543,47.373683884466814,0</coordinates>
                </Point>
              </Placemark>
              <Placemark>
                <name>Telemetry 57</name>
                <styleUrl>#modifiedtelemetry</styleUrl>
                <TimeSpan>
                  <begin>2026-10-02T17:05:40.773459+00:00</begin>
                  <end>2026-10-02T17:05:41.773459+00:00</end>
                </TimeSpan>
                <Point>
                  <coordinates>8.520303903282091,47.37373680594896,0</coordinates>
                </Point>
              </Placemark>
              <Placemark>
                <name>Telemetry 58</name>
                <styleUrl>#modifiedtelemetry</styleUrl>
                <TimeSpan>
                  <begin>2026-10-02T17:05:41.773459+00:00</begin>
                  <end>2026-10-02T17:05:42.773459+00:00</end>
                </TimeSpan>
                <Point>
                  <coordinates>8.520235595452737,47.373798117289056,0</coordinates>
                </Point>
              </Placemark>
              <Placemark>
                <name>Telemetry 59</name>
                <styleUrl>#modifiedtelemetry</styleUrl>
                <TimeSpan>
                  <begin>2026-10-02T17:05:42.773459+00:00</begin>
                  <end>2026-10-02T17:05:43.773459+00:00</end>
                </TimeSpan>
                <Point>
                  <coordinates>8.520167287623382,47.373859428629146,0</coordinates>
                </Point>
              </Placemark>
              <Placemark>
                <name>Telemetry 60</name>
                <styleUrl>#modifiedtelemetry</styleUrl>
                <TimeSpan>
                  <begin>2026-10-02T17:05:43.773459+00:00</begin>
                  <end>2026-10-02T17:05:44.773459+00:00</end>
                </TimeSpan>
                <Point>
                  <coordinates>8.520098979794028,47.37392073996924,0</coordinates>
                </Point>
              </Placemark>
              <Placemark>
                <name>Telemetry 61</name>
                <styleUrl>#modifiedtelemetry</styleUrl>
                <TimeSpan>
                  <begin>2026-10-02T17:05:44.773459+00:00</begin>
                  <end>2026-10-02T17:05:45.773459+00:00</end>
                </TimeSpan>
                <Point>
                  <coordinates>8.520030671964673,47.37398205130934,0</coordinates>
                </Point>
              </Placemark>
              <Placemark>
                <name>Telemetry 62</name>
                <styleUrl>#modifiedtelemetry</styleUrl>
                <TimeSpan>
                  <begin>2026-10-02T17:05:45.773459+00:00</begin>
                  <end>2026-10-02T17:05:46.773459+00:00</end>
                </TimeSpan>
                <Point>
                  <coordinates>8.519962364135319,47.37404336264943,0</coordinates>
                </Point>
              </Placemark>
              <Placemark>
                <name>Telemetry 63</name>
                <styleUrl>#modifiedtelemetry</styleUrl>
                <TimeSpan>
                  <begin>2026-10-02T17:05:46.773459+00:00</begin>
                  <end>2026-10-02T17:05:47.773459+00:00</end>
                </TimeSpan>
                <Point>
                  <coordinates>8.519895098918301,47.374105167193115,0</coordinates>
                </Point>
              </Placemark>
            </Folder>
          </Folder>
        </Folder>
        <Folder>
          <name>Service Provider polling</name>
        </Folder>
        <Folder>
          <name>Service Provider polling</name>
        </Folder>
        <Folder>
          <name>Service Provider polling</name>
        </Folder>
        <Folder>
          <name>Service Provider polling</name>
        </Folder>
        <Folder>
          <name>Service Provider polling</name>
        </Folder>
        <Folder>
          <name>Verify operator notification</name>
        </Folder>
        <Folder>
          <name>Intermediate cleanup</name>
        </Folder>
        <Folder>
          <name>Retrieve pre-existing operator notification</name>
        </Folder>
        <Folder>
          <name>Injection</name>
          <Folder>
            <name>E64: uss1 interuss.automated_testing.rid.v1.injection.createTest</name>
            <Folder>
              <name>Test flight e721e8cc-f80a-4369-bd4a-fafbefc482c0</name>
              <Placemark>
                <name>Telemetry 0</name>
                <styleUrl>#modifiedtelemetry</styleUrl>
                <TimeSpan>
                  <begin>2026-10-02T17:04:54.361899+00:00</begin>
                  <end>2026-10-02T17:04:55.361899+00:00</end>
                </TimeSpan>
                <Point>
                  <coordinates>8.523321827032547,47.3715045208158,0</coordinates>
                </Point>
              </Placemark>
              <Placemark>
                <name>Telemetry 1</name>
                <styleUrl>#modifiedtelemetry</styleUrl>
                <TimeSpan>
                  <begin>2026-10-02T17:04:55.361899+00:00</begin>
                  <end>2026-10-02T17:04:56.361899+00:00</end>
                </TimeSpan>
                <Point>
                  <coordinates>8.523282890548819,47.371540881223694,0</coordinates>
                </Point>
              </Placemark>
              <Placemark>
                <name>Telemetry 2</name>
                <styleUrl>#modifiedtelemetry</styleUrl>
                <TimeSpan>
                  <begin>2026-10-02T17:04:56.361899+00:00</begin>
                  <end>2026-10-02T17:04:57.361899+00:00</end>
                </TimeSpan>
                <Point>
                  <coordinates>8.52324395406509,47.37157724163159,0</coordinates>
                </Point>
              </Placemark>
              <Placemark>
                <name>Telemetry 3</name>
                <styleUrl>#modifiedtelemetry</styleUrl>
                <TimeSpan>
                  <begin>2026-10-02T17:04:57.361899+00:00</begin>
                  <end>2026-10-02T17:04:58.361899+00:00</end>
                </TimeSpan>
                <Point>
                  <coordinates>8.523205017581365,47.37161360203949,0</coordinates>
                </Point>
              </Placemark>
              <Placemark>
                <name>Telemetry 4</name>
                <styleUrl>#modifiedtelemetry</styleUrl>
                <TimeSpan>
                  <begin>2026-10-02T17:04:58.361899+00:00</begin>
                  <end>2026-10-02T17:04:59.361899+00:00</end>
                </TimeSpan>
                <Point>
                  <coordinates>8.523166081097637,47.371649962447385,0</coordinates>
                </Point>
              </Placemark>
              <Placemark>
                <name>Telemetry 5</name>
                <styleUrl>#modifiedtelemetry</styleUrl>
                <TimeSpan>
                  <begin>2026-10-02T17:04:59.361899+00:00</begin>
                  <end>2026-10-02T17:05:00.361899+00:00</end>
                </TimeSpan>
                <Point>
                  <coordinates>8.523118769605144,47.37168134446735,0</coordinates>
                </Point>
              </Placemark>
              <Placemark>
                <name>Telemetry 6</name>
                <styleUrl>#modifiedtelemetry</styleUrl>
                <TimeSpan>
                  <begin>2026-10-02T17:05:00.361899+00:00</begin>
                  <end>2026-10-02T17:05:01.361899+00:00</end>
                </TimeSpan>
                <Point>
                  <coordinates>8.523070583658326,47.37171220668214,0</coordinates>
                </Point>
              </Placemark>
              <Placemark>
                <name>Telemetry 7</name>
                <styleUrl>#modifiedtelemetry</styleUrl>
                <TimeSpan>
                  <begin>2026-10-02T17:05:01.361899+00:00</begin>
                  <end>2026-10-02T17:05:02.361899+00:00</end>
                </TimeSpan>
                <Point>
                  <coordinates>8.523022397711506,47.371743068896926,0</coordinates>
                </Point>
              </Placemark>
              <Placemark>
                <name>Telemetry 8</name>
                <styleUrl>#modifiedtelemetry</styleUrl>
                <TimeSpan>
                  <begin>2026-10-02T17:05:02.361899+00:00</begin>
                  <end>2026-10-02T17:05:03.361899+00:00</end>
                </TimeSpan>
                <Point>
                  <coordinates>8.5229757392881,47.371774910132885,0</coordinates>
                </Point>
              </Placemark>
              <Placemark>
                <name>Telemetry 9</name>
                <styleUrl>#modifiedtelemetry</styleUrl>
                <TimeSpan>
                  <begin>2026-10-02T17:05:03.361899+00:00</begin>
                  <end>2026-10-02T17:05:04.361899+00:00</end>
                </TimeSpan>
                <Point>
                  <coordinates>8.522932891599606,47.371809193747204,0</coordinates>
                </Point>
              </Placemark>
              <Placemark>
                <name>Telemetry 10</name>
                <styleUrl>#modifiedtelemetry</styleUrl>
                <TimeSpan>
                  <begin>2026-10-02T17:05:04.361899+00:00</begin>
                  <end>2026-10-02T17:05:05.361899+00:00</end>
                </TimeSpan>
                <Point>
                  <coordinates>8.522890043911113,47.37184347736152,0</coordinates>
                </Point>
              </Placemark>
              <Placemark>
                <name>Telemetry 11</name>
                <styleUrl>#modifiedtelemetry</styleUrl>
                <TimeSpan>
                  <begin>2026-10-02T17:05:05.361899+00:00</begin>
                  <end>2026-10-02T17:05:06.361899+00:00</end>
                </TimeSpan>
                <Point>
                  <coordinates>8.52284719622262,47.37187776097584,0</coordinates>
                </Point>
              </Placemark>
              <Placemark>
                <name>Telemetry 12</name>
                <styleUrl>#modifiedtelemetry</styleUrl>
                <TimeSpan>
                  <begin>2026-10-02T17:05:06.361899+00:00</begin>
                  <end>2026-10-02T17:05:07.361899+00:00</end>
                </TimeSpan>
                <Point>
                  <coordinates>8.522804348534127,47.37191204459016,0</coordinates>
                </Point>
              </Placemark>
              <Placemark>
                <name>Telemetry 13</name>
                <styleUrl>#modifiedtelemetry</styleUrl>
                <TimeSpan>
                  <begin>2026-10-02T17:05:07.361899+00:00</begin>
                  <end>2026-10-02T17:05:08.361899+00:00</end>
                </TimeSpan>
                <Point>
                  <coordinates>8.522761500845634,47.37194632820448,0</coordinates>
                </Point>
              </Placemark>
              <Placemark>
                <name>Telemetry 14</name>
                <styleUrl>#modifiedtelemetry</styleUrl>
                <TimeSpan>
                  <begin>2026-10-02T17:05:08.361899+00:00</begin>
                  <end>2026-10-02T17:05:09.361899+00:00</end>
                </TimeSpan>
                <Point>
                  <coordinates>8.522718653157142,47.371980611818806,0</coordinates>
                </Point>
              </Placemark>
              <Placemark>
                <name>Telemetry 15</name>
                <styleUrl>#modifiedtelemetry</styleUrl>
                <TimeSpan>
                  <begin>2026-10-02T17:05:09.361899+00:00</begin>
                  <end>2026-10-02T17:05:10.361899+00:00</end>
                </TimeSpan>
                <Point>
                  <coordinates>8.522675805468648,47.372014895433125,0</coordinates>
                </Point>
              </Placemark>
              <Placemark>
                <name>Telemetry 16</name>
                <styleUrl>#modifiedtelemetry</styleUrl>
                <TimeSpan>
                  <begin>2026-10-02T17:05:10.361899+00:00</begin>
                  <end>2026-10-02T17:05:11.361899+00:00</end>
                </TimeSpan>
                <Point>
                  <coordinates>8.522630095760274,47.37204743572325,0</coordinates>
                </Point>
              </Placemark>
              <Placemark>
                <name>Telemetry 17</name>
                <styleUrl>#modifiedtelemetry</styleUrl>
                <TimeSpan>
                  <begin>2026-10-02T17:05:11.361899+00:00</begin>
                  <end>2026-10-02T17:05:12.361899+00:00</end>
                </TimeSpan>
                <Point>
                  <coordinates>8.522580799973472,47.372082380767935,0</coordinates>
                </Point>
              </Placemark>
              <Placemark>
                <name>Telemetry 18</name>
                <styleUrl>#modifiedtelemetry</styleUrl>
                <TimeSpan>
                  <begin>2026-10-02T17:05:12.361899+00:00</begin>
                  <end>2026-10-02T17:05:13.361899+00:00</end>
                </TimeSpan>
                <Point>
                  <coordinates>8.52253150418667,47.372117325812624,0</coordinates>
                </Point>
              </Placemark>
              <Placemark>
                <name>Telemetry 19</name>
                <styleUrl>#modifiedtelemetry</styleUrl>
                <TimeSpan>
                  <begin>2026-10-02T17:05:13.361899+00:00</begin>
                  <end>2026-10-02T17:05:14.361899+00:00</end>
                </TimeSpan>
                <Point>
                  <coordinates>8.52248220839987,47.372152270857306,0</coordinates>
                </Point>
              </Placemark>
              <Placemark>
                <name>Telemetry 20</name>
                <styleUrl>#modifiedtelemetry</styleUrl>
                <TimeSpan>
                  <begin>2026-10-02T17:05:14.361899+00:00</begin>
                  <end>2026-10-02T17:05:15.361899+00:00</end>
                </TimeSpan>
                <Point>
                  <coordinates>8.522432912613064,47.372187215901995,0</coordinates>
                </Point>
              </Placemark>
              <Placemark>
                <name>Telemetry 21</name>
                <styleUrl>#modifiedtelemetry</styleUrl>
                <TimeSpan>
                  <begin>2026-10-02T17:05:15.361899+00:00</begin>
                  <end>2026-10-02T17:05:16.361899+00:00</end>
                </TimeSpan>
                <Point>
                  <coordinates>8.522383616826263,47.37222216094668,0</coordinates>
                </Point>
              </Placemark>
              <Placemark>
                <name>Telemetry 22</name>
                <styleUrl>#modifiedtelemetry</styleUrl>
                <TimeSpan>
                  <begin>2026-10-02T17:05:16.361899+00:00</begin>
                  <end>2026-10-02T17:05:17.361899+00:00</end>
                </TimeSpan>
                <Point>
                  <coordinates>8.52233432103946,47.372257105991366,0</coordinates>
                </Point>
              </Placemark>
              <Placemark>
                <name>Telemetry 23</name>
                <styleUrl>#modifiedtelemetry</styleUrl>
                <TimeSpan>
                  <begin>2026-10-02T17:05:17.361899+00:00</begin>
                  <end>2026-10-02T17:05:18.361899+00:00</end>
                </TimeSpan>
                <Point>
                  <coordinates>8.52228502525266,47.37229205103605,0</coordinates>
                </Point>
              </Placemark>
              <Placemark>
                <name>Telemetry 24</name>
                <styleUrl>#modifiedtelemetry</styleUrl>
                <TimeSpan>
                  <begin>2026-10-02T17:05:18.361899+00:00</begin>
                  <end>2026-10-02T17:05:19.361899+00:00</end>
                </TimeSpan>
                <Point>
                  <coordinates>8.522235729465857,47.37232699608074,0</coordinates>
                </Point>
              </Placemark>
              <Placemark>
                <name>Telemetry 25</name>
                <styleUrl>#modifiedtelemetry</styleUrl>
                <TimeSpan>
                  <begin>2026-10-02T17:05:19.361899+00:00</begin>
                  <end>2026-10-02T17:05:20.361899+00:00</end>
                </TimeSpan>
                <Point>
                  <coordinates>8.522186433679055,47.37236194112542,0</coordinates>
                </Point>
              </Placemark>
              <Placemark>
                <name>Telemetry 26</name>
                <styleUrl>#modifiedtelemetry</styleUrl>
                <TimeSpan>
                  <begin>2026-10-02T17:05:20.361899+00:00</begin>
                  <end>2026-10-02T17:05:21.361899+00:00</end>
                </TimeSpan>
                <Point>
                  <coordinates>8.522137137892253,47.37239688617011,0</coordinates>
                </Point>
              </Placemark>
              <Placemark>
                <name>Telemetry 27</name>
                <styleUrl>#modifiedtelemetry</styleUrl>
                <TimeSpan>
                  <begin>2026-10-02T17:05:21.361899+00:00</begin>
                  <end>2026-10-02T17:05:22.361899+00:00</end>
                </TimeSpan>
                <Point>
                  <coordinates>8.522087838468211,47.37243182886079,0</coordinates>
                </Point>
              </Placemark>
              <Placemark>
                <name>Telemetry 28</name>
                <styleUrl>#modifiedtelemetry</styleUrl>
                <TimeSpan>
                  <begin>2026-10-02T17:05:22.361899+00:00</begin>
                  <end>2026-10-02T17:05:23.361899+00:00</end>
                </TimeSpan>
                <Point>
                  <coordinates>8.522032112466293,47.37247131013179,0</coordinates>
                </Point>
              </Placemark>
              <Placemark>
                <name>Telemetry 29</name>
                <styleUrl>#modifiedtelemetry</styleUrl>
                <TimeSpan>
                  <begin>2026-10-02T17:05:23.361899+00:00</begin>
                  <end>2026-10-02T17:05:24.361899+00:00</end>
                </TimeSpan>
                <Point>
                  <coordinates>8.521976386464376,47.37251079140279,0</coordinates>
                </Point>
              </Placemark>
              <Placemark>
                <name>Telemetry 30</name>
                <styleUrl>#modifiedtelemetry</styleUrl>
                <TimeSpan>
                  <begin>2026-10-02T17:05:24.361899+00:00</begin>
                  <end>2026-10-02T17:05:25.361899+00:00</end>
                </TimeSpan>
                <Point>
                  <coordinates>8.521920660462458,47.37255027267379,0</coordinates>
                </Point>
              </Placemark>
              <Placemark>
                <name>Telemetry 31</name>
                <styleUrl>#modifiedtelemetry</styleUrl>
                <TimeSpan>
                  <begin>2026-10-02T17:05:25.361899+00:00</begin>
                  <end>2026-10-02T17:05:26.361899+00:00</end>
                </TimeSpan>
                <Point>
                  <coordinates>8.521864934460542,47.37258975394479,0</coordinates>
                </Point>
              </Placemark>
              <Placemark>
                <name>Telemetry 32</name>
                <styleUrl>#modifiedtelemetry</styleUrl>
                <TimeSpan>
                  <begin>2026-10-02T17:05:26.361899+00:00</begin>
                  <end>2026-10-02T17:05:27.361899+00:00</end>
                </TimeSpan>
                <Point>
                  <coordinates>8.521809208458624,47.37262923521579,0</coordinates>
                </Point>
              </Placemark>
              <Placemark>
                <name>Telemetry 33</name>
                <styleUrl>#modifiedtelemetry</styleUrl>
                <TimeSpan>
                  <begin>2026-10-02T17:05:27.361899+00:00</begin>
                  <end>2026-10-02T17:05:28.361899+00:00</end>
                </TimeSpan>
                <Point>
                  <coordinates>8.521753482456708,47.372668716486785,0</coordinates>
                </Point>
              </Placemark>
              <Placemark>
                <name>Telemetry 34</name>
                <styleUrl>#modifiedtelemetry</styleUrl>
                <TimeSpan>
                  <begin>2026-10-02T17:05:28.361899+00:00</begin>
                  <end>2026-10-02T17:05:29.361899+00:00</end>
                </TimeSpan>
                <Point>
                  <coordinates>8.521697756454788,47.37270819775779,0</coordinates>
                </Point>
              </Placemark>
              <Placemark>
                <name>Telemetry 35</name>
                <styleUrl>#modifiedtelemetry</styleUrl>
                <TimeSpan>
                  <begin>2026-10-02T17:05:29.361899+00:00</begin>
                  <end>2026-10-02T17:05:30.361899+00:00</end>
                </TimeSpan>
                <Point>
                  <coordinates>8.52164203045287,47.372747679028784,0</coordinates>
                </Point>
              </Placemark>
              <Placemark>
                <name>Telemetry 36</name>
                <styleUrl>#modifiedtelemetry</styleUrl>
                <TimeSpan>
                  <begin>2026-10-02T17:05:30.361899+00:00</begin>
                  <end>2026-10-02T17:05:31.361899+00:00</end>
                </TimeSpan>
                <Point>
                  <coordinates>8.521586304450953,47.37278716029979,0</coordinates>
                </Point>
              </Placemark>
              <Placemark>
                <name>Telemetry 37</name>
                <styleUrl>#modifiedtelemetry</styleUrl>
                <TimeSpan>
                  <begin>2026-10-02T17:05:31.361899+00:00</begin>
                  <end>2026-10-02T17:05:32.361899+00:00</end>
                </TimeSpan>
                <Point>
                  <coordinates>8.521530578449035,47.37282664157078,0</coordinates>
                </Point>
              </Placemark>
              <Placemark>
                <name>Telemetry 38</name>
                <styleUrl>#modifiedtelemetry</styleUrl>
                <TimeSpan>
                  <begin>2026-10-02T17:05:32.361899+00:00</begin>
                  <end>2026-10-02T17:05:33.361899+00:00</end>
                </TimeSpan>
                <Point>
                  <coordinates>8.521474852447117,47.372866122841785,0</coordinates>
                </Point>
              </Placemark>
              <Placemark>
                <name>Telemetry 39</name>
                <styleUrl>#modifiedtelemetry</styleUrl>
                <TimeSpan>
                  <begin>2026-10-02T17:05:33.361899+00:00</begin>
                  <end>2026-10-02T17:05:34.361899+00:00</end>
                </TimeSpan>
                <Point>
                  <coordinates>8.5214191264452,47.37290560411278,0</coordinates>
                </Point>
              </Placemark>
              <Placemark>
                <name>Telemetry 40</name>
                <styleUrl>#modifiedtelemetry</styleUrl>
                <TimeSpan>
                  <begin>2026-10-02T17:05:34.361899+00:00</begin>
                  <end>2026-10-02T17:05:35.361899+00:00</end>
                </TimeSpan>
                <Point>
                  <coordinates>8.521363400443283,47.37294508538378,0</coordinates>
                </Point>
              </Placemark>
              <Placemark>
                <name>Telemetry 41</name>
                <styleUrl>#modifiedtelemetry</styleUrl>
                <TimeSpan>
                  <begin>2026-10-02T17:05:35.361899+00:00</begin>
                  <end>2026-10-02T17:05:36.361899+00:00</end>
                </TimeSpan>
                <Point>
                  <coordinates>8.521307674441365,47.37298456665478,0</coordinates>
                </Point>
              </Placemark>
              <Placemark>
                <name>Telemetry 42</name>
                <styleUrl>#modifiedtelemetry</styleUrl>
                <TimeSpan>
                  <begin>2026-10-02T17:05:36.361899+00:00</begin>
                  <end>2026-10-02T17:05:37.361899+00:00</end>
                </TimeSpan>
                <Point>
                  <coordinates>8.521251948439447,47.37302404792578,0</coordinates>
                </Point>
              </Placemark>
              <Placemark>
                <name>Telemetry 43</name>
                <styleUrl>#modifiedtelemetry</styleUrl>
                <TimeSpan>
                  <begin>2026-10-02T17:05:37.361899+00:00</begin>
                  <end>2026-10-02T17:05:38.361899+00:00</end>
                </TimeSpan>
                <Point>
                  <coordinates>8.52119622243753,47.37306352919678,0</coordinates>
                </Point>
              </Placemark>
              <Placemark>
                <name>Telemetry 44</name>
                <styleUrl>#modifiedtelemetry</styleUrl>
                <TimeSpan>
                  <begin>2026-10-02T17:05:38.361899+00:00</begin>
                  <end>2026-10-02T17:05:39.361899+00:00</end>
                </TimeSpan>
                <Point>
                  <coordinates>8.521140496435612,47.37310301046778,0</coordinates>
                </Point>
              </Placemark>
              <Placemark>
                <name>Telemetry 45</name>
                <styleUrl>#modifiedtelemetry</styleUrl>
                <TimeSpan>
                  <begin>2026-10-02T17:05:39.361899+00:00</begin>
                  <end>2026-10-02T17:05:40.361899+00:00</end>
                </TimeSpan>
                <Point>
                  <coordinates>8.521084770433694,47.373142491738776,0</coordinates>
                </Point>
              </Placemark>
              <Placemark>
                <name>Telemetry 46</name>
                <styleUrl>#modifiedtelemetry</styleUrl>
                <TimeSpan>
                  <begin>2026-10-02T17:05:40.361899+00:00</begin>
                  <end>2026-10-02T17:05:41.361899+00:00</end>
                </TimeSpan>
                <Point>
                  <coordinates>8.521029997240193,47.37318257084312,0</coordinates>
                </Point>
              </Placemark>
              <Placemark>
                <name>Telemetry 47</name>
                <styleUrl>#modifiedtelemetry</styleUrl>
                <TimeSpan>
                  <begin>2026-10-02T17:05:41.361899+00:00</begin>
                  <end>2026-10-02T17:05:42.361899+00:00</end>
                </TimeSpan>
                <Point>
                  <coordinates>8.520963533997929,47.37323270220549,0</coordinates>
                </Point>
              </Placemark>
              <Placemark>
                <name>Telemetry 48</name>
                <styleUrl>#modifiedtelemetry</styleUrl>
                <TimeSpan>
                  <begin>2026-10-02T17:05:42.361899+00:00</begin>
                  <end>2026-10-02T17:05:43.361899+00:00</end>
                </TimeSpan>
                <Point>
                  <coordinates>8.520897070755662,47.37328283356786,0</coordinates>
                </Point>
              </Placemark>
              <Placemark>
                <name>Telemetry 49</name>
                <styleUrl>#modifiedtelemetry</styleUrl>
                <TimeSpan>
                  <begin>2026-10-02T17:05:43.361899+00:00</begin>
                  <end>2026-10-02T17:05:44.361899+00:00</end>
                </TimeSpan>
                <Point>
                  <coordinates>8.520830607513398,47.37333296493023,0</coordinates>
                </Point>
              </Placemark>
              <Placemark>
                <name>Telemetry 50</name>
                <styleUrl>#modifiedtelemetry</styleUrl>
                <TimeSpan>
                  <begin>2026-10-02T17:05:44.361899+00:00</begin>
                  <end>2026-10-02T17:05:45.361899+00:00</end>
                </TimeSpan>
                <Point>
                  <coordinates>8.520764144271133,47.3733830962926,0</coordinates>
                </Point>
              </Placemark>
              <Placemark>
                <name>Telemetry 51</name>
                <styleUrl>#modifiedtelemetry</styleUrl>
                <TimeSpan>
                  <begin>2026-10-02T17:05:45.361899+00:00</begin>
                  <end>2026-10-02T17:05:46.361899+00:00</end>
                </TimeSpan>
                <Point>
                  <coordinates>8.520697681028867,47.37343322765497,0</coordinates>
                </Point>
              </Placemark>
              <Placemark>
                <name>Telemetry 52</name>
                <styleUrl>#modifiedtelemetry</styleUrl>
                <TimeSpan>
                  <begin>2026-10-02T17:05:46.361899+00:00</begin>
                  <end>2026-10-02T17:05:47.361899+00:00</end>
                </TimeSpan>
                <Point>
                  <coordinates>8.520631217786603,47.373483359017335,0</coordinates>
                </Point>
              </Placemark>
              <Placemark>
                <name>Telemetry 53</name>
                <styleUrl>#modifiedtelemetry</styleUrl>
                <TimeSpan>
                  <begin>2026-10-02T17:05:47.361899+00:00</begin>
                  <end>2026-10-02T17:05:48.361899+00:00</end>
                </TimeSpan>
                <Point>
                  <coordinates>8.520564754544338,47.37353349037971,0</coordinates>
                </Point>
              </Placemark>
              <Placemark>
                <name>Telemetry 54</name>
                <styleUrl>#modifiedtelemetry</styleUrl>
                <TimeSpan>
                  <begin>2026-10-02T17:05:48.361899+00:00</begin>
                  <end>2026-10-02T17:05:49.361899+00:00</end>
                </TimeSpan>
                <Point>
                  <coordinates>8.520498291302074,47.37358362174207,0</coordinates>
                </Point>
              </Placemark>
              <Placemark>
                <name>Telemetry 55</name>
                <styleUrl>#modifiedtelemetry</styleUrl>
                <TimeSpan>
                  <begin>2026-10-02T17:05:49.361899+00:00</begin>
                  <end>2026-10-02T17:05:50.361899+00:00</end>
                </TimeSpan>
                <Point>
                  <coordinates>8.520431828059808,47.37363375310444,0</coordinates>
                </Point>
              </Placemark>
              <Placemark>
                <name>Telemetry 56</name>
                <styleUrl>#modifiedtelemetry</styleUrl>
                <TimeSpan>
                  <begin>2026-10-02T17:05:50.361899+00:00</begin>
                  <end>2026-10-02T17:05:51.361899+00:00</end>
                </TimeSpan>
                <Point>
                  <coordinates>8.520365364817543,47.373683884466814,0</coordinates>
                </Point>
              </Placemark>
              <Placemark>
                <name>Telemetry 57</name>
                <styleUrl>#modifiedtelemetry</styleUrl>
                <TimeSpan>
                  <begin>2026-10-02T17:05:51.361899+00:00</begin>
                  <end>2026-10-02T17:05:52.361899+00:00</end>
                </TimeSpan>
                <Point>
                  <coordinates>8.520303903282091,47.37373680594896,0</coordinates>
                </Point>
              </Placemark>
              <Placemark>
                <name>Telemetry 58</name>
                <styleUrl>#modifiedtelemetry</styleUrl>
                <TimeSpan>
                  <begin>2026-10-02T17:05:52.361899+00:00</begin>
                  <end>2026-10-02T17:05:53.361899+00:00</end>
                </TimeSpan>
                <Point>
                  <coordinates>8.520235595452737,47.373798117289056,0</coordinates>
                </Point>
              </Placemark>
              <Placemark>
                <name>Telemetry 59</name>
                <styleUrl>#modifiedtelemetry</styleUrl>
                <TimeSpan>
                  <begin>2026-10-02T17:05:53.361899+00:00</begin>
                  <end>2026-10-02T17:05:54.361899+00:00</end>
                </TimeSpan>
                <Point>
                  <coordinates>8.520167287623382,47.373859428629146,0</coordinates>
                </Point>
              </Placemark>
              <Placemark>
                <name>Telemetry 60</name>
                <styleUrl>#modifiedtelemetry</styleUrl>
                <TimeSpan>
                  <begin>2026-10-02T17:05:54.361899+00:00</begin>
                  <end>2026-10-02T17:05:55.361899+00:00</end>
                </TimeSpan>
                <Point>
                  <coordinates>8.520098979794028,47.37392073996924,0</coordinates>
                </Point>
              </Placemark>
              <Placemark>
                <name>Telemetry 61</name>
                <styleUrl>#modifiedtelemetry</styleUrl>
                <TimeSpan>
                  <begin>2026-10-02T17:05:55.361899+00:00</begin>
                  <end>2026-10-02T17:05:56.361899+00:00</end>
                </TimeSpan>
                <Point>
                  <coordinates>8.520030671964673,47.37398205130934,0</coordinates>
                </Point>
              </Placemark>
              <Placemark>
                <name>Telemetry 62</name>
                <styleUrl>#modifiedtelemetry</styleUrl>
                <TimeSpan>
                  <begin>2026-10-02T17:05:56.361899+00:00</begin>
                  <end>2026-10-02T17:05:57.361899+00:00</end>
                </TimeSpan>
                <Point>
                  <coordinates>8.519962364135319,47.37404336264943,0</coordinates>
                </Point>
              </Placemark>
              <Placemark>
                <name>Telemetry 63</name>
                <styleUrl>#modifiedtelemetry</styleUrl>
                <TimeSpan>
                  <begin>2026-10-02T17:05:57.361899+00:00</begin>
                  <end>2026-10-02T17:05:58.361899+00:00</end>
                </TimeSpan>
                <Point>
                  <coordinates>8.519895098918301,47.374105167193115,0</coordinates>
                </Point>
              </Placemark>
            </Folder>
          </Folder>
        </Folder>
        <Folder>
          <name>Service Provider polling</name>
        </Folder>
        <Folder>
          <name>Service Provider polling</name>
        </Folder>
        <Folder>
          <name>Service Provider polling</name>
        </Folder>
        <Folder>
          <name>Service Provider polling</name>
        </Folder>
        <Folder>
          <name>Service Provider polling</name>
        </Folder>
        <Folder>
          <name>Verify operator notification</name>
        </Folder>
        <Folder>
          <name>Intermediate cleanup</name>
        </Folder>
        <Folder>
          <name>Retrieve pre-existing operator notification</name>
        </Folder>
        <Folder>
          <name>Injection</name>
          <Folder>
            <name>E84: uss1 interuss.automated_testing.rid.v1.injection.createTest</name>
            <Folder>
              <name>Test flight 478ca1a9-3e07-4615-8988-7bd4d1610afd</name>
              <Placemark>
                <name>Telemetry 0</name>
                <styleUrl>#modifiedtelemetry</styleUrl>
                <TimeSpan>
                  <begin>2026-10-02T17:05:04.959814+00:00</begin>
                  <end>2026-10-02T17:05:05.959814+00:00</end>
                </TimeSpan>
                <Point>
                  <coordinates>8.523321827032547,47.3715045208158,0</coordinates>
                </Point>
              </Placemark>
              <Placemark>
                <name>Telemetry 1</name>
                <styleUrl>#modifiedtelemetry</styleUrl>
                <TimeSpan>
                  <begin>2026-10-02T17:05:05.959814+00:00</begin>
                  <end>2026-10-02T17:05:06.959814+00:00</end>
                </TimeSpan>
                <Point>
                  <coordinates>8.523282890548819,47.371540881223694,0</coordinates>
                </Point>
              </Placemark>
              <Placemark>
                <name>Telemetry 2</name>
                <styleUrl>#modifiedtelemetry</styleUrl>
                <TimeSpan>
                  <begin>2026-10-02T17:05:06.959814+00:00</begin>
                  <end>2026-10-02T17:05:07.959814+00:00</end>
                </TimeSpan>
                <Point>
                  <coordinates>8.52324395406509,47.37157724163159,0</coordinates>
                </Point>
              </Placemark>
              <Placemark>
                <name>Telemetry 3</name>
                <styleUrl>#modifiedtelemetry</styleUrl>
                <TimeSpan>
                  <begin>2026-10-02T17:05:07.959814+00:00</begin>
                  <end>2026-10-02T17:05:08.959814+00:00</end>
                </TimeSpan>
                <Point>
                  <coordinates>8.523205017581365,47.37161360203949,0</coordinates>
                </Point>
              </Placemark>
              <Placemark>
                <name>Telemetry 4</name>
                <styleUrl>#modifiedtelemetry</styleUrl>
                <TimeSpan>
                  <begin>2026-10-02T17:05:08.959814+00:00</begin>
                  <end>2026-10-02T17:05:09.959814+00:00</end>
                </TimeSpan>
                <Point>
                  <coordinates>8.523166081097637,47.371649962447385,0</coordinates>
                </Point>
              </Placemark>
              <Placemark>
                <name>Telemetry 5</name>
                <styleUrl>#modifiedtelemetry</styleUrl>
                <TimeSpan>
                  <begin>2026-10-02T17:05:09.959814+00:00</begin>
                  <end>2026-10-02T17:05:10.959814+00:00</end>
                </TimeSpan>
                <Point>
                  <coordinates>8.523118769605144,47.37168134446735,0</coordinates>
                </Point>
              </Placemark>
              <Placemark>
                <name>Telemetry 6</name>
                <styleUrl>#modifiedtelemetry</styleUrl>
                <TimeSpan>
                  <begin>2026-10-02T17:05:10.959814+00:00</begin>
                  <end>2026-10-02T17:05:11.959814+00:00</end>
                </TimeSpan>
                <Point>
                  <coordinates>8.523070583658326,47.37171220668214,0</coordinates>
                </Point>
              </Placemark>
              <Placemark>
                <name>Telemetry 7</name>
                <styleUrl>#modifiedtelemetry</styleUrl>
                <TimeSpan>
                  <begin>2026-10-02T17:05:11.959814+00:00</begin>
                  <end>2026-10-02T17:05:12.959814+00:00</end>
                </TimeSpan>
                <Point>
                  <coordinates>8.523022397711506,47.371743068896926,0</coordinates>
                </Point>
              </Placemark>
              <Placemark>
                <name>Telemetry 8</name>
                <styleUrl>#modifiedtelemetry</styleUrl>
                <TimeSpan>
                  <begin>2026-10-02T17:05:12.959814+00:00</begin>
                  <end>2026-10-02T17:05:13.959814+00:00</end>
                </TimeSpan>
                <Point>
                  <coordinates>8.5229757392881,47.371774910132885,0</coordinates>
                </Point>
              </Placemark>
              <Placemark>
                <name>Telemetry 9</name>
                <styleUrl>#modifiedtelemetry</styleUrl>
                <TimeSpan>
                  <begin>2026-10-02T17:05:13.959814+00:00</begin>
                  <end>2026-10-02T17:05:14.959814+00:00</end>
                </TimeSpan>
                <Point>
                  <coordinates>8.522932891599606,47.371809193747204,0</coordinates>
                </Point>
              </Placemark>
              <Placemark>
                <name>Telemetry 10</name>
                <styleUrl>#modifiedtelemetry</styleUrl>
                <TimeSpan>
                  <begin>2026-10-02T17:05:14.959814+00:00</begin>
                  <end>2026-10-02T17:05:15.959814+00:00</end>
                </TimeSpan>
                <Point>
                  <coordinates>8.522890043911113,47.37184347736152,0</coordinates>
                </Point>
              </Placemark>
              <Placemark>
                <name>Telemetry 11</name>
                <styleUrl>#modifiedtelemetry</styleUrl>
                <TimeSpan>
                  <begin>2026-10-02T17:05:15.959814+00:00</begin>
                  <end>2026-10-02T17:05:16.959814+00:00</end>
                </TimeSpan>
                <Point>
                  <coordinates>8.52284719622262,47.37187776097584,0</coordinates>
                </Point>
              </Placemark>
              <Placemark>
                <name>Telemetry 12</name>
                <styleUrl>#modifiedtelemetry</styleUrl>
                <TimeSpan>
                  <begin>2026-10-02T17:05:16.959814+00:00</begin>
                  <end>2026-10-02T17:05:17.959814+00:00</end>
                </TimeSpan>
                <Point>
                  <coordinates>8.522804348534127,47.37191204459016,0</coordinates>
                </Point>
              </Placemark>
              <Placemark>
                <name>Telemetry 13</name>
                <styleUrl>#modifiedtelemetry</styleUrl>
                <TimeSpan>
                  <begin>2026-10-02T17:05:17.959814+00:00</begin>
                  <end>2026-10-02T17:05:18.959814+00:00</end>
                </TimeSpan>
                <Point>
                  <coordinates>8.522761500845634,47.37194632820448,0</coordinates>
                </Point>
              </Placemark>
              <Placemark>
                <name>Telemetry 14</name>
                <styleUrl>#modifiedtelemetry</styleUrl>
                <TimeSpan>
                  <begin>2026-10-02T17:05:18.959814+00:00</begin>
                  <end>2026-10-02T17:05:19.959814+00:00</end>
                </TimeSpan>
                <Point>
                  <coordinates>8.522718653157142,47.371980611818806,0</coordinates>
                </Point>
              </Placemark>
              <Placemark>
                <name>Telemetry 15</name>
                <styleUrl>#modifiedtelemetry</styleUrl>
                <TimeSpan>
                  <begin>2026-10-02T17:05:19.959814+00:00</begin>
                  <end>2026-10-02T17:05:20.959814+00:00</end>
                </TimeSpan>
                <Point>
                  <coordinates>8.522675805468648,47.372014895433125,0</coordinates>
                </Point>
              </Placemark>
              <Placemark>
                <name>Telemetry 16</name>
                <styleUrl>#modifiedtelemetry</styleUrl>
                <TimeSpan>
                  <begin>2026-10-02T17:05:20.959814+00:00</begin>
                  <end>2026-10-02T17:05:21.959814+00:00</end>
                </TimeSpan>
                <Point>
                  <coordinates>8.522630095760274,47.37204743572325,0</coordinates>
                </Point>
              </Placemark>
              <Placemark>
                <name>Telemetry 17</name>
                <styleUrl>#modifiedtelemetry</styleUrl>
                <TimeSpan>
                  <begin>2026-10-02T17:05:21.959814+00:00</begin>
                  <end>2026-10-02T17:05:22.959814+00:00</end>
                </TimeSpan>
                <Point>
                  <coordinates>8.522580799973472,47.372082380767935,0</coordinates>
                </Point>
              </Placemark>
              <Placemark>
                <name>Telemetry 18</name>
                <styleUrl>#modifiedtelemetry</styleUrl>
                <TimeSpan>
                  <begin>2026-10-02T17:05:22.959814+00:00</begin>
                  <end>2026-10-02T17:05:23.959814+00:00</end>
                </TimeSpan>
                <Point>
                  <coordinates>8.52253150418667,47.372117325812624,0</coordinates>
                </Point>
              </Placemark>
              <Placemark>
                <name>Telemetry 19</name>
                <styleUrl>#modifiedtelemetry</styleUrl>
                <TimeSpan>
                  <begin>2026-10-02T17:05:23.959814+00:00</begin>
                  <end>2026-10-02T17:05:24.959814+00:00</end>
                </TimeSpan>
                <Point>
                  <coordinates>8.52248220839987,47.372152270857306,0</coordinates>
                </Point>
              </Placemark>
              <Placemark>
                <name>Telemetry 20</name>
                <styleUrl>#modifiedtelemetry</styleUrl>
                <TimeSpan>
                  <begin>2026-10-02T17:05:24.959814+00:00</begin>
                  <end>2026-10-02T17:05:25.959814+00:00</end>
                </TimeSpan>
                <Point>
                  <coordinates>8.522432912613064,47.372187215901995,0</coordinates>
                </Point>
              </Placemark>
              <Placemark>
                <name>Telemetry 21</name>
                <styleUrl>#modifiedtelemetry</styleUrl>
                <TimeSpan>
                  <begin>2026-10-02T17:05:25.959814+00:00</begin>
                  <end>2026-10-02T17:05:26.959814+00:00</end>
                </TimeSpan>
                <Point>
                  <coordinates>8.522383616826263,47.37222216094668,0</coordinates>
                </Point>
              </Placemark>
              <Placemark>
                <name>Telemetry 22</name>
                <styleUrl>#modifiedtelemetry</styleUrl>
                <TimeSpan>
                  <begin>2026-10-02T17:05:26.959814+00:00</begin>
                  <end>2026-10-02T17:05:27.959814+00:00</end>
                </TimeSpan>
                <Point>
                  <coordinates>8.52233432103946,47.372257105991366,0</coordinates>
                </Point>
              </Placemark>
              <Placemark>
                <name>Telemetry 23</name>
                <styleUrl>#modifiedtelemetry</styleUrl>
                <TimeSpan>
                  <begin>2026-10-02T17:05:27.959814+00:00</begin>
                  <end>2026-10-02T17:05:28.959814+00:00</end>
                </TimeSpan>
                <Point>
                  <coordinates>8.52228502525266,47.37229205103605,0</coordinates>
                </Point>
              </Placemark>
              <Placemark>
                <name>Telemetry 24</name>
                <styleUrl>#modifiedtelemetry</styleUrl>
                <TimeSpan>
                  <begin>2026-10-02T17:05:28.959814+00:00</begin>
                  <end>2026-10-02T17:05:29.959814+00:00</end>
                </TimeSpan>
                <Point>
                  <coordinates>8.522235729465857,47.37232699608074,0</coordinates>
                </Point>
              </Placemark>
              <Placemark>
                <name>Telemetry 25</name>
                <styleUrl>#modifiedtelemetry</styleUrl>
                <TimeSpan>
                  <begin>2026-10-02T17:05:29.959814+00:00</begin>
                  <end>2026-10-02T17:05:30.959814+00:00</end>
                </TimeSpan>
                <Point>
                  <coordinates>8.522186433679055,47.37236194112542,0</coordinates>
                </Point>
              </Placemark>
              <Placemark>
                <name>Telemetry 26</name>
                <styleUrl>#modifiedtelemetry</styleUrl>
                <TimeSpan>
                  <begin>2026-10-02T17:05:30.959814+00:00</begin>
                  <end>2026-10-02T17:05:31.959814+00:00</end>
                </TimeSpan>
                <Point>
                  <coordinates>8.522137137892253,47.37239688617011,0</coordinates>
                </Point>
              </Placemark>
              <Placemark>
                <name>Telemetry 27</name>
                <styleUrl>#modifiedtelemetry</styleUrl>
                <TimeSpan>
                  <begin>2026-10-02T17:05:31.959814+00:00</begin>
                  <end>2026-10-02T17:05:32.959814+00:00</end>
                </TimeSpan>
                <Point>
                  <coordinates>8.522087838468211,47.37243182886079,0</coordinates>
                </Point>
              </Placemark>
              <Placemark>
                <name>Telemetry 28</name>
                <styleUrl>#modifiedtelemetry</styleUrl>
                <TimeSpan>
                  <begin>2026-10-02T17:05:32.959814+00:00</begin>
                  <end>2026-10-02T17:05:33.959814+00:00</end>
                </TimeSpan>
                <Point>
                  <coordinates>8.522032112466293,47.37247131013179,0</coordinates>
                </Point>
              </Placemark>
              <Placemark>
                <name>Telemetry 29</name>
                <styleUrl>#modifiedtelemetry</styleUrl>
                <TimeSpan>
                  <begin>2026-10-02T17:05:33.959814+00:00</begin>
                  <end>2026-10-02T17:05:34.959814+00:00</end>
                </TimeSpan>
                <Point>
                  <coordinates>8.521976386464376,47.37251079140279,0</coordinates>
                </Point>
              </Placemark>
              <Placemark>
                <name>Telemetry 30</name>
                <styleUrl>#modifiedtelemetry</styleUrl>
                <TimeSpan>
                  <begin>2026-10-02T17:05:34.959814+00:00</begin>
                  <end>2026-10-02T17:05:35.959814+00:00</end>
                </TimeSpan>
                <Point>
                  <coordinates>8.521920660462458,47.37255027267379,0</coordinates>
                </Point>
              </Placemark>
              <Placemark>
                <name>Telemetry 31</name>
                <styleUrl>#modifiedtelemetry</styleUrl>
                <TimeSpan>
                  <begin>2026-10-02T17:05:35.959814+00:00</begin>
                  <end>2026-10-02T17:05:36.959814+00:00</end>
                </TimeSpan>
                <Point>
                  <coordinates>8.521864934460542,47.37258975394479,0</coordinates>
                </Point>
              </Placemark>
              <Placemark>
                <name>Telemetry 32</name>
                <styleUrl>#modifiedtelemetry</styleUrl>
                <TimeSpan>
                  <begin>2026-10-02T17:05:36.959814+00:00</begin>
                  <end>2026-10-02T17:05:37.959814+00:00</end>
                </TimeSpan>
                <Point>
                  <coordinates>8.521809208458624,47.37262923521579,0</coordinates>
                </Point>
              </Placemark>
              <Placemark>
                <name>Telemetry 33</name>
                <styleUrl>#modifiedtelemetry</styleUrl>
                <TimeSpan>
                  <begin>2026-10-02T17:05:37.959814+00:00</begin>
                  <end>2026-10-02T17:05:38.959814+00:00</end>
                </TimeSpan>
                <Point>
                  <coordinates>8.521753482456708,47.372668716486785,0</coordinates>
                </Point>
              </Placemark>
              <Placemark>
                <name>Telemetry 34</name>
                <styleUrl>#modifiedtelemetry</styleUrl>
                <TimeSpan>
                  <begin>2026-10-02T17:05:38.959814+00:00</begin>
                  <end>2026-10-02T17:05:39.959814+00:00</end>
                </TimeSpan>
                <Point>
                  <coordinates>8.521697756454788,47.37270819775779,0</coordinates>
                </Point>
              </Placemark>
              <Placemark>
                <name>Telemetry 35</name>
                <styleUrl>#modifiedtelemetry</styleUrl>
                <TimeSpan>
                  <begin>2026-10-02T17:05:39.959814+00:00</begin>
                  <end>2026-10-02T17:05:40.959814+00:00</end>
                </TimeSpan>
                <Point>
                  <coordinates>8.52164203045287,47.372747679028784,0</coordinates>
                </Point>
              </Placemark>
              <Placemark>
                <name>Telemetry 36</name>
                <styleUrl>#modifiedtelemetry</styleUrl>
                <TimeSpan>
                  <begin>2026-10-02T17:05:40.959814+00:00</begin>
                  <end>2026-10-02T17:05:41.959814+00:00</end>
                </TimeSpan>
                <Point>
                  <coordinates>8.521586304450953,47.37278716029979,0</coordinates>
                </Point>
              </Placemark>
              <Placemark>
                <name>Telemetry 37</name>
                <styleUrl>#modifiedtelemetry</styleUrl>
                <TimeSpan>
                  <begin>2026-10-02T17:05:41.959814+00:00</begin>
                  <end>2026-10-02T17:05:42.959814+00:00</end>
                </TimeSpan>
                <Point>
                  <coordinates>8.521530578449035,47.37282664157078,0</coordinates>
                </Point>
              </Placemark>
              <Placemark>
                <name>Telemetry 38</name>
                <styleUrl>#modifiedtelemetry</styleUrl>
                <TimeSpan>
                  <begin>2026-10-02T17:05:42.959814+00:00</begin>
                  <end>2026-10-02T17:05:43.959814+00:00</end>
                </TimeSpan>
                <Point>
                  <coordinates>8.521474852447117,47.372866122841785,0</coordinates>
                </Point>
              </Placemark>
              <Placemark>
                <name>Telemetry 39</name>
                <styleUrl>#modifiedtelemetry</styleUrl>
                <TimeSpan>
                  <begin>2026-10-02T17:05:43.959814+00:00</begin>
                  <end>2026-10-02T17:05:44.959814+00:00</end>
                </TimeSpan>
                <Point>
                  <coordinates>8.5214191264452,47.37290560411278,0</coordinates>
                </Point>
              </Placemark>
              <Placemark>
                <name>Telemetry 40</name>
                <styleUrl>#modifiedtelemetry</styleUrl>
                <TimeSpan>
                  <begin>2026-10-02T17:05:44.959814+00:00</begin>
                  <end>2026-10-02T17:05:45.959814+00:00</end>
                </TimeSpan>
                <Point>
                  <coordinates>8.521363400443283,47.37294508538378,0</coordinates>
                </Point>
              </Placemark>
              <Placemark>
                <name>Telemetry 41</name>
                <styleUrl>#modifiedtelemetry</styleUrl>
                <TimeSpan>
                  <begin>2026-10-02T17:05:45.959814+00:00</begin>
                  <end>2026-10-02T17:05:46.959814+00:00</end>
                </TimeSpan>
                <Point>
                  <coordinates>8.521307674441365,47.37298456665478,0</coordinates>
                </Point>
              </Placemark>
              <Placemark>
                <name>Telemetry 42</name>
                <styleUrl>#modifiedtelemetry</styleUrl>
                <TimeSpan>
                  <begin>2026-10-02T17:05:46.959814+00:00</begin>
                  <end>2026-10-02T17:05:47.959814+00:00</end>
                </TimeSpan>
                <Point>
                  <coordinates>8.521251948439447,47.37302404792578,0</coordinates>
                </Point>
              </Placemark>
              <Placemark>
                <name>Telemetry 43</name>
                <styleUrl>#modifiedtelemetry</styleUrl>
                <TimeSpan>
                  <begin>2026-10-02T17:05:47.959814+00:00</begin>
                  <end>2026-10-02T17:05:48.959814+00:00</end>
                </TimeSpan>
                <Point>
                  <coordinates>8.52119622243753,47.37306352919678,0</coordinates>
                </Point>
              </Placemark>
              <Placemark>
                <name>Telemetry 44</name>
                <styleUrl>#modifiedtelemetry</styleUrl>
                <TimeSpan>
                  <begin>2026-10-02T17:05:48.959814+00:00</begin>
                  <end>2026-10-02T17:05:49.959814+00:00</end>
                </TimeSpan>
                <Point>
                  <coordinates>8.521140496435612,47.37310301046778,0</coordinates>
                </Point>
              </Placemark>
              <Placemark>
                <name>Telemetry 45</name>
                <styleUrl>#modifiedtelemetry</styleUrl>
                <TimeSpan>
                  <begin>2026-10-02T17:05:49.959814+00:00</begin>
                  <end>2026-10-02T17:05:50.959814+00:00</end>
                </TimeSpan>
                <Point>
                  <coordinates>8.521084770433694,47.373142491738776,0</coordinates>
                </Point>
              </Placemark>
              <Placemark>
                <name>Telemetry 46</name>
                <styleUrl>#modifiedtelemetry</styleUrl>
                <TimeSpan>
                  <begin>2026-10-02T17:05:50.959814+00:00</begin>
                  <end>2026-10-02T17:05:51.959814+00:00</end>
                </TimeSpan>
                <Point>
                  <coordinates>8.521029997240193,47.37318257084312,0</coordinates>
                </Point>
              </Placemark>
              <Placemark>
                <name>Telemetry 47</name>
                <styleUrl>#modifiedtelemetry</styleUrl>
                <TimeSpan>
                  <begin>2026-10-02T17:05:51.959814+00:00</begin>
                  <end>2026-10-02T17:05:52.959814+00:00</end>
                </TimeSpan>
                <Point>
                  <coordinates>8.520963533997929,47.37323270220549,0</coordinates>
                </Point>
              </Placemark>
              <Placemark>
                <name>Telemetry 48</name>
                <styleUrl>#modifiedtelemetry</styleUrl>
                <TimeSpan>
                  <begin>2026-10-02T17:05:52.959814+00:00</begin>
                  <end>2026-10-02T17:05:53.959814+00:00</end>
                </TimeSpan>
                <Point>
                  <coordinates>8.520897070755662,47.37328283356786,0</coordinates>
                </Point>
              </Placemark>
              <Placemark>
                <name>Telemetry 49</name>
                <styleUrl>#modifiedtelemetry</styleUrl>
                <TimeSpan>
                  <begin>2026-10-02T17:05:53.959814+00:00</begin>
                  <end>2026-10-02T17:05:54.959814+00:00</end>
                </TimeSpan>
                <Point>
                  <coordinates>8.520830607513398,47.37333296493023,0</coordinates>
                </Point>
              </Placemark>
              <Placemark>
                <name>Telemetry 50</name>
                <styleUrl>#modifiedtelemetry</styleUrl>
                <TimeSpan>
                  <begin>2026-10-02T17:05:54.959814+00:00</begin>
                  <end>2026-10-02T17:05:55.959814+00:00</end>
                </TimeSpan>
                <Point>
                  <coordinates>8.520764144271133,47.3733830962926,0</coordinates>
                </Point>
              </Placemark>
              <Placemark>
                <name>Telemetry 51</name>
                <styleUrl>#modifiedtelemetry</styleUrl>
                <TimeSpan>
                  <begin>2026-10-02T17:05:55.959814+00:00</begin>
                  <end>2026-10-02T17:05:56.959814+00:00</end>
                </TimeSpan>
                <Point>
                  <coordinates>8.520697681028867,47.37343322765497,0</coordinates>
                </Point>
              </Placemark>
              <Placemark>
                <name>Telemetry 52</name>
                <styleUrl>#modifiedtelemetry</styleUrl>
                <TimeSpan>
                  <begin>2026-10-02T17:05:56.959814+00:00</begin>
                  <end>2026-10-02T17:05:57.959814+00:00</end>
                </TimeSpan>
                <Point>
                  <coordinates>8.520631217786603,47.373483359017335,0</coordinates>
                </Point>
              </Placemark>
              <Placemark>
                <name>Telemetry 53</name>
                <styleUrl>#modifiedtelemetry</styleUrl>
                <TimeSpan>
                  <begin>2026-10-02T17:05:57.959814+00:00</begin>
                  <end>2026-10-02T17:05:58.959814+00:00</end>
                </TimeSpan>
                <Point>
                  <coordinates>8.520564754544338,47.37353349037971,0</coordinates>
                </Point>
              </Placemark>
              <Placemark>
                <name>Telemetry 54</name>
                <styleUrl>#modifiedtelemetry</styleUrl>
                <TimeSpan>
                  <begin>2026-10-02T17:05:58.959814+00:00</begin>
                  <end>2026-10-02T17:05:59.959814+00:00</end>
                </TimeSpan>
                <Point>
                  <coordinates>8.520498291302074,47.37358362174207,0</coordinates>
                </Point>
              </Placemark>
              <Placemark>
                <name>Telemetry 55</name>
                <styleUrl>#modifiedtelemetry</styleUrl>
                <TimeSpan>
                  <begin>2026-10-02T17:05:59.959814+00:00</begin>
                  <end>2026-10-02T17:06:00.959814+00:00</end>
                </TimeSpan>
                <Point>
                  <coordinates>8.520431828059808,47.37363375310444,0</coordinates>
                </Point>
              </Placemark>
              <Placemark>
                <name>Telemetry 56</name>
                <styleUrl>#modifiedtelemetry</styleUrl>
                <TimeSpan>
                  <begin>2026-10-02T17:06:00.959814+00:00</begin>
                  <end>2026-10-02T17:06:01.959814+00:00</end>
                </TimeSpan>
                <Point>
                  <coordinates>8.520365364817543,47.373683884466814,0</coordinates>
                </Point>
              </Placemark>
              <Placemark>
                <name>Telemetry 57</name>
                <styleUrl>#modifiedtelemetry</styleUrl>
                <TimeSpan>
                  <begin>2026-10-02T17:06:01.959814+00:00</begin>
                  <end>2026-10-02T17:06:02.959814+00:00</end>
                </TimeSpan>
                <Point>
                  <coordinates>8.520303903282091,47.37373680594896,0</coordinates>
                </Point>
              </Placemark>
              <Placemark>
                <name>Telemetry 58</name>
                <styleUrl>#modifiedtelemetry</styleUrl>
                <TimeSpan>
                  <begin>2026-10-02T17:06:02.959814+00:00</begin>
                  <end>2026-10-02T17:06:03.959814+00:00</end>
                </TimeSpan>
                <Point>
                  <coordinates>8.520235595452737,47.373798117289056,0</coordinates>
                </Point>
              </Placemark>
              <Placemark>
                <name>Telemetry 59</name>
                <styleUrl>#modifiedtelemetry</styleUrl>
                <TimeSpan>
                  <begin>2026-10-02T17:06:03.959814+00:00</begin>
                  <end>2026-10-02T17:06:04.959814+00:00</end>
                </TimeSpan>
                <Point>
                  <coordinates>8.520167287623382,47.373859428629146,0</coordinates>
                </Point>
              </Placemark>
              <Placemark>
                <name>Telemetry 60</name>
                <styleUrl>#modifiedtelemetry</styleUrl>
                <TimeSpan>
                  <begin>2026-10-02T17:06:04.959814+00:00</begin>
                  <end>2026-10-02T17:06:05.959814+00:00</end>
                </TimeSpan>
                <Point>
                  <coordinates>8.520098979794028,47.37392073996924,0</coordinates>
                </Point>
              </Placemark>
              <Placemark>
                <name>Telemetry 61</name>
                <styleUrl>#modifiedtelemetry</styleUrl>
                <TimeSpan>
                  <begin>2026-10-02T17:06:05.959814+00:00</begin>
                  <end>2026-10-02T17:06:06.959814+00:00</end>
                </TimeSpan>
                <Point>
                  <coordinates>8.520030671964673,47.37398205130934,0</coordinates>
                </Point>
              </Placemark>
              <Placemark>
                <name>Telemetry 62</name>
                <styleUrl>#modifiedtelemetry</styleUrl>
                <TimeSpan>
                  <begin>2026-10-02T17:06:06.959814+00:00</begin>
                  <end>2026-10-02T17:06:07.959814+00:00</end>
                </TimeSpan>
                <Point>
                  <coordinates>8.519962364135319,47.37404336264943,0</coordinates>
                </Point>
              </Placemark>
              <Placemark>
                <name>Telemetry 63</name>
                <styleUrl>#modifiedtelemetry</styleUrl>
                <TimeSpan>
                  <begin>2026-10-02T17:06:07.959814+00:00</begin>
                  <end>2026-10-02T17:06:08.959814+00:00</end>
                </TimeSpan>
                <Point>
                  <coordinates>8.519895098918301,47.374105167193115,0</coordinates>
                </Point>
              </Placemark>
            </Folder>
          </Folder>
        </Folder>
        <Folder>
          <name>Service Provider polling</name>
        </Folder>
        <Folder>
          <name>Service Provider polling</name>
        </Folder>
        <Folder>
          <name>Service Provider polling</name>
        </Folder>
        <Folder>
          <name>Service Provider polling</name>
        </Folder>
        <Folder>
          <name>Service Provider polling</name>
        </Folder>
        <Folder>
          <name>Verify operator notification</name>
        </Folder>
        <Folder>
          <name>Intermediate cleanup</name>
        </Folder>
        <Folder>
          <name>Retrieve pre-existing operator notification</name>
        </Folder>
        <Folder>
          <name>Injection</name>
          <Folder>
            <name>E104: uss1 interuss.automated_testing.rid.v1.injection.createTest</name>
            <Folder>
              <name>Test flight 5fbc2fb0-63da-4c0a-931d-cec5813a8677</name>
              <Placemark>
                <name>Telemetry 0</name>
                <styleUrl>#modifiedtelemetry</styleUrl>
                <TimeSpan>
                  <begin>2026-10-02T17:05:15.586308+00:00</begin>
                  <end>2026-10-02T17:05:16.586308+00:00</end>
                </TimeSpan>
                <Point>
                  <coordinates>8.523321827032547,47.3715045208158,0</coordinates>
                </Point>
              </Placemark>
              <Placemark>
                <name>Telemetry 1</name>
                <styleUrl>#modifiedtelemetry</styleUrl>
                <TimeSpan>
                  <begin>2026-10-02T17:05:16.586308+00:00</begin>
                  <end>2026-10-02T17:05:17.586308+00:00</end>
                </TimeSpan>
                <Point>
                  <coordinates>8.523282890548819,47.371540881223694,0</coordinates>
                </Point>
              </Placemark>
              <Placemark>
                <name>Telemetry 2</name>
                <styleUrl>#modifiedtelemetry</styleUrl>
                <TimeSpan>
                  <begin>2026-10-02T17:05:17.586308+00:00</begin>
                  <end>2026-10-02T17:05:18.586308+00:00</end>
                </TimeSpan>
                <Point>
                  <coordinates>8.52324395406509,47.37157724163159,0</coordinates>
                </Point>
              </Placemark>
              <Placemark>
                <name>Telemetry 3</name>
                <styleUrl>#modifiedtelemetry</styleUrl>
                <TimeSpan>
                  <begin>2026-10-02T17:05:18.586308+00:00</begin>
                  <end>2026-10-02T17:05:19.586308+00:00</end>
                </TimeSpan>
                <Point>
                  <coordinates>8.523205017581365,47.37161360203949,0</coordinates>
                </Point>
              </Placemark>
              <Placemark>
                <name>Telemetry 4</name>
                <styleUrl>#modifiedtelemetry</styleUrl>
                <TimeSpan>
                  <begin>2026-10-02T17:05:19.586308+00:00</begin>
                  <end>2026-10-02T17:05:20.586308+00:00</end>
                </TimeSpan>
                <Point>
                  <coordinates>8.523166081097637,47.371649962447385,0</coordinates>
                </Point>
              </Placemark>
              <Placemark>
                <name>Telemetry 5</name>
                <styleUrl>#modifiedtelemetry</styleUrl>
                <TimeSpan>
                  <begin>2026-10-02T17:05:20.586308+00:00</begin>
                  <end>2026-10-02T17:05:21.586308+00:00</end>
                </TimeSpan>
                <Point>
                  <coordinates>8.523118769605144,47.37168134446735,0</coordinates>
                </Point>
              </Placemark>
              <Placemark>
                <name>Telemetry 6</name>
                <styleUrl>#modifiedtelemetry</styleUrl>
                <TimeSpan>
                  <begin>2026-10-02T17:05:21.586308+00:00</begin>
                  <end>2026-10-02T17:05:22.586308+00:00</end>
                </TimeSpan>
                <Point>
                  <coordinates>8.523070583658326,47.37171220668214,0</coordinates>
                </Point>
              </Placemark>
              <Placemark>
                <name>Telemetry 7</name>
                <styleUrl>#modifiedtelemetry</styleUrl>
                <TimeSpan>
                  <begin>2026-10-02T17:05:22.586308+00:00</begin>
                  <end>2026-10-02T17:05:23.586308+00:00</end>
                </TimeSpan>
                <Point>
                  <coordinates>8.523022397711506,47.371743068896926,0</coordinates>
                </Point>
              </Placemark>
              <Placemark>
                <name>Telemetry 8</name>
                <styleUrl>#modifiedtelemetry</styleUrl>
                <TimeSpan>
                  <begin>2026-10-02T17:05:23.586308+00:00</begin>
                  <end>2026-10-02T17:05:24.586308+00:00</end>
                </TimeSpan>
                <Point>
                  <coordinates>8.5229757392881,47.371774910132885,0</coordinates>
                </Point>
              </Placemark>
              <Placemark>
                <name>Telemetry 9</name>
                <styleUrl>#modifiedtelemetry</styleUrl>
                <TimeSpan>
                  <begin>2026-10-02T17:05:24.586308+00:00</begin>
                  <end>2026-10-02T17:05:25.586308+00:00</end>
                </TimeSpan>
                <Point>
                  <coordinates>8.522932891599606,47.371809193747204,0</coordinates>
                </Point>
              </Placemark>
              <Placemark>
                <name>Telemetry 10</name>
                <styleUrl>#modifiedtelemetry</styleUrl>
                <TimeSpan>
                  <begin>2026-10-02T17:05:25.586308+00:00</begin>
                  <end>2026-10-02T17:05:26.586308+00:00</end>
                </TimeSpan>
                <Point>
                  <coordinates>8.522890043911113,47.37184347736152,0</coordinates>
                </Point>
              </Placemark>
              <Placemark>
                <name>Telemetry 11</name>
                <styleUrl>#modifiedtelemetry</styleUrl>
                <TimeSpan>
                  <begin>2026-10-02T17:05:26.586308+00:00</begin>
                  <end>2026-10-02T17:05:27.586308+00:00</end>
                </TimeSpan>
                <Point>
                  <coordinates>8.52284719622262,47.37187776097584,0</coordinates>
                </Point>
              </Placemark>
              <Placemark>
                <name>Telemetry 12</name>
                <styleUrl>#modifiedtelemetry</styleUrl>
                <TimeSpan>
                  <begin>2026-10-02T17:05:27.586308+00:00</begin>
                  <end>2026-10-02T17:05:28.586308+00:00</end>
                </TimeSpan>
                <Point>
                  <coordinates>8.522804348534127,47.37191204459016,0</coordinates>
                </Point>
              </Placemark>
              <Placemark>
                <name>Telemetry 13</name>
                <styleUrl>#modifiedtelemetry</styleUrl>
                <TimeSpan>
                  <begin>2026-10-02T17:05:28.586308+00:00</begin>
                  <end>2026-10-02T17:05:29.586308+00:00</end>
                </TimeSpan>
                <Point>
                  <coordinates>8.522761500845634,47.37194632820448,0</coordinates>
                </Point>
              </Placemark>
              <Placemark>
                <name>Telemetry 14</name>
                <styleUrl>#modifiedtelemetry</styleUrl>
                <TimeSpan>
                  <begin>2026-10-02T17:05:29.586308+00:00</begin>
                  <end>2026-10-02T17:05:30.586308+00:00</end>
                </TimeSpan>
                <Point>
                  <coordinates>8.522718653157142,47.371980611818806,0</coordinates>
                </Point>
              </Placemark>
              <Placemark>
                <name>Telemetry 15</name>
                <styleUrl>#modifiedtelemetry</styleUrl>
                <TimeSpan>
                  <begin>2026-10-02T17:05:30.586308+00:00</begin>
                  <end>2026-10-02T17:05:31.586308+00:00</end>
                </TimeSpan>
                <Point>
                  <coordinates>8.522675805468648,47.372014895433125,0</coordinates>
                </Point>
              </Placemark>
              <Placemark>
                <name>Telemetry 16</name>
                <styleUrl>#modifiedtelemetry</styleUrl>
                <TimeSpan>
                  <begin>2026-10-02T17:05:31.586308+00:00</begin>
                  <end>2026-10-02T17:05:32.586308+00:00</end>
                </TimeSpan>
                <Point>
                  <coordinates>8.522630095760274,47.37204743572325,0</coordinates>
                </Point>
              </Placemark>
              <Placemark>
                <name>Telemetry 17</name>
                <styleUrl>#modifiedtelemetry</styleUrl>
                <TimeSpan>
                  <begin>2026-10-02T17:05:32.586308+00:00</begin>
                  <end>2026-10-02T17:05:33.586308+00:00</end>
                </TimeSpan>
                <Point>
                  <coordinates>8.522580799973472,47.372082380767935,0</coordinates>
                </Point>
              </Placemark>
              <Placemark>
                <name>Telemetry 18</name>
                <styleUrl>#modifiedtelemetry</styleUrl>
                <TimeSpan>
                  <begin>2026-10-02T17:05:33.586308+00:00</begin>
                  <end>2026-10-02T17:05:34.586308+00:00</end>
                </TimeSpan>
                <Point>
                  <coordinates>8.52253150418667,47.372117325812624,0</coordinates>
                </Point>
              </Placemark>
              <Placemark>
                <name>Telemetry 19</name>
                <styleUrl>#modifiedtelemetry</styleUrl>
                <TimeSpan>
                  <begin>2026-10-02T17:05:34.586308+00:00</begin>
                  <end>2026-10-02T17:05:35.586308+00:00</end>
                </TimeSpan>
                <Point>
                  <coordinates>8.52248220839987,47.372152270857306,0</coordinates>
                </Point>
              </Placemark>
              <Placemark>
                <name>Telemetry 20</name>
                <styleUrl>#modifiedtelemetry</styleUrl>
                <TimeSpan>
                  <begin>2026-10-02T17:05:35.586308+00:00</begin>
                  <end>2026-10-02T17:05:36.586308+00:00</end>
                </TimeSpan>
                <Point>
                  <coordinates>8.522432912613064,47.372187215901995,0</coordinates>
                </Point>
              </Placemark>
              <Placemark>
                <name>Telemetry 21</name>
                <styleUrl>#modifiedtelemetry</styleUrl>
                <TimeSpan>
                  <begin>2026-10-02T17:05:36.586308+00:00</begin>
                  <end>2026-10-02T17:05:37.586308+00:00</end>
                </TimeSpan>
                <Point>
                  <coordinates>8.522383616826263,47.37222216094668,0</coordinates>
                </Point>
              </Placemark>
              <Placemark>
                <name>Telemetry 22</name>
                <styleUrl>#modifiedtelemetry</styleUrl>
                <TimeSpan>
                  <begin>2026-10-02T17:05:37.586308+00:00</begin>
                  <end>2026-10-02T17:05:38.586308+00:00</end>
                </TimeSpan>
                <Point>
                  <coordinates>8.52233432103946,47.372257105991366,0</coordinates>
                </Point>
              </Placemark>
              <Placemark>
                <name>Telemetry 23</name>
                <styleUrl>#modifiedtelemetry</styleUrl>
                <TimeSpan>
                  <begin>2026-10-02T17:05:38.586308+00:00</begin>
                  <end>2026-10-02T17:05:39.586308+00:00</end>
                </TimeSpan>
                <Point>
                  <coordinates>8.52228502525266,47.37229205103605,0</coordinates>
                </Point>
              </Placemark>
              <Placemark>
                <name>Telemetry 24</name>
                <styleUrl>#modifiedtelemetry</styleUrl>
                <TimeSpan>
                  <begin>2026-10-02T17:05:39.586308+00:00</begin>
                  <end>2026-10-02T17:05:40.586308+00:00</end>
                </TimeSpan>
                <Point>
                  <coordinates>8.522235729465857,47.37232699608074,0</coordinates>
                </Point>
              </Placemark>
              <Placemark>
                <name>Telemetry 25</name>
                <styleUrl>#modifiedtelemetry</styleUrl>
                <TimeSpan>
                  <begin>2026-10-02T17:05:40.586308+00:00</begin>
                  <end>2026-10-02T17:05:41.586308+00:00</end>
                </TimeSpan>
                <Point>
                  <coordinates>8.522186433679055,47.37236194112542,0</coordinates>
                </Point>
              </Placemark>
              <Placemark>
                <name>Telemetry 26</name>
                <styleUrl>#modifiedtelemetry</styleUrl>
                <TimeSpan>
                  <begin>2026-10-02T17:05:41.586308+00:00</begin>
                  <end>2026-10-02T17:05:42.586308+00:00</end>
                </TimeSpan>
                <Point>
                  <coordinates>8.522137137892253,47.37239688617011,0</coordinates>
                </Point>
              </Placemark>
              <Placemark>
                <name>Telemetry 27</name>
                <styleUrl>#modifiedtelemetry</styleUrl>
                <TimeSpan>
                  <begin>2026-10-02T17:05:42.586308+00:00</begin>
                  <end>2026-10-02T17:05:43.586308+00:00</end>
                </TimeSpan>
                <Point>
                  <coordinates>8.522087838468211,47.37243182886079,0</coordinates>
                </Point>
              </Placemark>
              <Placemark>
                <name>Telemetry 28</name>
                <styleUrl>#modifiedtelemetry</styleUrl>
                <TimeSpan>
                  <begin>2026-10-02T17:05:43.586308+00:00</begin>
                  <end>2026-10-02T17:05:44.586308+00:00</end>
                </TimeSpan>
                <Point>
                  <coordinates>8.522032112466293,47.37247131013179,0</coordinates>
                </Point>
              </Placemark>
              <Placemark>
                <name>Telemetry 29</name>
                <styleUrl>#modifiedtelemetry</styleUrl>
                <TimeSpan>
                  <begin>2026-10-02T17:05:44.586308+00:00</begin>
                  <end>2026-10-02T17:05:45.586308+00:00</end>
                </TimeSpan>
                <Point>
                  <coordinates>8.521976386464376,47.37251079140279,0</coordinates>
                </Point>
              </Placemark>
              <Placemark>
                <name>Telemetry 30</name>
                <styleUrl>#modifiedtelemetry</styleUrl>
                <TimeSpan>
                  <begin>2026-10-02T17:05:45.586308+00:00</begin>
                  <end>2026-10-02T17:05:46.586308+00:00</end>
                </TimeSpan>
                <Point>
                  <coordinates>8.521920660462458,47.37255027267379,0</coordinates>
                </Point>
              </Placemark>
              <Placemark>
                <name>Telemetry 31</name>
                <styleUrl>#modifiedtelemetry</styleUrl>
                <TimeSpan>
                  <begin>2026-10-02T17:05:46.586308+00:00</begin>
                  <end>2026-10-02T17:05:47.586308+00:00</end>
                </TimeSpan>
                <Point>
                  <coordinates>8.521864934460542,47.37258975394479,0</coordinates>
                </Point>
              </Placemark>
              <Placemark>
                <name>Telemetry 32</name>
                <styleUrl>#modifiedtelemetry</styleUrl>
                <TimeSpan>
                  <begin>2026-10-02T17:05:47.586308+00:00</begin>
                  <end>2026-10-02T17:05:48.586308+00:00</end>
                </TimeSpan>
                <Point>
                  <coordinates>8.521809208458624,47.37262923521579,0</coordinates>
                </Point>
              </Placemark>
              <Placemark>
                <name>Telemetry 33</name>
                <styleUrl>#modifiedtelemetry</styleUrl>
                <TimeSpan>
                  <begin>2026-10-02T17:05:48.586308+00:00</begin>
                  <end>2026-10-02T17:05:49.586308+00:00</end>
                </TimeSpan>
                <Point>
                  <coordinates>8.521753482456708,47.372668716486785,0</coordinates>
                </Point>
              </Placemark>
              <Placemark>
                <name>Telemetry 34</name>
                <styleUrl>#modifiedtelemetry</styleUrl>
                <TimeSpan>
                  <begin>2026-10-02T17:05:49.586308+00:00</begin>
                  <end>2026-10-02T17:05:50.586308+00:00</end>
                </TimeSpan>
                <Point>
                  <coordinates>8.521697756454788,47.37270819775779,0</coordinates>
                </Point>
              </Placemark>
              <Placemark>
                <name>Telemetry 35</name>
                <styleUrl>#modifiedtelemetry</styleUrl>
                <TimeSpan>
                  <begin>2026-10-02T17:05:50.586308+00:00</begin>
                  <end>2026-10-02T17:05:51.586308+00:00</end>
                </TimeSpan>
                <Point>
                  <coordinates>8.52164203045287,47.372747679028784,0</coordinates>
                </Point>
              </Placemark>
              <Placemark>
                <name>Telemetry 36</name>
                <styleUrl>#modifiedtelemetry</styleUrl>
                <TimeSpan>
                  <begin>2026-10-02T17:05:51.586308+00:00</begin>
                  <end>2026-10-02T17:05:52.586308+00:00</end>
                </TimeSpan>
                <Point>
                  <coordinates>8.521586304450953,47.37278716029979,0</coordinates>
                </Point>
              </Placemark>
              <Placemark>
                <name>Telemetry 37</name>
                <styleUrl>#modifiedtelemetry</styleUrl>
                <TimeSpan>
                  <begin>2026-10-02T17:05:52.586308+00:00</begin>
                  <end>2026-10-02T17:05:53.586308+00:00</end>
                </TimeSpan>
                <Point>
                  <coordinates>8.521530578449035,47.37282664157078,0</coordinates>
                </Point>
              </Placemark>
              <Placemark>
                <name>Telemetry 38</name>
                <styleUrl>#modifiedtelemetry</styleUrl>
                <TimeSpan>
                  <begin>2026-10-02T17:05:53.586308+00:00</begin>
                  <end>2026-10-02T17:05:54.586308+00:00</end>
                </TimeSpan>
                <Point>
                  <coordinates>8.521474852447117,47.372866122841785,0</coordinates>
                </Point>
              </Placemark>
              <Placemark>
                <name>Telemetry 39</name>
                <styleUrl>#modifiedtelemetry</styleUrl>
                <TimeSpan>
                  <begin>2026-10-02T17:05:54.586308+00:00</begin>
                  <end>2026-10-02T17:05:55.586308+00:00</end>
                </TimeSpan>
                <Point>
                  <coordinates>8.5214191264452,47.37290560411278,0</coordinates>
                </Point>
              </Placemark>
              <Placemark>
                <name>Telemetry 40</name>
                <styleUrl>#modifiedtelemetry</styleUrl>
                <TimeSpan>
                  <begin>2026-10-02T17:05:55.586308+00:00</begin>
                  <end>2026-10-02T17:05:56.586308+00:00</end>
                </TimeSpan>
                <Point>
                  <coordinates>8.521363400443283,47.37294508538378,0</coordinates>
                </Point>
              </Placemark>
              <Placemark>
                <name>Telemetry 41</name>
                <styleUrl>#modifiedtelemetry</styleUrl>
                <TimeSpan>
                  <begin>2026-10-02T17:05:56.586308+00:00</begin>
                  <end>2026-10-02T17:05:57.586308+00:00</end>
                </TimeSpan>
                <Point>
                  <coordinates>8.521307674441365,47.37298456665478,0</coordinates>
                </Point>
              </Placemark>
              <Placemark>
                <name>Telemetry 42</name>
                <styleUrl>#modifiedtelemetry</styleUrl>
                <TimeSpan>
                  <begin>2026-10-02T17:05:57.586308+00:00</begin>
                  <end>2026-10-02T17:05:58.586308+00:00</end>
                </TimeSpan>
                <Point>
                  <coordinates>8.521251948439447,47.37302404792578,0</coordinates>
                </Point>
              </Placemark>
              <Placemark>
                <name>Telemetry 43</name>
                <styleUrl>#modifiedtelemetry</styleUrl>
                <TimeSpan>
                  <begin>2026-10-02T17:05:58.586308+00:00</begin>
                  <end>2026-10-02T17:05:59.586308+00:00</end>
                </TimeSpan>
                <Point>
                  <coordinates>8.52119622243753,47.37306352919678,0</coordinates>
                </Point>
              </Placemark>
              <Placemark>
                <name>Telemetry 44</name>
                <styleUrl>#modifiedtelemetry</styleUrl>
                <TimeSpan>
                  <begin>2026-10-02T17:05:59.586308+00:00</begin>
                  <end>2026-10-02T17:06:00.586308+00:00</end>
                </TimeSpan>
                <Point>
                  <coordinates>8.521140496435612,47.37310301046778,0</coordinates>
                </Point>
              </Placemark>
              <Placemark>
                <name>Telemetry 45</name>
                <styleUrl>#modifiedtelemetry</styleUrl>
                <TimeSpan>
                  <begin>2026-10-02T17:06:00.586308+00:00</begin>
                  <end>2026-10-02T17:06:01.586308+00:00</end>
                </TimeSpan>
                <Point>
                  <coordinates>8.521084770433694,47.373142491738776,0</coordinates>
                </Point>
              </Placemark>
              <Placemark>
                <name>Telemetry 46</name>
                <styleUrl>#modifiedtelemetry</styleUrl>
                <TimeSpan>
                  <begin>2026-10-02T17:06:01.586308+00:00</begin>
                  <end>2026-10-02T17:06:02.586308+00:00</end>
                </TimeSpan>
                <Point>
                  <coordinates>8.521029997240193,47.37318257084312,0</coordinates>
                </Point>
              </Placemark>
              <Placemark>
                <name>Telemetry 47</name>
                <styleUrl>#modifiedtelemetry</styleUrl>
                <TimeSpan>
                  <begin>2026-10-02T17:06:02.586308+00:00</begin>
                  <end>2026-10-02T17:06:03.586308+00:00</end>
                </TimeSpan>
                <Point>
                  <coordinates>8.520963533997929,47.37323270220549,0</coordinates>
                </Point>
              </Placemark>
              <Placemark>
                <name>Telemetry 48</name>
                <styleUrl>#modifiedtelemetry</styleUrl>
                <TimeSpan>
                  <begin>2026-10-02T17:06:03.586308+00:00</begin>
                  <end>2026-10-02T17:06:04.586308+00:00</end>
                </TimeSpan>
                <Point>
                  <coordinates>8.520897070755662,47.37328283356786,0</coordinates>
                </Point>
              </Placemark>
              <Placemark>
                <name>Telemetry 49</name>
                <styleUrl>#modifiedtelemetry</styleUrl>
                <TimeSpan>
                  <begin>2026-10-02T17:06:04.586308+00:00</begin>
                  <end>2026-10-02T17:06:05.586308+00:00</end>
                </TimeSpan>
                <Point>
                  <coordinates>8.520830607513398,47.37333296493023,0</coordinates>
                </Point>
              </Placemark>
              <Placemark>
                <name>Telemetry 50</name>
                <styleUrl>#modifiedtelemetry</styleUrl>
                <TimeSpan>
                  <begin>2026-10-02T17:06:05.586308+00:00</begin>
                  <end>2026-10-02T17:06:06.586308+00:00</end>
                </TimeSpan>
                <Point>
                  <coordinates>8.520764144271133,47.3733830962926,0</coordinates>
                </Point>
              </Placemark>
              <Placemark>
                <name>Telemetry 51</name>
                <styleUrl>#modifiedtelemetry</styleUrl>
                <TimeSpan>
                  <begin>2026-10-02T17:06:06.586308+00:00</begin>
                  <end>2026-10-02T17:06:07.586308+00:00</end>
                </TimeSpan>
                <Point>
                  <coordinates>8.520697681028867,47.37343322765497,0</coordinates>
                </Point>
              </Placemark>
              <Placemark>
                <name>Telemetry 52</name>
                <styleUrl>#modifiedtelemetry</styleUrl>
                <TimeSpan>
                  <begin>2026-10-02T17:06:07.586308+00:00</begin>
                  <end>2026-10-02T17:06:08.586308+00:00</end>
                </TimeSpan>
                <Point>
                  <coordinates>8.520631217786603,47.373483359017335,0</coordinates>
                </Point>
              </Placemark>
              <Placemark>
                <name>Telemetry 53</name>
                <styleUrl>#modifiedtelemetry</styleUrl>
                <TimeSpan>
                  <begin>2026-10-02T17:06:08.586308+00:00</begin>
                  <end>2026-10-02T17:06:09.586308+00:00</end>
                </TimeSpan>
                <Point>
                  <coordinates>8.520564754544338,47.37353349037971,0</coordinates>
                </Point>
              </Placemark>
              <Placemark>
                <name>Telemetry 54</name>
                <styleUrl>#modifiedtelemetry</styleUrl>
                <TimeSpan>
                  <begin>2026-10-02T17:06:09.586308+00:00</begin>
                  <end>2026-10-02T17:06:10.586308+00:00</end>
                </TimeSpan>
                <Point>
                  <coordinates>8.520498291302074,47.37358362174207,0</coordinates>
                </Point>
              </Placemark>
              <Placemark>
                <name>Telemetry 55</name>
                <styleUrl>#modifiedtelemetry</styleUrl>
                <TimeSpan>
                  <begin>2026-10-02T17:06:10.586308+00:00</begin>
                  <end>2026-10-02T17:06:11.586308+00:00</end>
                </TimeSpan>
                <Point>
                  <coordinates>8.520431828059808,47.37363375310444,0</coordinates>
                </Point>
              </Placemark>
              <Placemark>
                <name>Telemetry 56</name>
                <styleUrl>#modifiedtelemetry</styleUrl>
                <TimeSpan>
                  <begin>2026-10-02T17:06:11.586308+00:00</begin>
                  <end>2026-10-02T17:06:12.586308+00:00</end>
                </TimeSpan>
                <Point>
                  <coordinates>8.520365364817543,47.373683884466814,0</coordinates>
                </Point>
              </Placemark>
              <Placemark>
                <name>Telemetry 57</name>
                <styleUrl>#modifiedtelemetry</styleUrl>
                <TimeSpan>
                  <begin>2026-10-02T17:06:12.586308+00:00</begin>
                  <end>2026-10-02T17:06:13.586308+00:00</end>
                </TimeSpan>
                <Point>
                  <coordinates>8.520303903282091,47.37373680594896,0</coordinates>
                </Point>
              </Placemark>
              <Placemark>
                <name>Telemetry 58</name>
                <styleUrl>#modifiedtelemetry</styleUrl>
                <TimeSpan>
                  <begin>2026-10-02T17:06:13.586308+00:00</begin>
                  <end>2026-10-02T17:06:14.586308+00:00</end>
                </TimeSpan>
                <Point>
                  <coordinates>8.520235595452737,47.373798117289056,0</coordinates>
                </Point>
              </Placemark>
              <Placemark>
                <name>Telemetry 59</name>
                <styleUrl>#modifiedtelemetry</styleUrl>
                <TimeSpan>
                  <begin>2026-10-02T17:06:14.586308+00:00</begin>
                  <end>2026-10-02T17:06:15.586308+00:00</end>
                </TimeSpan>
                <Point>
                  <coordinates>8.520167287623382,47.373859428629146,0</coordinates>
                </Point>
              </Placemark>
              <Placemark>
                <name>Telemetry 60</name>
                <styleUrl>#modifiedtelemetry</styleUrl>
                <TimeSpan>
                  <begin>2026-10-02T17:06:15.586308+00:00</begin>
                  <end>2026-10-02T17:06:16.586308+00:00</end>
                </TimeSpan>
                <Point>
                  <coordinates>8.520098979794028,47.37392073996924,0</coordinates>
                </Point>
              </Placemark>
              <Placemark>
                <name>Telemetry 61</name>
                <styleUrl>#modifiedtelemetry</styleUrl>
                <TimeSpan>
                  <begin>2026-10-02T17:06:16.586308+00:00</begin>
                  <end>2026-10-02T17:06:17.586308+00:00</end>
                </TimeSpan>
                <Point>
                  <coordinates>8.520030671964673,47.37398205130934,0</coordinates>
                </Point>
              </Placemark>
              <Placemark>
                <name>Telemetry 62</name>
                <styleUrl>#modifiedtelemetry</styleUrl>
                <TimeSpan>
                  <begin>2026-10-02T17:06:17.586308+00:00</begin>
                  <end>2026-10-02T17:06:18.586308+00:00</end>
                </TimeSpan>
                <Point>
                  <coordinates>8.519962364135319,47.37404336264943,0</coordinates>
                </Point>
              </Placemark>
              <Placemark>
                <name>Telemetry 63</name>
                <styleUrl>#modifiedtelemetry</styleUrl>
                <TimeSpan>
                  <begin>2026-10-02T17:06:18.586308+00:00</begin>
                  <end>2026-10-02T17:06:19.586308+00:00</end>
                </TimeSpan>
                <Point>
                  <coordinates>8.519895098918301,47.374105167193115,0</coordinates>
                </Point>
              </Placemark>
            </Folder>
          </Folder>
        </Folder>
        <Folder>
          <name>Service Provider polling</name>
        </Folder>
        <Folder>
          <name>Service Provider polling</name>
        </Folder>
        <Folder>
          <name>Service Provider polling</name>
        </Folder>
        <Folder>
          <name>Service Provider polling</name>
        </Folder>
        <Folder>
          <name>Service Provider polling</name>
        </Folder>
        <Folder>
          <name>Verify operator notification</name>
        </Folder>
        <Folder>
          <name>Intermediate cleanup</name>
        </Folder>
        <Folder>
          <name>Retrieve pre-existing operator notification</name>
        </Folder>
        <Folder>
          <name>Injection</name>
          <Folder>
            <name>E124: uss1 interuss.automated_testing.rid.v1.injection.createTest</name>
            <Folder>
              <name>Test flight fab776cd-48cf-4eab-8d64-a40b62875201</name>
              <Placemark>
                <name>Telemetry 0</name>
                <styleUrl>#modifiedtelemetry</styleUrl>
                <TimeSpan>
                  <begin>2026-10-02T17:05:26.220131+00:00</begin>
                  <end>2026-10-02T17:05:27.220131+00:00</end>
                </TimeSpan>
                <Point>
                  <coordinates>8.523321827032547,47.3715045208158,0</coordinates>
                </Point>
              </Placemark>
              <Placemark>
                <name>Telemetry 1</name>
                <styleUrl>#modifiedtelemetry</styleUrl>
                <TimeSpan>
                  <begin>2026-10-02T17:05:27.220131+00:00</begin>
                  <end>2026-10-02T17:05:28.220131+00:00</end>
                </TimeSpan>
                <Point>
                  <coordinates>8.523282890548819,47.371540881223694,0</coordinates>
                </Point>
              </Placemark>
              <Placemark>
                <name>Telemetry 2</name>
                <styleUrl>#modifiedtelemetry</styleUrl>
                <TimeSpan>
                  <begin>2026-10-02T17:05:28.220131+00:00</begin>
                  <end>2026-10-02T17:05:29.220131+00:00</end>
                </TimeSpan>
                <Point>
                  <coordinates>8.52324395406509,47.37157724163159,0</coordinates>
                </Point>
              </Placemark>
              <Placemark>
                <name>Telemetry 3</name>
                <styleUrl>#modifiedtelemetry</styleUrl>
                <TimeSpan>
                  <begin>2026-10-02T17:05:29.220131+00:00</begin>
                  <end>2026-10-02T17:05:30.220131+00:00</end>
                </TimeSpan>
                <Point>
                  <coordinates>8.523205017581365,47.37161360203949,0</coordinates>
                </Point>
              </Placemark>
              <Placemark>
                <name>Telemetry 4</name>
                <styleUrl>#modifiedtelemetry</styleUrl>
                <TimeSpan>
                  <begin>2026-10-02T17:05:30.220131+00:00</begin>
                  <end>2026-10-02T17:05:31.220131+00:00</end>
                </TimeSpan>
                <Point>
                  <coordinates>8.523166081097637,47.371649962447385,0</coordinates>
                </Point>
              </Placemark>
              <Placemark>
                <name>Telemetry 5</name>
                <styleUrl>#modifiedtelemetry</styleUrl>
                <TimeSpan>
                  <begin>2026-10-02T17:05:31.220131+00:00</begin>
                  <end>2026-10-02T17:05:32.220131+00:00</end>
                </TimeSpan>
                <Point>
                  <coordinates>8.523118769605144,47.37168134446735,0</coordinates>
                </Point>
              </Placemark>
              <Placemark>
                <name>Telemetry 6</name>
                <styleUrl>#modifiedtelemetry</styleUrl>
                <TimeSpan>
                  <begin>2026-10-02T17:05:32.220131+00:00</begin>
                  <end>2026-10-02T17:05:33.220131+00:00</end>
                </TimeSpan>
                <Point>
                  <coordinates>8.523070583658326,47.37171220668214,0</coordinates>
                </Point>
              </Placemark>
              <Placemark>
                <name>Telemetry 7</name>
                <styleUrl>#modifiedtelemetry</styleUrl>
                <TimeSpan>
                  <begin>2026-10-02T17:05:33.220131+00:00</begin>
                  <end>2026-10-02T17:05:34.220131+00:00</end>
                </TimeSpan>
                <Point>
                  <coordinates>8.523022397711506,47.371743068896926,0</coordinates>
                </Point>
              </Placemark>
              <Placemark>
                <name>Telemetry 8</name>
                <styleUrl>#modifiedtelemetry</styleUrl>
                <TimeSpan>
                  <begin>2026-10-02T17:05:34.220131+00:00</begin>
                  <end>2026-10-02T17:05:35.220131+00:00</end>
                </TimeSpan>
                <Point>
                  <coordinates>8.5229757392881,47.371774910132885,0</coordinates>
                </Point>
              </Placemark>
              <Placemark>
                <name>Telemetry 9</name>
                <styleUrl>#modifiedtelemetry</styleUrl>
                <TimeSpan>
                  <begin>2026-10-02T17:05:35.220131+00:00</begin>
                  <end>2026-10-02T17:05:36.220131+00:00</end>
                </TimeSpan>
                <Point>
                  <coordinates>8.522932891599606,47.371809193747204,0</coordinates>
                </Point>
              </Placemark>
              <Placemark>
                <name>Telemetry 10</name>
                <styleUrl>#modifiedtelemetry</styleUrl>
                <TimeSpan>
                  <begin>2026-10-02T17:05:36.220131+00:00</begin>
                  <end>2026-10-02T17:05:37.220131+00:00</end>
                </TimeSpan>
                <Point>
                  <coordinates>8.522890043911113,47.37184347736152,0</coordinates>
                </Point>
              </Placemark>
              <Placemark>
                <name>Telemetry 11</name>
                <styleUrl>#modifiedtelemetry</styleUrl>
                <TimeSpan>
                  <begin>2026-10-02T17:05:37.220131+00:00</begin>
                  <end>2026-10-02T17:05:38.220131+00:00</end>
                </TimeSpan>
                <Point>
                  <coordinates>8.52284719622262,47.37187776097584,0</coordinates>
                </Point>
              </Placemark>
              <Placemark>
                <name>Telemetry 12</name>
                <styleUrl>#modifiedtelemetry</styleUrl>
                <TimeSpan>
                  <begin>2026-10-02T17:05:38.220131+00:00</begin>
                  <end>2026-10-02T17:05:39.220131+00:00</end>
                </TimeSpan>
                <Point>
                  <coordinates>8.522804348534127,47.37191204459016,0</coordinates>
                </Point>
              </Placemark>
              <Placemark>
                <name>Telemetry 13</name>
                <styleUrl>#modifiedtelemetry</styleUrl>
                <TimeSpan>
                  <begin>2026-10-02T17:05:39.220131+00:00</begin>
                  <end>2026-10-02T17:05:40.220131+00:00</end>
                </TimeSpan>
                <Point>
                  <coordinates>8.522761500845634,47.37194632820448,0</coordinates>
                </Point>
              </Placemark>
              <Placemark>
                <name>Telemetry 14</name>
                <styleUrl>#modifiedtelemetry</styleUrl>
                <TimeSpan>
                  <begin>2026-10-02T17:05:40.220131+00:00</begin>
                  <end>2026-10-02T17:05:41.220131+00:00</end>
                </TimeSpan>
                <Point>
                  <coordinates>8.522718653157142,47.371980611818806,0</coordinates>
                </Point>
              </Placemark>
              <Placemark>
                <name>Telemetry 15</name>
                <styleUrl>#modifiedtelemetry</styleUrl>
                <TimeSpan>
                  <begin>2026-10-02T17:05:41.220131+00:00</begin>
                  <end>2026-10-02T17:05:42.220131+00:00</end>
                </TimeSpan>
                <Point>
                  <coordinates>8.522675805468648,47.372014895433125,0</coordinates>
                </Point>
              </Placemark>
              <Placemark>
                <name>Telemetry 16</name>
                <styleUrl>#modifiedtelemetry</styleUrl>
                <TimeSpan>
                  <begin>2026-10-02T17:05:42.220131+00:00</begin>
                  <end>2026-10-02T17:05:43.220131+00:00</end>
                </TimeSpan>
                <Point>
                  <coordinates>8.522630095760274,47.37204743572325,0</coordinates>
                </Point>
              </Placemark>
              <Placemark>
                <name>Telemetry 17</name>
                <styleUrl>#modifiedtelemetry</styleUrl>
                <TimeSpan>
                  <begin>2026-10-02T17:05:43.220131+00:00</begin>
                  <end>2026-10-02T17:05:44.220131+00:00</end>
                </TimeSpan>
                <Point>
                  <coordinates>8.522580799973472,47.372082380767935,0</coordinates>
                </Point>
              </Placemark>
              <Placemark>
                <name>Telemetry 18</name>
                <styleUrl>#modifiedtelemetry</styleUrl>
                <TimeSpan>
                  <begin>2026-10-02T17:05:44.220131+00:00</begin>
                  <end>2026-10-02T17:05:45.220131+00:00</end>
                </TimeSpan>
                <Point>
                  <coordinates>8.52253150418667,47.372117325812624,0</coordinates>
                </Point>
              </Placemark>
              <Placemark>
                <name>Telemetry 19</name>
                <styleUrl>#modifiedtelemetry</styleUrl>
                <TimeSpan>
                  <begin>2026-10-02T17:05:45.220131+00:00</begin>
                  <end>2026-10-02T17:05:46.220131+00:00</end>
                </TimeSpan>
                <Point>
                  <coordinates>8.52248220839987,47.372152270857306,0</coordinates>
                </Point>
              </Placemark>
              <Placemark>
                <name>Telemetry 20</name>
                <styleUrl>#modifiedtelemetry</styleUrl>
                <TimeSpan>
                  <begin>2026-10-02T17:05:46.220131+00:00</begin>
                  <end>2026-10-02T17:05:47.220131+00:00</end>
                </TimeSpan>
                <Point>
                  <coordinates>8.522432912613064,47.372187215901995,0</coordinates>
                </Point>
              </Placemark>
              <Placemark>
                <name>Telemetry 21</name>
                <styleUrl>#modifiedtelemetry</styleUrl>
                <TimeSpan>
                  <begin>2026-10-02T17:05:47.220131+00:00</begin>
                  <end>2026-10-02T17:05:48.220131+00:00</end>
                </TimeSpan>
                <Point>
                  <coordinates>8.522383616826263,47.37222216094668,0</coordinates>
                </Point>
              </Placemark>
              <Placemark>
                <name>Telemetry 22</name>
                <styleUrl>#modifiedtelemetry</styleUrl>
                <TimeSpan>
                  <begin>2026-10-02T17:05:48.220131+00:00</begin>
                  <end>2026-10-02T17:05:49.220131+00:00</end>
                </TimeSpan>
                <Point>
                  <coordinates>8.52233432103946,47.372257105991366,0</coordinates>
                </Point>
              </Placemark>
              <Placemark>
                <name>Telemetry 23</name>
                <styleUrl>#modifiedtelemetry</styleUrl>
                <TimeSpan>
                  <begin>2026-10-02T17:05:49.220131+00:00</begin>
                  <end>2026-10-02T17:05:50.220131+00:00</end>
                </TimeSpan>
                <Point>
                  <coordinates>8.52228502525266,47.37229205103605,0</coordinates>
                </Point>
              </Placemark>
              <Placemark>
                <name>Telemetry 24</name>
                <styleUrl>#modifiedtelemetry</styleUrl>
                <TimeSpan>
                  <begin>2026-10-02T17:05:50.220131+00:00</begin>
                  <end>2026-10-02T17:05:51.220131+00:00</end>
                </TimeSpan>
                <Point>
                  <coordinates>8.522235729465857,47.37232699608074,0</coordinates>
                </Point>
              </Placemark>
              <Placemark>
                <name>Telemetry 25</name>
                <styleUrl>#modifiedtelemetry</styleUrl>
                <TimeSpan>
                  <begin>2026-10-02T17:05:51.220131+00:00</begin>
                  <end>2026-10-02T17:05:52.220131+00:00</end>
                </TimeSpan>
                <Point>
                  <coordinates>8.522186433679055,47.37236194112542,0</coordinates>
                </Point>
              </Placemark>
              <Placemark>
                <name>Telemetry 26</name>
                <styleUrl>#modifiedtelemetry</styleUrl>
                <TimeSpan>
                  <begin>2026-10-02T17:05:52.220131+00:00</begin>
                  <end>2026-10-02T17:05:53.220131+00:00</end>
                </TimeSpan>
                <Point>
                  <coordinates>8.522137137892253,47.37239688617011,0</coordinates>
                </Point>
              </Placemark>
              <Placemark>
                <name>Telemetry 27</name>
                <styleUrl>#modifiedtelemetry</styleUrl>
                <TimeSpan>
                  <begin>2026-10-02T17:05:53.220131+00:00</begin>
                  <end>2026-10-02T17:05:54.220131+00:00</end>
                </TimeSpan>
                <Point>
                  <coordinates>8.522087838468211,47.37243182886079,0</coordinates>
                </Point>
              </Placemark>
              <Placemark>
                <name>Telemetry 28</name>
                <styleUrl>#modifiedtelemetry</styleUrl>
                <TimeSpan>
                  <begin>2026-10-02T17:05:54.220131+00:00</begin>
                  <end>2026-10-02T17:05:55.220131+00:00</end>
                </TimeSpan>
                <Point>
                  <coordinates>8.522032112466293,47.37247131013179,0</coordinates>
                </Point>
              </Placemark>
              <Placemark>
                <name>Telemetry 29</name>
                <styleUrl>#modifiedtelemetry</styleUrl>
                <TimeSpan>
                  <begin>2026-10-02T17:05:55.220131+00:00</begin>
                  <end>2026-10-02T17:05:56.220131+00:00</end>
                </TimeSpan>
                <Point>
                  <coordinates>8.521976386464376,47.37251079140279,0</coordinates>
                </Point>
              </Placemark>
              <Placemark>
                <name>Telemetry 30</name>
                <styleUrl>#modifiedtelemetry</styleUrl>
                <TimeSpan>
                  <begin>2026-10-02T17:05:56.220131+00:00</begin>
                  <end>2026-10-02T17:05:57.220131+00:00</end>
                </TimeSpan>
                <Point>
                  <coordinates>8.521920660462458,47.37255027267379,0</coordinates>
                </Point>
              </Placemark>
              <Placemark>
                <name>Telemetry 31</name>
                <styleUrl>#modifiedtelemetry</styleUrl>
                <TimeSpan>
                  <begin>2026-10-02T17:05:57.220131+00:00</begin>
                  <end>2026-10-02T17:05:58.220131+00:00</end>
                </TimeSpan>
                <Point>
                  <coordinates>8.521864934460542,47.37258975394479,0</coordinates>
                </Point>
              </Placemark>
              <Placemark>
                <name>Telemetry 32</name>
                <styleUrl>#modifiedtelemetry</styleUrl>
                <TimeSpan>
                  <begin>2026-10-02T17:05:58.220131+00:00</begin>
                  <end>2026-10-02T17:05:59.220131+00:00</end>
                </TimeSpan>
                <Point>
                  <coordinates>8.521809208458624,47.37262923521579,0</coordinates>
                </Point>
              </Placemark>
              <Placemark>
                <name>Telemetry 33</name>
                <styleUrl>#modifiedtelemetry</styleUrl>
                <TimeSpan>
                  <begin>2026-10-02T17:05:59.220131+00:00</begin>
                  <end>2026-10-02T17:06:00.220131+00:00</end>
                </TimeSpan>
                <Point>
                  <coordinates>8.521753482456708,47.372668716486785,0</coordinates>
                </Point>
              </Placemark>
              <Placemark>
                <name>Telemetry 34</name>
                <styleUrl>#modifiedtelemetry</styleUrl>
                <TimeSpan>
                  <begin>2026-10-02T17:06:00.220131+00:00</begin>
                  <end>2026-10-02T17:06:01.220131+00:00</end>
                </TimeSpan>
                <Point>
                  <coordinates>8.521697756454788,47.37270819775779,0</coordinates>
                </Point>
              </Placemark>
              <Placemark>
                <name>Telemetry 35</name>
                <styleUrl>#modifiedtelemetry</styleUrl>
                <TimeSpan>
                  <begin>2026-10-02T17:06:01.220131+00:00</begin>
                  <end>2026-10-02T17:06:02.220131+00:00</end>
                </TimeSpan>
                <Point>
                  <coordinates>8.52164203045287,47.372747679028784,0</coordinates>
                </Point>
              </Placemark>
              <Placemark>
                <name>Telemetry 36</name>
                <styleUrl>#modifiedtelemetry</styleUrl>
                <TimeSpan>
                  <begin>2026-10-02T17:06:02.220131+00:00</begin>
                  <end>2026-10-02T17:06:03.220131+00:00</end>
                </TimeSpan>
                <Point>
                  <coordinates>8.521586304450953,47.37278716029979,0</coordinates>
                </Point>
              </Placemark>
              <Placemark>
                <name>Telemetry 37</name>
                <styleUrl>#modifiedtelemetry</styleUrl>
                <TimeSpan>
                  <begin>2026-10-02T17:06:03.220131+00:00</begin>
                  <end>2026-10-02T17:06:04.220131+00:00</end>
                </TimeSpan>
                <Point>
                  <coordinates>8.521530578449035,47.37282664157078,0</coordinates>
                </Point>
              </Placemark>
              <Placemark>
                <name>Telemetry 38</name>
                <styleUrl>#modifiedtelemetry</styleUrl>
                <TimeSpan>
                  <begin>2026-10-02T17:06:04.220131+00:00</begin>
                  <end>2026-10-02T17:06:05.220131+00:00</end>
                </TimeSpan>
                <Point>
                  <coordinates>8.521474852447117,47.372866122841785,0</coordinates>
                </Point>
              </Placemark>
              <Placemark>
                <name>Telemetry 39</name>
                <styleUrl>#modifiedtelemetry</styleUrl>
                <TimeSpan>
                  <begin>2026-10-02T17:06:05.220131+00:00</begin>
                  <end>2026-10-02T17:06:06.220131+00:00</end>
                </TimeSpan>
                <Point>
                  <coordinates>8.5214191264452,47.37290560411278,0</coordinates>
                </Point>
              </Placemark>
              <Placemark>
                <name>Telemetry 40</name>
                <styleUrl>#modifiedtelemetry</styleUrl>
                <TimeSpan>
                  <begin>2026-10-02T17:06:06.220131+00:00</begin>
                  <end>2026-10-02T17:06:07.220131+00:00</end>
                </TimeSpan>
                <Point>
                  <coordinates>8.521363400443283,47.37294508538378,0</coordinates>
                </Point>
              </Placemark>
              <Placemark>
                <name>Telemetry 41</name>
                <styleUrl>#modifiedtelemetry</styleUrl>
                <TimeSpan>
                  <begin>2026-10-02T17:06:07.220131+00:00</begin>
                  <end>2026-10-02T17:06:08.220131+00:00</end>
                </TimeSpan>
                <Point>
                  <coordinates>8.521307674441365,47.37298456665478,0</coordinates>
                </Point>
              </Placemark>
              <Placemark>
                <name>Telemetry 42</name>
                <styleUrl>#modifiedtelemetry</styleUrl>
                <TimeSpan>
                  <begin>2026-10-02T17:06:08.220131+00:00</begin>
                  <end>2026-10-02T17:06:09.220131+00:00</end>
                </TimeSpan>
                <Point>
                  <coordinates>8.521251948439447,47.37302404792578,0</coordinates>
                </Point>
              </Placemark>
              <Placemark>
                <name>Telemetry 43</name>
                <styleUrl>#modifiedtelemetry</styleUrl>
                <TimeSpan>
                  <begin>2026-10-02T17:06:09.220131+00:00</begin>
                  <end>2026-10-02T17:06:10.220131+00:00</end>
                </TimeSpan>
                <Point>
                  <coordinates>8.52119622243753,47.37306352919678,0</coordinates>
                </Point>
              </Placemark>
              <Placemark>
                <name>Telemetry 44</name>
                <styleUrl>#modifiedtelemetry</styleUrl>
                <TimeSpan>
                  <begin>2026-10-02T17:06:10.220131+00:00</begin>
                  <end>2026-10-02T17:06:11.220131+00:00</end>
                </TimeSpan>
                <Point>
                  <coordinates>8.521140496435612,47.37310301046778,0</coordinates>
                </Point>
              </Placemark>
              <Placemark>
                <name>Telemetry 45</name>
                <styleUrl>#modifiedtelemetry</styleUrl>
                <TimeSpan>
                  <begin>2026-10-02T17:06:11.220131+00:00</begin>
                  <end>2026-10-02T17:06:12.220131+00:00</end>
                </TimeSpan>
                <Point>
                  <coordinates>8.521084770433694,47.373142491738776,0</coordinates>
                </Point>
              </Placemark>
              <Placemark>
                <name>Telemetry 46</name>
                <styleUrl>#modifiedtelemetry</styleUrl>
                <TimeSpan>
                  <begin>2026-10-02T17:06:12.220131+00:00</begin>
                  <end>2026-10-02T17:06:13.220131+00:00</end>
                </TimeSpan>
                <Point>
                  <coordinates>8.521029997240193,47.37318257084312,0</coordinates>
                </Point>
              </Placemark>
              <Placemark>
                <name>Telemetry 47</name>
                <styleUrl>#modifiedtelemetry</styleUrl>
                <TimeSpan>
                  <begin>2026-10-02T17:06:13.220131+00:00</begin>
                  <end>2026-10-02T17:06:14.220131+00:00</end>
                </TimeSpan>
                <Point>
                  <coordinates>8.520963533997929,47.37323270220549,0</coordinates>
                </Point>
              </Placemark>
              <Placemark>
                <name>Telemetry 48</name>
                <styleUrl>#modifiedtelemetry</styleUrl>
                <TimeSpan>
                  <begin>2026-10-02T17:06:14.220131+00:00</begin>
                  <end>2026-10-02T17:06:15.220131+00:00</end>
                </TimeSpan>
                <Point>
                  <coordinates>8.520897070755662,47.37328283356786,0</coordinates>
                </Point>
              </Placemark>
              <Placemark>
                <name>Telemetry 49</name>
                <styleUrl>#modifiedtelemetry</styleUrl>
                <TimeSpan>
                  <begin>2026-10-02T17:06:15.220131+00:00</begin>
                  <end>2026-10-02T17:06:16.220131+00:00</end>
                </TimeSpan>
                <Point>
                  <coordinates>8.520830607513398,47.37333296493023,0</coordinates>
                </Point>
              </Placemark>
              <Placemark>
                <name>Telemetry 50</name>
                <styleUrl>#modifiedtelemetry</styleUrl>
                <TimeSpan>
                  <begin>2026-10-02T17:06:16.220131+00:00</begin>
                  <end>2026-10-02T17:06:17.220131+00:00</end>
                </TimeSpan>
                <Point>
                  <coordinates>8.520764144271133,47.3733830962926,0</coordinates>
                </Point>
              </Placemark>
              <Placemark>
                <name>Telemetry 51</name>
                <styleUrl>#modifiedtelemetry</styleUrl>
                <TimeSpan>
                  <begin>2026-10-02T17:06:17.220131+00:00</begin>
                  <end>2026-10-02T17:06:18.220131+00:00</end>
                </TimeSpan>
                <Point>
                  <coordinates>8.520697681028867,47.37343322765497,0</coordinates>
                </Point>
              </Placemark>
              <Placemark>
                <name>Telemetry 52</name>
                <styleUrl>#modifiedtelemetry</styleUrl>
                <TimeSpan>
                  <begin>2026-10-02T17:06:18.220131+00:00</begin>
                  <end>2026-10-02T17:06:19.220131+00:00</end>
                </TimeSpan>
                <Point>
                  <coordinates>8.520631217786603,47.373483359017335,0</coordinates>
                </Point>
              </Placemark>
              <Placemark>
                <name>Telemetry 53</name>
                <styleUrl>#modifiedtelemetry</styleUrl>
                <TimeSpan>
                  <begin>2026-10-02T17:06:19.220131+00:00</begin>
                  <end>2026-10-02T17:06:20.220131+00:00</end>
                </TimeSpan>
                <Point>
                  <coordinates>8.520564754544338,47.37353349037971,0</coordinates>
                </Point>
              </Placemark>
              <Placemark>
                <name>Telemetry 54</name>
                <styleUrl>#modifiedtelemetry</styleUrl>
                <TimeSpan>
                  <begin>2026-10-02T17:06:20.220131+00:00</begin>
                  <end>2026-10-02T17:06:21.220131+00:00</end>
                </TimeSpan>
                <Point>
                  <coordinates>8.520498291302074,47.37358362174207,0</coordinates>
                </Point>
              </Placemark>
              <Placemark>
                <name>Telemetry 55</name>
                <styleUrl>#modifiedtelemetry</styleUrl>
                <TimeSpan>
                  <begin>2026-10-02T17:06:21.220131+00:00</begin>
                  <end>2026-10-02T17:06:22.220131+00:00</end>
                </TimeSpan>
                <Point>
                  <coordinates>8.520431828059808,47.37363375310444,0</coordinates>
                </Point>
              </Placemark>
              <Placemark>
                <name>Telemetry 56</name>
                <styleUrl>#modifiedtelemetry</styleUrl>
                <TimeSpan>
                  <begin>2026-10-02T17:06:22.220131+00:00</begin>
                  <end>2026-10-02T17:06:23.220131+00:00</end>
                </TimeSpan>
                <Point>
                  <coordinates>8.520365364817543,47.373683884466814,0</coordinates>
                </Point>
              </Placemark>
              <Placemark>
                <name>Telemetry 57</name>
                <styleUrl>#modifiedtelemetry</styleUrl>
                <TimeSpan>
                  <begin>2026-10-02T17:06:23.220131+00:00</begin>
                  <end>2026-10-02T17:06:24.220131+00:00</end>
                </TimeSpan>
                <Point>
                  <coordinates>8.520303903282091,47.37373680594896,0</coordinates>
                </Point>
              </Placemark>
              <Placemark>
                <name>Telemetry 58</name>
                <styleUrl>#modifiedtelemetry</styleUrl>
                <TimeSpan>
                  <begin>2026-10-02T17:06:24.220131+00:00</begin>
                  <end>2026-10-02T17:06:25.220131+00:00</end>
                </TimeSpan>
                <Point>
                  <coordinates>8.520235595452737,47.373798117289056,0</coordinates>
                </Point>
              </Placemark>
              <Placemark>
                <name>Telemetry 59</name>
                <styleUrl>#modifiedtelemetry</styleUrl>
                <TimeSpan>
                  <begin>2026-10-02T17:06:25.220131+00:00</begin>
                  <end>2026-10-02T17:06:26.220131+00:00</end>
                </TimeSpan>
                <Point>
                  <coordinates>8.520167287623382,47.373859428629146,0</coordinates>
                </Point>
              </Placemark>
              <Placemark>
                <name>Telemetry 60</name>
                <styleUrl>#modifiedtelemetry</styleUrl>
                <TimeSpan>
                  <begin>2026-10-02T17:06:26.220131+00:00</begin>
                  <end>2026-10-02T17:06:27.220131+00:00</end>
                </TimeSpan>
                <Point>
                  <coordinates>8.520098979794028,47.37392073996924,0</coordinates>
                </Point>
              </Placemark>
              <Placemark>
                <name>Telemetry 61</name>
                <styleUrl>#modifiedtelemetry</styleUrl>
                <TimeSpan>
                  <begin>2026-10-02T17:06:27.220131+00:00</begin>
                  <end>2026-10-02T17:06:28.220131+00:00</end>
                </TimeSpan>
                <Point>
                  <coordinates>8.520030671964673,47.37398205130934,0</coordinates>
                </Point>
              </Placemark>
              <Placemark>
                <name>Telemetry 62</name>
                <styleUrl>#modifiedtelemetry</styleUrl>
                <TimeSpan>
                  <begin>2026-10-02T17:06:28.220131+00:00</begin>
                  <end>2026-10-02T17:06:29.220131+00:00</end>
                </TimeSpan>
                <Point>
                  <coordinates>8.519962364135319,47.37404336264943,0</coordinates>
                </Point>
              </Placemark>
              <Placemark>
                <name>Telemetry 63</name>
                <styleUrl>#modifiedtelemetry</styleUrl>
                <TimeSpan>
                  <begin>2026-10-02T17:06:29.220131+00:00</begin>
                  <end>2026-10-02T17:06:30.220131+00:00</end>
                </TimeSpan>
                <Point>
                  <coordinates>8.519895098918301,47.374105167193115,0</coordinates>
                </Point>
              </Placemark>
            </Folder>
          </Folder>
        </Folder>
        <Folder>
          <name>Service Provider polling</name>
        </Folder>
        <Folder>
          <name>Service Provider polling</name>
        </Folder>
        <Folder>
          <name>Service Provider polling</name>
        </Folder>
        <Folder>
          <name>Service Provider polling</name>
        </Folder>
        <Folder>
          <name>Service Provider polling</name>
        </Folder>
        <Folder>
          <name>Verify operator notification</name>
        </Folder>
        <Folder>
          <name>Intermediate cleanup</name>
        </Folder>
        <Folder>
          <name>Retrieve pre-existing operator notification</name>
        </Folder>
        <Folder>
          <name>Injection</name>
          <Folder>
            <name>E144: uss1 interuss.automated_testing.rid.v1.injection.createTest</name>
            <Folder>
              <name>Test flight 1b451dd5-97dc-404a-9070-ab32c00cff5f</name>
              <Placemark>
                <name>Telemetry 0</name>
                <styleUrl>#modifiedtelemetry</styleUrl>
                <TimeSpan>
                  <begin>2026-10-02T17:05:36.844904+00:00</begin>
                  <end>2026-10-02T17:05:37.844904+00:00</end>
                </TimeSpan>
                <Point>
                  <coordinates>8.523321827032547,47.3715045208158,0</coordinates>
                </Point>
              </Placemark>
              <Placemark>
                <name>Telemetry 1</name>
                <styleUrl>#modifiedtelemetry</styleUrl>
                <TimeSpan>
                  <begin>2026-10-02T17:05:37.844904+00:00</begin>
                  <end>2026-10-02T17:05:38.844904+00:00</end>
                </TimeSpan>
                <Point>
                  <coordinates>8.523282890548819,47.371540881223694,0</coordinates>
                </Point>
              </Placemark>
              <Placemark>
                <name>Telemetry 2</name>
                <styleUrl>#modifiedtelemetry</styleUrl>
                <TimeSpan>
                  <begin>2026-10-02T17:05:38.844904+00:00</begin>
                  <end>2026-10-02T17:05:39.844904+00:00</end>
                </TimeSpan>
                <Point>
                  <coordinates>8.52324395406509,47.37157724163159,0</coordinates>
                </Point>
              </Placemark>
              <Placemark>
                <name>Telemetry 3</name>
                <styleUrl>#modifiedtelemetry</styleUrl>
                <TimeSpan>
                  <begin>2026-10-02T17:05:39.844904+00:00</begin>
                  <end>2026-10-02T17:05:40.844904+00:00</end>
                </TimeSpan>
                <Point>
                  <coordinates>8.523205017581365,47.37161360203949,0</coordinates>
                </Point>
              </Placemark>
              <Placemark>
                <name>Telemetry 4</name>
                <styleUrl>#modifiedtelemetry</styleUrl>
                <TimeSpan>
                  <begin>2026-10-02T17:05:40.844904+00:00</begin>
                  <end>2026-10-02T17:05:41.844904+00:00</end>
                </TimeSpan>
                <Point>
                  <coordinates>8.523166081097637,47.371649962447385,0</coordinates>
                </Point>
              </Placemark>
              <Placemark>
                <name>Telemetry 5</name>
                <styleUrl>#modifiedtelemetry</styleUrl>
                <TimeSpan>
                  <begin>2026-10-02T17:05:41.844904+00:00</begin>
                  <end>2026-10-02T17:05:42.844904+00:00</end>
                </TimeSpan>
                <Point>
                  <coordinates>8.523118769605144,47.37168134446735,0</coordinates>
                </Point>
              </Placemark>
              <Placemark>
                <name>Telemetry 6</name>
                <styleUrl>#modifiedtelemetry</styleUrl>
                <TimeSpan>
                  <begin>2026-10-02T17:05:42.844904+00:00</begin>
                  <end>2026-10-02T17:05:43.844904+00:00</end>
                </TimeSpan>
                <Point>
                  <coordinates>8.523070583658326,47.37171220668214,0</coordinates>
                </Point>
              </Placemark>
              <Placemark>
                <name>Telemetry 7</name>
                <styleUrl>#modifiedtelemetry</styleUrl>
                <TimeSpan>
                  <begin>2026-10-02T17:05:43.844904+00:00</begin>
                  <end>2026-10-02T17:05:44.844904+00:00</end>
                </TimeSpan>
                <Point>
                  <coordinates>8.523022397711506,47.371743068896926,0</coordinates>
                </Point>
              </Placemark>
              <Placemark>
                <name>Telemetry 8</name>
                <styleUrl>#modifiedtelemetry</styleUrl>
                <TimeSpan>
                  <begin>2026-10-02T17:05:44.844904+00:00</begin>
                  <end>2026-10-02T17:05:45.844904+00:00</end>
                </TimeSpan>
                <Point>
                  <coordinates>8.5229757392881,47.371774910132885,0</coordinates>
                </Point>
              </Placemark>
              <Placemark>
                <name>Telemetry 9</name>
                <styleUrl>#modifiedtelemetry</styleUrl>
                <TimeSpan>
                  <begin>2026-10-02T17:05:45.844904+00:00</begin>
                  <end>2026-10-02T17:05:46.844904+00:00</end>
                </TimeSpan>
                <Point>
                  <coordinates>8.522932891599606,47.371809193747204,0</coordinates>
                </Point>
              </Placemark>
              <Placemark>
                <name>Telemetry 10</name>
                <styleUrl>#modifiedtelemetry</styleUrl>
                <TimeSpan>
                  <begin>2026-10-02T17:05:46.844904+00:00</begin>
                  <end>2026-10-02T17:05:47.844904+00:00</end>
                </TimeSpan>
                <Point>
                  <coordinates>8.522890043911113,47.37184347736152,0</coordinates>
                </Point>
              </Placemark>
              <Placemark>
                <name>Telemetry 11</name>
                <styleUrl>#modifiedtelemetry</styleUrl>
                <TimeSpan>
                  <begin>2026-10-02T17:05:47.844904+00:00</begin>
                  <end>2026-10-02T17:05:48.844904+00:00</end>
                </TimeSpan>
                <Point>
                  <coordinates>8.52284719622262,47.37187776097584,0</coordinates>
                </Point>
              </Placemark>
              <Placemark>
                <name>Telemetry 12</name>
                <styleUrl>#modifiedtelemetry</styleUrl>
                <TimeSpan>
                  <begin>2026-10-02T17:05:48.844904+00:00</begin>
                  <end>2026-10-02T17:05:49.844904+00:00</end>
                </TimeSpan>
                <Point>
                  <coordinates>8.522804348534127,47.37191204459016,0</coordinates>
                </Point>
              </Placemark>
              <Placemark>
                <name>Telemetry 13</name>
                <styleUrl>#modifiedtelemetry</styleUrl>
                <TimeSpan>
                  <begin>2026-10-02T17:05:49.844904+00:00</begin>
                  <end>2026-10-02T17:05:50.844904+00:00</end>
                </TimeSpan>
                <Point>
                  <coordinates>8.522761500845634,47.37194632820448,0</coordinates>
                </Point>
              </Placemark>
              <Placemark>
                <name>Telemetry 14</name>
                <styleUrl>#modifiedtelemetry</styleUrl>
                <TimeSpan>
                  <begin>2026-10-02T17:05:50.844904+00:00</begin>
                  <end>2026-10-02T17:05:51.844904+00:00</end>
                </TimeSpan>
                <Point>
                  <coordinates>8.522718653157142,47.371980611818806,0</coordinates>
                </Point>
              </Placemark>
              <Placemark>
                <name>Telemetry 15</name>
                <styleUrl>#modifiedtelemetry</styleUrl>
                <TimeSpan>
                  <begin>2026-10-02T17:05:51.844904+00:00</begin>
                  <end>2026-10-02T17:05:52.844904+00:00</end>
                </TimeSpan>
                <Point>
                  <coordinates>8.522675805468648,47.372014895433125,0</coordinates>
                </Point>
              </Placemark>
              <Placemark>
                <name>Telemetry 16</name>
                <styleUrl>#modifiedtelemetry</styleUrl>
                <TimeSpan>
                  <begin>2026-10-02T17:05:52.844904+00:00</begin>
                  <end>2026-10-02T17:05:53.844904+00:00</end>
                </TimeSpan>
                <Point>
                  <coordinates>8.522630095760274,47.37204743572325,0</coordinates>
                </Point>
              </Placemark>
              <Placemark>
                <name>Telemetry 17</name>
                <styleUrl>#modifiedtelemetry</styleUrl>
                <TimeSpan>
                  <begin>2026-10-02T17:05:53.844904+00:00</begin>
                  <end>2026-10-02T17:05:54.844904+00:00</end>
                </TimeSpan>
                <Point>
                  <coordinates>8.522580799973472,47.372082380767935,0</coordinates>
                </Point>
              </Placemark>
              <Placemark>
                <name>Telemetry 18</name>
                <styleUrl>#modifiedtelemetry</styleUrl>
                <TimeSpan>
                  <begin>2026-10-02T17:05:54.844904+00:00</begin>
                  <end>2026-10-02T17:05:55.844904+00:00</end>
                </TimeSpan>
                <Point>
                  <coordinates>8.52253150418667,47.372117325812624,0</coordinates>
                </Point>
              </Placemark>
              <Placemark>
                <name>Telemetry 19</name>
                <styleUrl>#modifiedtelemetry</styleUrl>
                <TimeSpan>
                  <begin>2026-10-02T17:05:55.844904+00:00</begin>
                  <end>2026-10-02T17:05:56.844904+00:00</end>
                </TimeSpan>
                <Point>
                  <coordinates>8.52248220839987,47.372152270857306,0</coordinates>
                </Point>
              </Placemark>
              <Placemark>
                <name>Telemetry 20</name>
                <styleUrl>#modifiedtelemetry</styleUrl>
                <TimeSpan>
                  <begin>2026-10-02T17:05:56.844904+00:00</begin>
                  <end>2026-10-02T17:05:57.844904+00:00</end>
                </TimeSpan>
                <Point>
                  <coordinates>8.522432912613064,47.372187215901995,0</coordinates>
                </Point>
              </Placemark>
              <Placemark>
                <name>Telemetry 21</name>
                <styleUrl>#modifiedtelemetry</styleUrl>
                <TimeSpan>
                  <begin>2026-10-02T17:05:57.844904+00:00</begin>
                  <end>2026-10-02T17:05:58.844904+00:00</end>
                </TimeSpan>
                <Point>
                  <coordinates>8.522383616826263,47.37222216094668,0</coordinates>
                </Point>
              </Placemark>
              <Placemark>
                <name>Telemetry 22</name>
                <styleUrl>#modifiedtelemetry</styleUrl>
                <TimeSpan>
                  <begin>2026-10-02T17:05:58.844904+00:00</begin>
                  <end>2026-10-02T17:05:59.844904+00:00</end>
                </TimeSpan>
                <Point>
                  <coordinates>8.52233432103946,47.372257105991366,0</coordinates>
                </Point>
              </Placemark>
              <Placemark>
                <name>Telemetry 23</name>
                <styleUrl>#modifiedtelemetry</styleUrl>
                <TimeSpan>
                  <begin>2026-10-02T17:05:59.844904+00:00</begin>
                  <end>2026-10-02T17:06:00.844904+00:00</end>
                </TimeSpan>
                <Point>
                  <coordinates>8.52228502525266,47.37229205103605,0</coordinates>
                </Point>
              </Placemark>
              <Placemark>
                <name>Telemetry 24</name>
                <styleUrl>#modifiedtelemetry</styleUrl>
                <TimeSpan>
                  <begin>2026-10-02T17:06:00.844904+00:00</begin>
                  <end>2026-10-02T17:06:01.844904+00:00</end>
                </TimeSpan>
                <Point>
                  <coordinates>8.522235729465857,47.37232699608074,0</coordinates>
                </Point>
              </Placemark>
              <Placemark>
                <name>Telemetry 25</name>
                <styleUrl>#modifiedtelemetry</styleUrl>
                <TimeSpan>
                  <begin>2026-10-02T17:06:01.844904+00:00</begin>
                  <end>2026-10-02T17:06:02.844904+00:00</end>
                </TimeSpan>
                <Point>
                  <coordinates>8.522186433679055,47.37236194112542,0</coordinates>
                </Point>
              </Placemark>
              <Placemark>
                <name>Telemetry 26</name>
                <styleUrl>#modifiedtelemetry</styleUrl>
                <TimeSpan>
                  <begin>2026-10-02T17:06:02.844904+00:00</begin>
                  <end>2026-10-02T17:06:03.844904+00:00</end>
                </TimeSpan>
                <Point>
                  <coordinates>8.522137137892253,47.37239688617011,0</coordinates>
                </Point>
              </Placemark>
              <Placemark>
                <name>Telemetry 27</name>
                <styleUrl>#modifiedtelemetry</styleUrl>
                <TimeSpan>
                  <begin>2026-10-02T17:06:03.844904+00:00</begin>
                  <end>2026-10-02T17:06:04.844904+00:00</end>
                </TimeSpan>
                <Point>
                  <coordinates>8.522087838468211,47.37243182886079,0</coordinates>
                </Point>
              </Placemark>
              <Placemark>
                <name>Telemetry 28</name>
                <styleUrl>#modifiedtelemetry</styleUrl>
                <TimeSpan>
                  <begin>2026-10-02T17:06:04.844904+00:00</begin>
                  <end>2026-10-02T17:06:05.844904+00:00</end>
                </TimeSpan>
                <Point>
                  <coordinates>8.522032112466293,47.37247131013179,0</coordinates>
                </Point>
              </Placemark>
              <Placemark>
                <name>Telemetry 29</name>
                <styleUrl>#modifiedtelemetry</styleUrl>
                <TimeSpan>
                  <begin>2026-10-02T17:06:05.844904+00:00</begin>
                  <end>2026-10-02T17:06:06.844904+00:00</end>
                </TimeSpan>
                <Point>
                  <coordinates>8.521976386464376,47.37251079140279,0</coordinates>
                </Point>
              </Placemark>
              <Placemark>
                <name>Telemetry 30</name>
                <styleUrl>#modifiedtelemetry</styleUrl>
                <TimeSpan>
                  <begin>2026-10-02T17:06:06.844904+00:00</begin>
                  <end>2026-10-02T17:06:07.844904+00:00</end>
                </TimeSpan>
                <Point>
                  <coordinates>8.521920660462458,47.37255027267379,0</coordinates>
                </Point>
              </Placemark>
              <Placemark>
                <name>Telemetry 31</name>
                <styleUrl>#modifiedtelemetry</styleUrl>
                <TimeSpan>
                  <begin>2026-10-02T17:06:07.844904+00:00</begin>
                  <end>2026-10-02T17:06:08.844904+00:00</end>
                </TimeSpan>
                <Point>
                  <coordinates>8.521864934460542,47.37258975394479,0</coordinates>
                </Point>
              </Placemark>
              <Placemark>
                <name>Telemetry 32</name>
                <styleUrl>#modifiedtelemetry</styleUrl>
                <TimeSpan>
                  <begin>2026-10-02T17:06:08.844904+00:00</begin>
                  <end>2026-10-02T17:06:09.844904+00:00</end>
                </TimeSpan>
                <Point>
                  <coordinates>8.521809208458624,47.37262923521579,0</coordinates>
                </Point>
              </Placemark>
              <Placemark>
                <name>Telemetry 33</name>
                <styleUrl>#modifiedtelemetry</styleUrl>
                <TimeSpan>
                  <begin>2026-10-02T17:06:09.844904+00:00</begin>
                  <end>2026-10-02T17:06:10.844904+00:00</end>
                </TimeSpan>
                <Point>
                  <coordinates>8.521753482456708,47.372668716486785,0</coordinates>
                </Point>
              </Placemark>
              <Placemark>
                <name>Telemetry 34</name>
                <styleUrl>#modifiedtelemetry</styleUrl>
                <TimeSpan>
                  <begin>2026-10-02T17:06:10.844904+00:00</begin>
                  <end>2026-10-02T17:06:11.844904+00:00</end>
                </TimeSpan>
                <Point>
                  <coordinates>8.521697756454788,47.37270819775779,0</coordinates>
                </Point>
              </Placemark>
              <Placemark>
                <name>Telemetry 35</name>
                <styleUrl>#modifiedtelemetry</styleUrl>
                <TimeSpan>
                  <begin>2026-10-02T17:06:11.844904+00:00</begin>
                  <end>2026-10-02T17:06:12.844904+00:00</end>
                </TimeSpan>
                <Point>
                  <coordinates>8.52164203045287,47.372747679028784,0</coordinates>
                </Point>
              </Placemark>
              <Placemark>
                <name>Telemetry 36</name>
                <styleUrl>#modifiedtelemetry</styleUrl>
                <TimeSpan>
                  <begin>2026-10-02T17:06:12.844904+00:00</begin>
                  <end>2026-10-02T17:06:13.844904+00:00</end>
                </TimeSpan>
                <Point>
                  <coordinates>8.521586304450953,47.37278716029979,0</coordinates>
                </Point>
              </Placemark>
              <Placemark>
                <name>Telemetry 37</name>
                <styleUrl>#modifiedtelemetry</styleUrl>
                <TimeSpan>
                  <begin>2026-10-02T17:06:13.844904+00:00</begin>
                  <end>2026-10-02T17:06:14.844904+00:00</end>
                </TimeSpan>
                <Point>
                  <coordinates>8.521530578449035,47.37282664157078,0</coordinates>
                </Point>
              </Placemark>
              <Placemark>
                <name>Telemetry 38</name>
                <styleUrl>#modifiedtelemetry</styleUrl>
                <TimeSpan>
                  <begin>2026-10-02T17:06:14.844904+00:00</begin>
                  <end>2026-10-02T17:06:15.844904+00:00</end>
                </TimeSpan>
                <Point>
                  <coordinates>8.521474852447117,47.372866122841785,0</coordinates>
                </Point>
              </Placemark>
              <Placemark>
                <name>Telemetry 39</name>
                <styleUrl>#modifiedtelemetry</styleUrl>
                <TimeSpan>
                  <begin>2026-10-02T17:06:15.844904+00:00</begin>
                  <end>2026-10-02T17:06:16.844904+00:00</end>
                </TimeSpan>
                <Point>
                  <coordinates>8.5214191264452,47.37290560411278,0</coordinates>
                </Point>
              </Placemark>
              <Placemark>
                <name>Telemetry 40</name>
                <styleUrl>#modifiedtelemetry</styleUrl>
                <TimeSpan>
                  <begin>2026-10-02T17:06:16.844904+00:00</begin>
                  <end>2026-10-02T17:06:17.844904+00:00</end>
                </TimeSpan>
                <Point>
                  <coordinates>8.521363400443283,47.37294508538378,0</coordinates>
                </Point>
              </Placemark>
              <Placemark>
                <name>Telemetry 41</name>
                <styleUrl>#modifiedtelemetry</styleUrl>
                <TimeSpan>
                  <begin>2026-10-02T17:06:17.844904+00:00</begin>
                  <end>2026-10-02T17:06:18.844904+00:00</end>
                </TimeSpan>
                <Point>
                  <coordinates>8.521307674441365,47.37298456665478,0</coordinates>
                </Point>
              </Placemark>
              <Placemark>
                <name>Telemetry 42</name>
                <styleUrl>#modifiedtelemetry</styleUrl>
                <TimeSpan>
                  <begin>2026-10-02T17:06:18.844904+00:00</begin>
                  <end>2026-10-02T17:06:19.844904+00:00</end>
                </TimeSpan>
                <Point>
                  <coordinates>8.521251948439447,47.37302404792578,0</coordinates>
                </Point>
              </Placemark>
              <Placemark>
                <name>Telemetry 43</name>
                <styleUrl>#modifiedtelemetry</styleUrl>
                <TimeSpan>
                  <begin>2026-10-02T17:06:19.844904+00:00</begin>
                  <end>2026-10-02T17:06:20.844904+00:00</end>
                </TimeSpan>
                <Point>
                  <coordinates>8.52119622243753,47.37306352919678,0</coordinates>
                </Point>
              </Placemark>
              <Placemark>
                <name>Telemetry 44</name>
                <styleUrl>#modifiedtelemetry</styleUrl>
                <TimeSpan>
                  <begin>2026-10-02T17:06:20.844904+00:00</begin>
                  <end>2026-10-02T17:06:21.844904+00:00</end>
                </TimeSpan>
                <Point>
                  <coordinates>8.521140496435612,47.37310301046778,0</coordinates>
                </Point>
              </Placemark>
              <Placemark>
                <name>Telemetry 45</name>
                <styleUrl>#modifiedtelemetry</styleUrl>
                <TimeSpan>
                  <begin>2026-10-02T17:06:21.844904+00:00</begin>
                  <end>2026-10-02T17:06:22.844904+00:00</end>
                </TimeSpan>
                <Point>
                  <coordinates>8.521084770433694,47.373142491738776,0</coordinates>
                </Point>
              </Placemark>
              <Placemark>
                <name>Telemetry 46</name>
                <styleUrl>#modifiedtelemetry</styleUrl>
                <TimeSpan>
                  <begin>2026-10-02T17:06:22.844904+00:00</begin>
                  <end>2026-10-02T17:06:23.844904+00:00</end>
                </TimeSpan>
                <Point>
                  <coordinates>8.521029997240193,47.37318257084312,0</coordinates>
                </Point>
              </Placemark>
              <Placemark>
                <name>Telemetry 47</name>
                <styleUrl>#modifiedtelemetry</styleUrl>
                <TimeSpan>
                  <begin>2026-10-02T17:06:23.844904+00:00</begin>
                  <end>2026-10-02T17:06:24.844904+00:00</end>
                </TimeSpan>
                <Point>
                  <coordinates>8.520963533997929,47.37323270220549,0</coordinates>
                </Point>
              </Placemark>
              <Placemark>
                <name>Telemetry 48</name>
                <styleUrl>#modifiedtelemetry</styleUrl>
                <TimeSpan>
                  <begin>2026-10-02T17:06:24.844904+00:00</begin>
                  <end>2026-10-02T17:06:25.844904+00:00</end>
                </TimeSpan>
                <Point>
                  <coordinates>8.520897070755662,47.37328283356786,0</coordinates>
                </Point>
              </Placemark>
              <Placemark>
                <name>Telemetry 49</name>
                <styleUrl>#modifiedtelemetry</styleUrl>
                <TimeSpan>
                  <begin>2026-10-02T17:06:25.844904+00:00</begin>
                  <end>2026-10-02T17:06:26.844904+00:00</end>
                </TimeSpan>
                <Point>
                  <coordinates>8.520830607513398,47.37333296493023,0</coordinates>
                </Point>
              </Placemark>
              <Placemark>
                <name>Telemetry 50</name>
                <styleUrl>#modifiedtelemetry</styleUrl>
                <TimeSpan>
                  <begin>2026-10-02T17:06:26.844904+00:00</begin>
                  <end>2026-10-02T17:06:27.844904+00:00</end>
                </TimeSpan>
                <Point>
                  <coordinates>8.520764144271133,47.3733830962926,0</coordinates>
                </Point>
              </Placemark>
              <Placemark>
                <name>Telemetry 51</name>
                <styleUrl>#modifiedtelemetry</styleUrl>
                <TimeSpan>
                  <begin>2026-10-02T17:06:27.844904+00:00</begin>
                  <end>2026-10-02T17:06:28.844904+00:00</end>
                </TimeSpan>
                <Point>
                  <coordinates>8.520697681028867,47.37343322765497,0</coordinates>
                </Point>
              </Placemark>
              <Placemark>
                <name>Telemetry 52</name>
                <styleUrl>#modifiedtelemetry</styleUrl>
                <TimeSpan>
                  <begin>2026-10-02T17:06:28.844904+00:00</begin>
                  <end>2026-10-02T17:06:29.844904+00:00</end>
                </TimeSpan>
                <Point>
                  <coordinates>8.520631217786603,47.373483359017335,0</coordinates>
                </Point>
              </Placemark>
              <Placemark>
                <name>Telemetry 53</name>
                <styleUrl>#modifiedtelemetry</styleUrl>
                <TimeSpan>
                  <begin>2026-10-02T17:06:29.844904+00:00</begin>
                  <end>2026-10-02T17:06:30.844904+00:00</end>
                </TimeSpan>
                <Point>
                  <coordinates>8.520564754544338,47.37353349037971,0</coordinates>
                </Point>
              </Placemark>
              <Placemark>
                <name>Telemetry 54</name>
                <styleUrl>#modifiedtelemetry</styleUrl>
                <TimeSpan>
                  <begin>2026-10-02T17:06:30.844904+00:00</begin>
                  <end>2026-10-02T17:06:31.844904+00:00</end>
                </TimeSpan>
                <Point>
                  <coordinates>8.520498291302074,47.37358362174207,0</coordinates>
                </Point>
              </Placemark>
              <Placemark>
                <name>Telemetry 55</name>
                <styleUrl>#modifiedtelemetry</styleUrl>
                <TimeSpan>
                  <begin>2026-10-02T17:06:31.844904+00:00</begin>
                  <end>2026-10-02T17:06:32.844904+00:00</end>
                </TimeSpan>
                <Point>
                  <coordinates>8.520431828059808,47.37363375310444,0</coordinates>
                </Point>
              </Placemark>
              <Placemark>
                <name>Telemetry 56</name>
                <styleUrl>#modifiedtelemetry</styleUrl>
                <TimeSpan>
                  <begin>2026-10-02T17:06:32.844904+00:00</begin>
                  <end>2026-10-02T17:06:33.844904+00:00</end>
                </TimeSpan>
                <Point>
                  <coordinates>8.520365364817543,47.373683884466814,0</coordinates>
                </Point>
              </Placemark>
              <Placemark>
                <name>Telemetry 57</name>
                <styleUrl>#modifiedtelemetry</styleUrl>
                <TimeSpan>
                  <begin>2026-10-02T17:06:33.844904+00:00</begin>
                  <end>2026-10-02T17:06:34.844904+00:00</end>
                </TimeSpan>
                <Point>
                  <coordinates>8.520303903282091,47.37373680594896,0</coordinates>
                </Point>
              </Placemark>
              <Placemark>
                <name>Telemetry 58</name>
                <styleUrl>#modifiedtelemetry</styleUrl>
                <TimeSpan>
                  <begin>2026-10-02T17:06:34.844904+00:00</begin>
                  <end>2026-10-02T17:06:35.844904+00:00</end>
                </TimeSpan>
                <Point>
                  <coordinates>8.520235595452737,47.373798117289056,0</coordinates>
                </Point>
              </Placemark>
              <Placemark>
                <name>Telemetry 59</name>
                <styleUrl>#modifiedtelemetry</styleUrl>
                <TimeSpan>
                  <begin>2026-10-02T17:06:35.844904+00:00</begin>
                  <end>2026-10-02T17:06:36.844904+00:00</end>
                </TimeSpan>
                <Point>
                  <coordinates>8.520167287623382,47.373859428629146,0</coordinates>
                </Point>
              </Placemark>
              <Placemark>
                <name>Telemetry 60</name>
                <styleUrl>#modifiedtelemetry</styleUrl>
                <TimeSpan>
                  <begin>2026-10-02T17:06:36.844904+00:00</begin>
                  <end>2026-10-02T17:06:37.844904+00:00</end>
                </TimeSpan>
                <Point>
                  <coordinates>8.520098979794028,47.37392073996924,0</coordinates>
                </Point>
              </Placemark>
              <Placemark>
                <name>Telemetry 61</name>
                <styleUrl>#modifiedtelemetry</styleUrl>
                <TimeSpan>
                  <begin>2026-10-02T17:06:37.844904+00:00</begin>
                  <end>2026-10-02T17:06:38.844904+00:00</end>
                </TimeSpan>
                <Point>
                  <coordinates>8.520030671964673,47.37398205130934,0</coordinates>
                </Point>
              </Placemark>
              <Placemark>
                <name>Telemetry 62</name>
                <styleUrl>#modifiedtelemetry</styleUrl>
                <TimeSpan>
                  <begin>2026-10-02T17:06:38.844904+00:00</begin>
                  <end>2026-10-02T17:06:39.844904+00:00</end>
                </TimeSpan>
                <Point>
                  <coordinates>8.519962364135319,47.37404336264943,0</coordinates>
                </Point>
              </Placemark>
              <Placemark>
                <name>Telemetry 63</name>
                <styleUrl>#modifiedtelemetry</styleUrl>
                <TimeSpan>
                  <begin>2026-10-02T17:06:39.844904+00:00</begin>
                  <end>2026-10-02T17:06:40.844904+00:00</end>
                </TimeSpan>
                <Point>
                  <coordinates>8.519895098918301,47.374105167193115,0</coordinates>
                </Point>
              </Placemark>
            </Folder>
          </Folder>
        </Folder>
        <Folder>
          <name>Service Provider polling</name>
        </Folder>
        <Folder>
          <name>Service Provider polling</name>
        </Folder>
        <Folder>
          <name>Service Provider polling</name>
        </Folder>
        <Folder>
          <name>Service Provider polling</name>
        </Folder>
        <Folder>
          <name>Service Provider polling</name>
        </Folder>
        <Folder>
          <name>Verify operator notification</name>
        </Folder>
        <Folder>
          <name>Intermediate cleanup</name>
        </Folder>
        <Folder>
          <name>Retrieve pre-existing operator notification</name>
        </Folder>
        <Folder>
          <name>Injection</name>
          <Folder>
            <name>E164: uss1 interuss.automated_testing.rid.v1.injection.createTest</name>
            <Folder>
              <name>Test flight 9a96ab30-784a-418d-a03e-7f0f2e563cf9</name>
              <Placemark>
                <name>Telemetry 0</name>
                <styleUrl>#modifiedtelemetry</styleUrl>
                <TimeSpan>
                  <begin>2026-10-02T17:05:47.495691+00:00</begin>
                  <end>2026-10-02T17:05:48.495691+00:00</end>
                </TimeSpan>
                <Point>
                  <coordinates>8.523321827032547,47.3715045208158,0</coordinates>
                </Point>
              </Placemark>
              <Placemark>
                <name>Telemetry 1</name>
                <styleUrl>#modifiedtelemetry</styleUrl>
                <TimeSpan>
                  <begin>2026-10-02T17:05:48.495691+00:00</begin>
                  <end>2026-10-02T17:05:49.495691+00:00</end>
                </TimeSpan>
                <Point>
                  <coordinates>8.523282890548819,47.371540881223694,0</coordinates>
                </Point>
              </Placemark>
              <Placemark>
                <name>Telemetry 2</name>
                <styleUrl>#modifiedtelemetry</styleUrl>
                <TimeSpan>
                  <begin>2026-10-02T17:05:49.495691+00:00</begin>
                  <end>2026-10-02T17:05:50.495691+00:00</end>
                </TimeSpan>
                <Point>
                  <coordinates>8.52324395406509,47.37157724163159,0</coordinates>
                </Point>
              </Placemark>
              <Placemark>
                <name>Telemetry 3</name>
                <styleUrl>#modifiedtelemetry</styleUrl>
                <TimeSpan>
                  <begin>2026-10-02T17:05:50.495691+00:00</begin>
                  <end>2026-10-02T17:05:51.495691+00:00</end>
                </TimeSpan>
                <Point>
                  <coordinates>8.523205017581365,47.37161360203949,0</coordinates>
                </Point>
              </Placemark>
              <Placemark>
                <name>Telemetry 4</name>
                <styleUrl>#modifiedtelemetry</styleUrl>
                <TimeSpan>
                  <begin>2026-10-02T17:05:51.495691+00:00</begin>
                  <end>2026-10-02T17:05:52.495691+00:00</end>
                </TimeSpan>
                <Point>
                  <coordinates>8.523166081097637,47.371649962447385,0</coordinates>
                </Point>
              </Placemark>
              <Placemark>
                <name>Telemetry 5</name>
                <styleUrl>#modifiedtelemetry</styleUrl>
                <TimeSpan>
                  <begin>2026-10-02T17:05:52.495691+00:00</begin>
                  <end>2026-10-02T17:05:53.495691+00:00</end>
                </TimeSpan>
                <Point>
                  <coordinates>8.523118769605144,47.37168134446735,0</coordinates>
                </Point>
              </Placemark>
              <Placemark>
                <name>Telemetry 6</name>
                <styleUrl>#modifiedtelemetry</styleUrl>
                <TimeSpan>
                  <begin>2026-10-02T17:05:53.495691+00:00</begin>
                  <end>2026-10-02T17:05:54.495691+00:00</end>
                </TimeSpan>
                <Point>
                  <coordinates>8.523070583658326,47.37171220668214,0</coordinates>
                </Point>
              </Placemark>
              <Placemark>
                <name>Telemetry 7</name>
                <styleUrl>#modifiedtelemetry</styleUrl>
                <TimeSpan>
                  <begin>2026-10-02T17:05:54.495691+00:00</begin>
                  <end>2026-10-02T17:05:55.495691+00:00</end>
                </TimeSpan>
                <Point>
                  <coordinates>8.523022397711506,47.371743068896926,0</coordinates>
                </Point>
              </Placemark>
              <Placemark>
                <name>Telemetry 8</name>
                <styleUrl>#modifiedtelemetry</styleUrl>
                <TimeSpan>
                  <begin>2026-10-02T17:05:55.495691+00:00</begin>
                  <end>2026-10-02T17:05:56.495691+00:00</end>
                </TimeSpan>
                <Point>
                  <coordinates>8.5229757392881,47.371774910132885,0</coordinates>
                </Point>
              </Placemark>
              <Placemark>
                <name>Telemetry 9</name>
                <styleUrl>#modifiedtelemetry</styleUrl>
                <TimeSpan>
                  <begin>2026-10-02T17:05:56.495691+00:00</begin>
                  <end>2026-10-02T17:05:57.495691+00:00</end>
                </TimeSpan>
                <Point>
                  <coordinates>8.522932891599606,47.371809193747204,0</coordinates>
                </Point>
              </Placemark>
              <Placemark>
                <name>Telemetry 10</name>
                <styleUrl>#modifiedtelemetry</styleUrl>
                <TimeSpan>
                  <begin>2026-10-02T17:05:57.495691+00:00</begin>
                  <end>2026-10-02T17:05:58.495691+00:00</end>
                </TimeSpan>
                <Point>
                  <coordinates>8.522890043911113,47.37184347736152,0</coordinates>
                </Point>
              </Placemark>
              <Placemark>
                <name>Telemetry 11</name>
                <styleUrl>#modifiedtelemetry</styleUrl>
                <TimeSpan>
                  <begin>2026-10-02T17:05:58.495691+00:00</begin>
                  <end>2026-10-02T17:05:59.495691+00:00</end>
                </TimeSpan>
                <Point>
                  <coordinates>8.52284719622262,47.37187776097584,0</coordinates>
                </Point>
              </Placemark>
              <Placemark>
                <name>Telemetry 12</name>
                <styleUrl>#modifiedtelemetry</styleUrl>
                <TimeSpan>
                  <begin>2026-10-02T17:05:59.495691+00:00</begin>
                  <end>2026-10-02T17:06:00.495691+00:00</end>
                </TimeSpan>
                <Point>
                  <coordinates>8.522804348534127,47.37191204459016,0</coordinates>
                </Point>
              </Placemark>
              <Placemark>
                <name>Telemetry 13</name>
                <styleUrl>#modifiedtelemetry</styleUrl>
                <TimeSpan>
                  <begin>2026-10-02T17:06:00.495691+00:00</begin>
                  <end>2026-10-02T17:06:01.495691+00:00</end>
                </TimeSpan>
                <Point>
                  <coordinates>8.522761500845634,47.37194632820448,0</coordinates>
                </Point>
              </Placemark>
              <Placemark>
                <name>Telemetry 14</name>
                <styleUrl>#modifiedtelemetry</styleUrl>
                <TimeSpan>
                  <begin>2026-10-02T17:06:01.495691+00:00</begin>
                  <end>2026-10-02T17:06:02.495691+00:00</end>
                </TimeSpan>
                <Point>
                  <coordinates>8.522718653157142,47.371980611818806,0</coordinates>
                </Point>
              </Placemark>
              <Placemark>
                <name>Telemetry 15</name>
                <styleUrl>#modifiedtelemetry</styleUrl>
                <TimeSpan>
                  <begin>2026-10-02T17:06:02.495691+00:00</begin>
                  <end>2026-10-02T17:06:03.495691+00:00</end>
                </TimeSpan>
                <Point>
                  <coordinates>8.522675805468648,47.372014895433125,0</coordinates>
                </Point>
              </Placemark>
              <Placemark>
                <name>Telemetry 16</name>
                <styleUrl>#modifiedtelemetry</styleUrl>
                <TimeSpan>
                  <begin>2026-10-02T17:06:03.495691+00:00</begin>
                  <end>2026-10-02T17:06:04.495691+00:00</end>
                </TimeSpan>
                <Point>
                  <coordinates>8.522630095760274,47.37204743572325,0</coordinates>
                </Point>
              </Placemark>
              <Placemark>
                <name>Telemetry 17</name>
                <styleUrl>#modifiedtelemetry</styleUrl>
                <TimeSpan>
                  <begin>2026-10-02T17:06:04.495691+00:00</begin>
                  <end>2026-10-02T17:06:05.495691+00:00</end>
                </TimeSpan>
                <Point>
                  <coordinates>8.522580799973472,47.372082380767935,0</coordinates>
                </Point>
              </Placemark>
              <Placemark>
                <name>Telemetry 18</name>
                <styleUrl>#modifiedtelemetry</styleUrl>
                <TimeSpan>
                  <begin>2026-10-02T17:06:05.495691+00:00</begin>
                  <end>2026-10-02T17:06:06.495691+00:00</end>
                </TimeSpan>
                <Point>
                  <coordinates>8.52253150418667,47.372117325812624,0</coordinates>
                </Point>
              </Placemark>
              <Placemark>
                <name>Telemetry 19</name>
                <styleUrl>#modifiedtelemetry</styleUrl>
                <TimeSpan>
                  <begin>2026-10-02T17:06:06.495691+00:00</begin>
                  <end>2026-10-02T17:06:07.495691+00:00</end>
                </TimeSpan>
                <Point>
                  <coordinates>8.52248220839987,47.372152270857306,0</coordinates>
                </Point>
              </Placemark>
              <Placemark>
                <name>Telemetry 20</name>
                <styleUrl>#modifiedtelemetry</styleUrl>
                <TimeSpan>
                  <begin>2026-10-02T17:06:07.495691+00:00</begin>
                  <end>2026-10-02T17:06:08.495691+00:00</end>
                </TimeSpan>
                <Point>
                  <coordinates>8.522432912613064,47.372187215901995,0</coordinates>
                </Point>
              </Placemark>
              <Placemark>
                <name>Telemetry 21</name>
                <styleUrl>#modifiedtelemetry</styleUrl>
                <TimeSpan>
                  <begin>2026-10-02T17:06:08.495691+00:00</begin>
                  <end>2026-10-02T17:06:09.495691+00:00</end>
                </TimeSpan>
                <Point>
                  <coordinates>8.522383616826263,47.37222216094668,0</coordinates>
                </Point>
              </Placemark>
              <Placemark>
                <name>Telemetry 22</name>
                <styleUrl>#modifiedtelemetry</styleUrl>
                <TimeSpan>
                  <begin>2026-10-02T17:06:09.495691+00:00</begin>
                  <end>2026-10-02T17:06:10.495691+00:00</end>
                </TimeSpan>
                <Point>
                  <coordinates>8.52233432103946,47.372257105991366,0</coordinates>
                </Point>
              </Placemark>
              <Placemark>
                <name>Telemetry 23</name>
                <styleUrl>#modifiedtelemetry</styleUrl>
                <TimeSpan>
                  <begin>2026-10-02T17:06:10.495691+00:00</begin>
                  <end>2026-10-02T17:06:11.495691+00:00</end>
                </TimeSpan>
                <Point>
                  <coordinates>8.52228502525266,47.37229205103605,0</coordinates>
                </Point>
              </Placemark>
              <Placemark>
                <name>Telemetry 24</name>
                <styleUrl>#modifiedtelemetry</styleUrl>
                <TimeSpan>
                  <begin>2026-10-02T17:06:11.495691+00:00</begin>
                  <end>2026-10-02T17:06:12.495691+00:00</end>
                </TimeSpan>
                <Point>
                  <coordinates>8.522235729465857,47.37232699608074,0</coordinates>
                </Point>
              </Placemark>
              <Placemark>
                <name>Telemetry 25</name>
                <styleUrl>#modifiedtelemetry</styleUrl>
                <TimeSpan>
                  <begin>2026-10-02T17:06:12.495691+00:00</begin>
                  <end>2026-10-02T17:06:13.495691+00:00</end>
                </TimeSpan>
                <Point>
                  <coordinates>8.522186433679055,47.37236194112542,0</coordinates>
                </Point>
              </Placemark>
              <Placemark>
                <name>Telemetry 26</name>
                <styleUrl>#modifiedtelemetry</styleUrl>
                <TimeSpan>
                  <begin>2026-10-02T17:06:13.495691+00:00</begin>
                  <end>2026-10-02T17:06:14.495691+00:00</end>
                </TimeSpan>
                <Point>
                  <coordinates>8.522137137892253,47.37239688617011,0</coordinates>
                </Point>
              </Placemark>
              <Placemark>
                <name>Telemetry 27</name>
                <styleUrl>#modifiedtelemetry</styleUrl>
                <TimeSpan>
                  <begin>2026-10-02T17:06:14.495691+00:00</begin>
                  <end>2026-10-02T17:06:15.495691+00:00</end>
                </TimeSpan>
                <Point>
                  <coordinates>8.522087838468211,47.37243182886079,0</coordinates>
                </Point>
              </Placemark>
              <Placemark>
                <name>Telemetry 28</name>
                <styleUrl>#modifiedtelemetry</styleUrl>
                <TimeSpan>
                  <begin>2026-10-02T17:06:15.495691+00:00</begin>
                  <end>2026-10-02T17:06:16.495691+00:00</end>
                </TimeSpan>
                <Point>
                  <coordinates>8.522032112466293,47.37247131013179,0</coordinates>
                </Point>
              </Placemark>
              <Placemark>
                <name>Telemetry 29</name>
                <styleUrl>#modifiedtelemetry</styleUrl>
                <TimeSpan>
                  <begin>2026-10-02T17:06:16.495691+00:00</begin>
                  <end>2026-10-02T17:06:17.495691+00:00</end>
                </TimeSpan>
                <Point>
                  <coordinates>8.521976386464376,47.37251079140279,0</coordinates>
                </Point>
              </Placemark>
              <Placemark>
                <name>Telemetry 30</name>
                <styleUrl>#modifiedtelemetry</styleUrl>
                <TimeSpan>
                  <begin>2026-10-02T17:06:17.495691+00:00</begin>
                  <end>2026-10-02T17:06:18.495691+00:00</end>
                </TimeSpan>
                <Point>
                  <coordinates>8.521920660462458,47.37255027267379,0</coordinates>
                </Point>
              </Placemark>
              <Placemark>
                <name>Telemetry 31</name>
                <styleUrl>#modifiedtelemetry</styleUrl>
                <TimeSpan>
                  <begin>2026-10-02T17:06:18.495691+00:00</begin>
                  <end>2026-10-02T17:06:19.495691+00:00</end>
                </TimeSpan>
                <Point>
                  <coordinates>8.521864934460542,47.37258975394479,0</coordinates>
                </Point>
              </Placemark>
              <Placemark>
                <name>Telemetry 32</name>
                <styleUrl>#modifiedtelemetry</styleUrl>
                <TimeSpan>
                  <begin>2026-10-02T17:06:19.495691+00:00</begin>
                  <end>2026-10-02T17:06:20.495691+00:00</end>
                </TimeSpan>
                <Point>
                  <coordinates>8.521809208458624,47.37262923521579,0</coordinates>
                </Point>
              </Placemark>
              <Placemark>
                <name>Telemetry 33</name>
                <styleUrl>#modifiedtelemetry</styleUrl>
                <TimeSpan>
                  <begin>2026-10-02T17:06:20.495691+00:00</begin>
                  <end>2026-10-02T17:06:21.495691+00:00</end>
                </TimeSpan>
                <Point>
                  <coordinates>8.521753482456708,47.372668716486785,0</coordinates>
                </Point>
              </Placemark>
              <Placemark>
                <name>Telemetry 34</name>
                <styleUrl>#modifiedtelemetry</styleUrl>
                <TimeSpan>
                  <begin>2026-10-02T17:06:21.495691+00:00</begin>
                  <end>2026-10-02T17:06:22.495691+00:00</end>
                </TimeSpan>
                <Point>
                  <coordinates>8.521697756454788,47.37270819775779,0</coordinates>
                </Point>
              </Placemark>
              <Placemark>
                <name>Telemetry 35</name>
                <styleUrl>#modifiedtelemetry</styleUrl>
                <TimeSpan>
                  <begin>2026-10-02T17:06:22.495691+00:00</begin>
                  <end>2026-10-02T17:06:23.495691+00:00</end>
                </TimeSpan>
                <Point>
                  <coordinates>8.52164203045287,47.372747679028784,0</coordinates>
                </Point>
              </Placemark>
              <Placemark>
                <name>Telemetry 36</name>
                <styleUrl>#modifiedtelemetry</styleUrl>
                <TimeSpan>
                  <begin>2026-10-02T17:06:23.495691+00:00</begin>
                  <end>2026-10-02T17:06:24.495691+00:00</end>
                </TimeSpan>
                <Point>
                  <coordinates>8.521586304450953,47.37278716029979,0</coordinates>
                </Point>
              </Placemark>
              <Placemark>
                <name>Telemetry 37</name>
                <styleUrl>#modifiedtelemetry</styleUrl>
                <TimeSpan>
                  <begin>2026-10-02T17:06:24.495691+00:00</begin>
                  <end>2026-10-02T17:06:25.495691+00:00</end>
                </TimeSpan>
                <Point>
                  <coordinates>8.521530578449035,47.37282664157078,0</coordinates>
                </Point>
              </Placemark>
              <Placemark>
                <name>Telemetry 38</name>
                <styleUrl>#modifiedtelemetry</styleUrl>
                <TimeSpan>
                  <begin>2026-10-02T17:06:25.495691+00:00</begin>
                  <end>2026-10-02T17:06:26.495691+00:00</end>
                </TimeSpan>
                <Point>
                  <coordinates>8.521474852447117,47.372866122841785,0</coordinates>
                </Point>
              </Placemark>
              <Placemark>
                <name>Telemetry 39</name>
                <styleUrl>#modifiedtelemetry</styleUrl>
                <TimeSpan>
                  <begin>2026-10-02T17:06:26.495691+00:00</begin>
                  <end>2026-10-02T17:06:27.495691+00:00</end>
                </TimeSpan>
                <Point>
                  <coordinates>8.5214191264452,47.37290560411278,0</coordinates>
                </Point>
              </Placemark>
              <Placemark>
                <name>Telemetry 40</name>
                <styleUrl>#modifiedtelemetry</styleUrl>
                <TimeSpan>
                  <begin>2026-10-02T17:06:27.495691+00:00</begin>
                  <end>2026-10-02T17:06:28.495691+00:00</end>
                </TimeSpan>
                <Point>
                  <coordinates>8.521363400443283,47.37294508538378,0</coordinates>
                </Point>
              </Placemark>
              <Placemark>
                <name>Telemetry 41</name>
                <styleUrl>#modifiedtelemetry</styleUrl>
                <TimeSpan>
                  <begin>2026-10-02T17:06:28.495691+00:00</begin>
                  <end>2026-10-02T17:06:29.495691+00:00</end>
                </TimeSpan>
                <Point>
                  <coordinates>8.521307674441365,47.37298456665478,0</coordinates>
                </Point>
              </Placemark>
              <Placemark>
                <name>Telemetry 42</name>
                <styleUrl>#modifiedtelemetry</styleUrl>
                <TimeSpan>
                  <begin>2026-10-02T17:06:29.495691+00:00</begin>
                  <end>2026-10-02T17:06:30.495691+00:00</end>
                </TimeSpan>
                <Point>
                  <coordinates>8.521251948439447,47.37302404792578,0</coordinates>
                </Point>
              </Placemark>
              <Placemark>
                <name>Telemetry 43</name>
                <styleUrl>#modifiedtelemetry</styleUrl>
                <TimeSpan>
                  <begin>2026-10-02T17:06:30.495691+00:00</begin>
                  <end>2026-10-02T17:06:31.495691+00:00</end>
                </TimeSpan>
                <Point>
                  <coordinates>8.52119622243753,47.37306352919678,0</coordinates>
                </Point>
              </Placemark>
              <Placemark>
                <name>Telemetry 44</name>
                <styleUrl>#modifiedtelemetry</styleUrl>
                <TimeSpan>
                  <begin>2026-10-02T17:06:31.495691+00:00</begin>
                  <end>2026-10-02T17:06:32.495691+00:00</end>
                </TimeSpan>
                <Point>
                  <coordinates>8.521140496435612,47.37310301046778,0</coordinates>
                </Point>
              </Placemark>
              <Placemark>
                <name>Telemetry 45</name>
                <styleUrl>#modifiedtelemetry</styleUrl>
                <TimeSpan>
                  <begin>2026-10-02T17:06:32.495691+00:00</begin>
                  <end>2026-10-02T17:06:33.495691+00:00</end>
                </TimeSpan>
                <Point>
                  <coordinates>8.521084770433694,47.373142491738776,0</coordinates>
                </Point>
              </Placemark>
              <Placemark>
                <name>Telemetry 46</name>
                <styleUrl>#modifiedtelemetry</styleUrl>
                <TimeSpan>
                  <begin>2026-10-02T17:06:33.495691+00:00</begin>
                  <end>2026-10-02T17:06:34.495691+00:00</end>
                </TimeSpan>
                <Point>
                  <coordinates>8.521029997240193,47.37318257084312,0</coordinates>
                </Point>
              </Placemark>
              <Placemark>
                <name>Telemetry 47</name>
                <styleUrl>#modifiedtelemetry</styleUrl>
                <TimeSpan>
                  <begin>2026-10-02T17:06:34.495691+00:00</begin>
                  <end>2026-10-02T17:06:35.495691+00:00</end>
                </TimeSpan>
                <Point>
                  <coordinates>8.520963533997929,47.37323270220549,0</coordinates>
                </Point>
              </Placemark>
              <Placemark>
                <name>Telemetry 48</name>
                <styleUrl>#modifiedtelemetry</styleUrl>
                <TimeSpan>
                  <begin>2026-10-02T17:06:35.495691+00:00</begin>
                  <end>2026-10-02T17:06:36.495691+00:00</end>
                </TimeSpan>
                <Point>
                  <coordinates>8.520897070755662,47.37328283356786,0</coordinates>
                </Point>
              </Placemark>
              <Placemark>
                <name>Telemetry 49</name>
                <styleUrl>#modifiedtelemetry</styleUrl>
                <TimeSpan>
                  <begin>2026-10-02T17:06:36.495691+00:00</begin>
                  <end>2026-10-02T17:06:37.495691+00:00</end>
                </TimeSpan>
                <Point>
                  <coordinates>8.520830607513398,47.37333296493023,0</coordinates>
                </Point>
              </Placemark>
              <Placemark>
                <name>Telemetry 50</name>
                <styleUrl>#modifiedtelemetry</styleUrl>
                <TimeSpan>
                  <begin>2026-10-02T17:06:37.495691+00:00</begin>
                  <end>2026-10-02T17:06:38.495691+00:00</end>
                </TimeSpan>
                <Point>
                  <coordinates>8.520764144271133,47.3733830962926,0</coordinates>
                </Point>
              </Placemark>
              <Placemark>
                <name>Telemetry 51</name>
                <styleUrl>#modifiedtelemetry</styleUrl>
                <TimeSpan>
                  <begin>2026-10-02T17:06:38.495691+00:00</begin>
                  <end>2026-10-02T17:06:39.495691+00:00</end>
                </TimeSpan>
                <Point>
                  <coordinates>8.520697681028867,47.37343322765497,0</coordinates>
                </Point>
              </Placemark>
              <Placemark>
                <name>Telemetry 52</name>
                <styleUrl>#modifiedtelemetry</styleUrl>
                <TimeSpan>
                  <begin>2026-10-02T17:06:39.495691+00:00</begin>
                  <end>2026-10-02T17:06:40.495691+00:00</end>
                </TimeSpan>
                <Point>
                  <coordinates>8.520631217786603,47.373483359017335,0</coordinates>
                </Point>
              </Placemark>
              <Placemark>
                <name>Telemetry 53</name>
                <styleUrl>#modifiedtelemetry</styleUrl>
                <TimeSpan>
                  <begin>2026-10-02T17:06:40.495691+00:00</begin>
                  <end>2026-10-02T17:06:41.495691+00:00</end>
                </TimeSpan>
                <Point>
                  <coordinates>8.520564754544338,47.37353349037971,0</coordinates>
                </Point>
              </Placemark>
              <Placemark>
                <name>Telemetry 54</name>
                <styleUrl>#modifiedtelemetry</styleUrl>
                <TimeSpan>
                  <begin>2026-10-02T17:06:41.495691+00:00</begin>
                  <end>2026-10-02T17:06:42.495691+00:00</end>
                </TimeSpan>
                <Point>
                  <coordinates>8.520498291302074,47.37358362174207,0</coordinates>
                </Point>
              </Placemark>
              <Placemark>
                <name>Telemetry 55</name>
                <styleUrl>#modifiedtelemetry</styleUrl>
                <TimeSpan>
                  <begin>2026-10-02T17:06:42.495691+00:00</begin>
                  <end>2026-10-02T17:06:43.495691+00:00</end>
                </TimeSpan>
                <Point>
                  <coordinates>8.520431828059808,47.37363375310444,0</coordinates>
                </Point>
              </Placemark>
              <Placemark>
                <name>Telemetry 56</name>
                <styleUrl>#modifiedtelemetry</styleUrl>
                <TimeSpan>
                  <begin>2026-10-02T17:06:43.495691+00:00</begin>
                  <end>2026-10-02T17:06:44.495691+00:00</end>
                </TimeSpan>
                <Point>
                  <coordinates>8.520365364817543,47.373683884466814,0</coordinates>
                </Point>
              </Placemark>
              <Placemark>
                <name>Telemetry 57</name>
                <styleUrl>#modifiedtelemetry</styleUrl>
                <TimeSpan>
                  <begin>2026-10-02T17:06:44.495691+00:00</begin>
                  <end>2026-10-02T17:06:45.495691+00:00</end>
                </TimeSpan>
                <Point>
                  <coordinates>8.520303903282091,47.37373680594896,0</coordinates>
                </Point>
              </Placemark>
              <Placemark>
                <name>Telemetry 58</name>
                <styleUrl>#modifiedtelemetry</styleUrl>
                <TimeSpan>
                  <begin>2026-10-02T17:06:45.495691+00:00</begin>
                  <end>2026-10-02T17:06:46.495691+00:00</end>
                </TimeSpan>
                <Point>
                  <coordinates>8.520235595452737,47.373798117289056,0</coordinates>
                </Point>
              </Placemark>
              <Placemark>
                <name>Telemetry 59</name>
                <styleUrl>#modifiedtelemetry</styleUrl>
                <TimeSpan>
                  <begin>2026-10-02T17:06:46.495691+00:00</begin>
                  <end>2026-10-02T17:06:47.495691+00:00</end>
                </TimeSpan>
                <Point>
                  <coordinates>8.520167287623382,47.373859428629146,0</coordinates>
                </Point>
              </Placemark>
              <Placemark>
                <name>Telemetry 60</name>
                <styleUrl>#modifiedtelemetry</styleUrl>
                <TimeSpan>
                  <begin>2026-10-02T17:06:47.495691+00:00</begin>
                  <end>2026-10-02T17:06:48.495691+00:00</end>
                </TimeSpan>
                <Point>
                  <coordinates>8.520098979794028,47.37392073996924,0</coordinates>
                </Point>
              </Placemark>
              <Placemark>
                <name>Telemetry 61</name>
                <styleUrl>#modifiedtelemetry</styleUrl>
                <TimeSpan>
                  <begin>2026-10-02T17:06:48.495691+00:00</begin>
                  <end>2026-10-02T17:06:49.495691+00:00</end>
                </TimeSpan>
                <Point>
                  <coordinates>8.520030671964673,47.37398205130934,0</coordinates>
                </Point>
              </Placemark>
              <Placemark>
                <name>Telemetry 62</name>
                <styleUrl>#modifiedtelemetry</styleUrl>
                <TimeSpan>
                  <begin>2026-10-02T17:06:49.495691+00:00</begin>
                  <end>2026-10-02T17:06:50.495691+00:00</end>
                </TimeSpan>
                <Point>
                  <coordinates>8.519962364135319,47.37404336264943,0</coordinates>
                </Point>
              </Placemark>
              <Placemark>
                <name>Telemetry 63</name>
                <styleUrl>#modifiedtelemetry</styleUrl>
                <TimeSpan>
                  <begin>2026-10-02T17:06:50.495691+00:00</begin>
                  <end>2026-10-02T17:06:51.495691+00:00</end>
                </TimeSpan>
                <Point>
                  <coordinates>8.519895098918301,47.374105167193115,0</coordinates>
                </Point>
              </Placemark>
            </Folder>
          </Folder>
        </Folder>
        <Folder>
          <name>Service Provider polling</name>
        </Folder>
        <Folder>
          <name>Service Provider polling</name>
        </Folder>
        <Folder>
          <name>Service Provider polling</name>
        </Folder>
        <Folder>
          <name>Service Provider polling</name>
        </Folder>
        <Folder>
          <name>Service Provider polling</name>
        </Folder>
        <Folder>
          <name>Verify operator notification</name>
        </Folder>
        <Folder>
          <name>Intermediate cleanup</name>
        </Folder>
      </Folder>
      <Folder>
        <name/>
        <Folder>
          <name>Cleanup</name>
        </Folder>
      </Folder>
    </Folder>
  </Document>
</kml>
