<kml xmlns="http://www.opengis.net/kml/2.2" xmlns:atom="http://www.w3.org/2005/Atom" xmlns:gx="http://www.google.com/kml/ext/2.2">
  <Document>
    <Style id="QueryArea">
      <LineStyle>
        <color>ffc0c000</color>
        <width>3</width>
      </LineStyle>
      <PolyStyle>
        <color>80ffffaa</color>
      </PolyStyle>
    </Style>
    <Style id="F3548v21Accepted">
      <LineStyle>
        <color>ff00c000</color>
        <width>3</width>
      </LineStyle>
      <PolyStyle>
        <color>80c0c0c0</color>
      </PolyStyle>
    </Style>
    <Style id="F3548v21Activated">
      <LineStyle>
        <color>ff00c000</color>
        <width>3</width>
      </LineStyle>
      <PolyStyle>
        <color>8000ff00</color>
      </PolyStyle>
    </Style>
    <Style id="F3548v21Nonconforming">
      <LineStyle>
        <color>ff00ffff</color>
        <width>5</width>
      </LineStyle>
      <PolyStyle>
        <color>8000ffff</color>
      </PolyStyle>
    </Style>
    <Style id="F3548v21Contingent">
      <LineStyle>
        <color>ff0000ff</color>
        <width>5</width>
      </LineStyle>
      <PolyStyle>
        <color>80ff0000ff</color>
      </PolyStyle>
    </Style>
    <Style id="F3548v21AcceptedFuture">
      <LineStyle>
        <color>80c0c0c0</color>
        <width>1</width>
      </LineStyle>
      <PolyStyle>
        <color>00000000</color>
      </PolyStyle>
    </Style>
    <Style id="F3548v21ActivatedFuture">
      <LineStyle>
        <color>8040c040</color>
        <width>1</width>
      </LineStyle>
      <PolyStyle>
        <color>00000000</color>
      </PolyStyle>
    </Style>
    <Style id="F3548v21NonconformingFuture">
      <LineStyle>
        <color>8000ffff</color>
        <width>1</width>
      </LineStyle>
      <PolyStyle>
        <color>00000000</color>
      </PolyStyle>
    </Style>
    <Style id="F3548v21ContingentFuture">
      <LineStyle>
        <color>80ff0000ff</color>
        <width>1</width>
      </LineStyle>
      <PolyStyle>
        <color>00000000</color>
      </PolyStyle>
    </Style>
    <Style id="Planned_Nominal">
      <LineStyle>
        <color>ff00c000</color>
        <width>3</width>
      </LineStyle>
      <PolyStyle>
        <color>80808080</color>
      </PolyStyle>
    </Style>
    <Style id="InUse_Nominal">
      <LineStyle>
        <color>ff00c000</color>
        <width>3</width>
      </LineStyle>
      <PolyStyle>
        <color>8000ff00</color>
      </PolyStyle>
    </Style>
    <Style id="InUse_OffNominal">
      <LineStyle>
        <color>ff00ffff</color>
        <width>5</width>
      </LineStyle>
      <PolyStyle>
        <color>8000ff00</color>
      </PolyStyle>
    </Style>
    <Style id="InUse_Contingent">
      <LineStyle>
        <color>ff0000ff</color>
        <width>5</width>
      </LineStyle>
      <PolyStyle>
        <color>8000ff00</color>
      </PolyStyle>
    </Style>
    <Folder>
      <name>Nominal planning: not permitted conflict with equal priority</name>
      <Folder>
        <name>Prerequisites check</name>
        <Folder>
          <name>Verify area is clear</name>
          <Folder>
            <name>E3: uss1_dss astm.f3548.v21.dss.queryOperationalIntentReferences</name>
            <Placemark>
              <name>area_of_interest</name>
              <styleUrl>#QueryArea</styleUrl>
              <description><![CDATA[(no operational intent references found)]]></description>
              <TimeSpan>
                <begin>2026-05-11T08:02:27.289986+00:00</begin>
                <end>2026-05-11T09:32:28.289986+00:00</end>
              </TimeSpan>
              <MultiGeometry>
                <Polygon>
                  <altitudeMode>absolute</altitudeMode>
                  <outerBoundaryIs>
                    <LinearRing>
                      <coordinates>8.504900000000001,47.37755,577.6813050468143 8.504900000000001,47.3783,577.6813050468143 8.505650000000001,47.3783,577.6813050468143 8.505650000000001,47.37755,577.6813050468143</coordinates>
                    </LinearRing>
                  </outerBoundaryIs>
                </Polygon>
                <Polygon>
                  <altitudeMode>absolute</altitudeMode>
                  <outerBoundaryIs>
                    <LinearRing>
                      <coordinates>8.504900000000001,47.37755,657.7313050468142 8.504900000000001,47.3783,657.7313050468142 8.505650000000001,47.3783,657.7313050468142 8.505650000000001,47.37755,657.7313050468142</coordinates>
                    </LinearRing>
                  </outerBoundaryIs>
                </Polygon>
                <Polygon>
                  <altitudeMode>absolute</altitudeMode>
                  <outerBoundaryIs>
                    <LinearRing>
                      <coordinates>8.504900000000001,47.37755,577.6813050468143 8.504900000000001,47.37755,657.7313050468142 8.504900000000001,47.3783,657.7313050468142 8.504900000000001,47.3783,577.6813050468143</coordinates>
                    </LinearRing>
                  </outerBoundaryIs>
                </Polygon>
                <Polygon>
                  <altitudeMode>absolute</altitudeMode>
                  <outerBoundaryIs>
                    <LinearRing>
                      <coordinates>8.504900000000001,47.3783,577.6813050468143 8.504900000000001,47.3783,657.7313050468142 8.505650000000001,47.3783,657.7313050468142 8.505650000000001,47.3783,577.6813050468143</coordinates>
                    </LinearRing>
                  </outerBoundaryIs>
                </Polygon>
                <Polygon>
                  <altitudeMode>absolute</altitudeMode>
                  <outerBoundaryIs>
                    <LinearRing>
                      <coordinates>8.505650000000001,47.3783,577.6813050468143 8.505650000000001,47.3783,657.7313050468142 8.505650000000001,47.37755,657.7313050468142 8.505650000000001,47.37755,577.6813050468143</coordinates>
                    </LinearRing>
                  </outerBoundaryIs>
                </Polygon>
                <Polygon>
                  <altitudeMode>absolute</altitudeMode>
                  <outerBoundaryIs>
                    <LinearRing>
                      <coordinates>8.505650000000001,47.37755,577.6813050468143 8.505650000000001,47.37755,657.7313050468142 8.504900000000001,47.37755,657.7313050468142 8.504900000000001,47.37755,577.6813050468143</coordinates>
                    </LinearRing>
                  </outerBoundaryIs>
                </Polygon>
              </MultiGeometry>
            </Placemark>
          </Folder>
        </Folder>
      </Folder>
      <Folder>
        <name>Attempt to plan flight into conflict</name>
        <Folder>
          <name>Plan Flight 2</name>
          <Folder>
            <name>E6: uss1_dss astm.f3548.v21.dss.queryOperationalIntentReferences</name>
            <Placemark>
              <name>area_of_interest</name>
              <styleUrl>#QueryArea</styleUrl>
              <description><![CDATA[(no operational intent references found)]]></description>
              <TimeSpan>
                <begin>2026-05-11T08:06:48.654647+00:00</begin>
                <end>2026-05-11T08:51:49.654647+00:00</end>
              </TimeSpan>
              <MultiGeometry>
                <Polygon>
                  <altitudeMode>absolute</altitudeMode>
                  <outerBoundaryIs>
                    <LinearRing>
                      <coordinates>8.504900000000001,47.37755,607.8310687200343 8.504900000000001,47.3783,607.8310687200343 8.5053,47.3783,607.8310687200343 8.5053,47.37755,607.8310687200343</coordinates>
                    </LinearRing>
                  </outerBoundaryIs>
                </Polygon>
                <Polygon>
                  <altitudeMode>absolute</altitudeMode>
                  <outerBoundaryIs>
                    <LinearRing>
                      <coordinates>8.504900000000001,47.37755,635.7310687200343 8.504900000000001,47.3783,635.7310687200343 8.5053,47.3783,635.7310687200343 8.5053,47.37755,635.7310687200343</coordinates>
                    </LinearRing>
                  </outerBoundaryIs>
                </Polygon>
                <Polygon>
                  <altitudeMode>absolute</altitudeMode>
                  <outerBoundaryIs>
                    <LinearRing>
                      <coordinates>8.504900000000001,47.37755,607.8310687200343 8.504900000000001,47.37755,635.7310687200343 8.504900000000001,47.3783,635.7310687200343 8.504900000000001,47.3783,607.8310687200343</coordinates>
                    </LinearRing>
                  </outerBoundaryIs>
                </Polygon>
                <Polygon>
                  <altitudeMode>absolute</altitudeMode>
                  <outerBoundaryIs>
                    <LinearRing>
                      <coordinates>8.504900000000001,47.3783,607.8310687200343 8.504900000000001,47.3783,635.7310687200343 8.5053,47.3783,635.7310687200343 8.5053,47.3783,607.8310687200343</coordinates>
                    </LinearRing>
                  </outerBoundaryIs>
                </Polygon>
                <Polygon>
                  <altitudeMode>absolute</altitudeMode>
                  <outerBoundaryIs>
                    <LinearRing>
                      <coordinates>8.5053,47.3783,607.8310687200343 8.5053,47.3783,635.7310687200343 8.5053,47.37755,635.7310687200343 8.5053,47.37755,607.8310687200343</coordinates>
                    </LinearRing>
                  </outerBoundaryIs>
                </Polygon>
                <Polygon>
                  <altitudeMode>absolute</altitudeMode>
                  <outerBoundaryIs>
                    <LinearRing>
                      <coordinates>8.5053,47.37755,607.8310687200343 8.5053,47.37755,635.7310687200343 8.504900000000001,47.37755,635.7310687200343 8.504900000000001,47.37755,607.8310687200343</coordinates>
                    </LinearRing>
                  </outerBoundaryIs>
                </Polygon>
              </MultiGeometry>
            </Placemark>
          </Folder>
          <Folder>
            <name>E8: uss1_core interuss.automated_testing.flight_planning.v1.UpsertFlightPlan</name>
            <Folder>
              <name>Activity Completed, flight Planned</name>
              <Placemark>
                <name>Volume 0</name>
                <styleUrl>#Planned_Nominal</styleUrl>
                <TimeSpan>
                  <begin>2026-05-11T08:06:48.654647+00:00</begin>
                  <end>2026-05-11T08:51:49.654647+00:00</end>
                </TimeSpan>
                <MultiGeometry>
                  <Polygon>
                    <altitudeMode>absolute</altitudeMode>
                    <outerBoundaryIs>
                      <LinearRing>
                        <coordinates>8.504900000000001,47.378,607.8310623441351 8.5051,47.37755,607.8310623441351 8.5053,47.37795,607.8310623441351 8.5051,47.3783,607.8310623441351</coordinates>
                      </LinearRing>
                    </outerBoundaryIs>
                  </Polygon>
                  <Polygon>
                    <altitudeMode>absolute</altitudeMode>
                    <outerBoundaryIs>
                      <LinearRing>
                        <coordinates>8.504900000000001,47.378,635.7310623441351 8.5051,47.37755,635.7310623441351 8.5053,47.37795,635.7310623441351 8.5051,47.3783,635.7310623441351</coordinates>
                      </LinearRing>
                    </outerBoundaryIs>
                  </Polygon>
                  <Polygon>
                    <altitudeMode>absolute</altitudeMode>
                    <outerBoundaryIs>
                      <LinearRing>
                        <coordinates>8.504900000000001,47.378,607.8310623441351 8.504900000000001,47.378,635.7310623441351 8.5051,47.37755,635.7310623441351 8.5051,47.37755,607.8310623441351</coordinates>
                      </LinearRing>
                    </outerBoundaryIs>
                  </Polygon>
                  <Polygon>
                    <altitudeMode>absolute</altitudeMode>
                    <outerBoundaryIs>
                      <LinearRing>
                        <coordinates>8.5051,47.37755,607.8310623441351 8.5051,47.37755,635.7310623441351 8.5053,47.37795,635.7310623441351 8.5053,47.37795,607.8310623441351</coordinates>
                      </LinearRing>
                    </outerBoundaryIs>
                  </Polygon>
                  <Polygon>
                    <altitudeMode>absolute</altitudeMode>
                    <outerBoundaryIs>
                      <LinearRing>
                        <coordinates>8.5053,47.37795,607.8310623441351 8.5053,47.37795,635.7310623441351 8.5051,47.3783,635.7310623441351 8.5051,47.3783,607.8310623441351</coordinates>
                      </LinearRing>
                    </outerBoundaryIs>
                  </Polygon>
                  <Polygon>
                    <altitudeMode>absolute</altitudeMode>
                    <outerBoundaryIs>
                      <LinearRing>
                        <coordinates>8.5051,47.3783,607.8310623441351 8.5051,47.3783,635.7310623441351 8.504900000000001,47.378,635.7310623441351 8.504900000000001,47.378,607.8310623441351</coordinates>
                      </LinearRing>
                    </outerBoundaryIs>
                  </Polygon>
                </MultiGeometry>
              </Placemark>
            </Folder>
          </Folder>
          <Folder>
            <name>E11: uss1_dss astm.f3548.v21.dss.queryOperationalIntentReferences</name>
            <Placemark>
              <name>area_of_interest</name>
              <styleUrl>#QueryArea</styleUrl>
              <description><![CDATA[<ul><li>uss1's Accepted d4208311-f352-4969-9cfd-406fa1fbd75f[1]</li></ul>]]></description>
              <TimeSpan>
                <begin>2026-05-11T08:06:48.654647+00:00</begin>
                <end>2026-05-11T08:51:49.654647+00:00</end>
              </TimeSpan>
              <MultiGeometry>
                <Polygon>
                  <altitudeMode>absolute</altitudeMode>
                  <outerBoundaryIs>
                    <LinearRing>
                      <coordinates>8.504900000000001,47.37755,607.8310687200343 8.504900000000001,47.3783,607.8310687200343 8.5053,47.3783,607.8310687200343 8.5053,47.37755,607.8310687200343</coordinates>
                    </LinearRing>
                  </outerBoundaryIs>
                </Polygon>
                <Polygon>
                  <altitudeMode>absolute</altitudeMode>
                  <outerBoundaryIs>
                    <LinearRing>
                      <coordinates>8.504900000000001,47.37755,635.7310687200343 8.504900000000001,47.3783,635.7310687200343 8.5053,47.3783,635.7310687200343 8.5053,47.37755,635.7310687200343</coordinates>
                    </LinearRing>
                  </outerBoundaryIs>
                </Polygon>
                <Polygon>
                  <altitudeMode>absolute</altitudeMode>
                  <outerBoundaryIs>
                    <LinearRing>
                      <coordinates>8.504900000000001,47.37755,607.8310687200343 8.504900000000001,47.37755,635.7310687200343 8.504900000000001,47.3783,635.7310687200343 8.504900000000001,47.3783,607.8310687200343</coordinates>
                    </LinearRing>
                  </outerBoundaryIs>
                </Polygon>
                <Polygon>
                  <altitudeMode>absolute</altitudeMode>
                  <outerBoundaryIs>
                    <LinearRing>
                      <coordinates>8.504900000000001,47.3783,607.8310687200343 8.504900000000001,47.3783,635.7310687200343 8.5053,47.3783,635.7310687200343 8.5053,47.3783,607.8310687200343</coordinates>
                    </LinearRing>
                  </outerBoundaryIs>
                </Polygon>
                <Polygon>
                  <altitudeMode>absolute</altitudeMode>
                  <outerBoundaryIs>
                    <LinearRing>
                      <coordinates>8.5053,47.3783,607.8310687200343 8.5053,47.3783,635.7310687200343 8.5053,47.37755,635.7310687200343 8.5053,47.37755,607.8310687200343</coordinates>
                    </LinearRing>
                  </outerBoundaryIs>
                </Polygon>
                <Polygon>
                  <altitudeMode>absolute</altitudeMode>
                  <outerBoundaryIs>
                    <LinearRing>
                      <coordinates>8.5053,47.37755,607.8310687200343 8.5053,47.37755,635.7310687200343 8.504900000000001,47.37755,635.7310687200343 8.504900000000001,47.37755,607.8310687200343</coordinates>
                    </LinearRing>
                  </outerBoundaryIs>
                </Polygon>
              </MultiGeometry>
            </Placemark>
          </Folder>
          <Folder>
            <name>E15: uss1_core astm.f3548.v21.uss.getOperationalIntentDetails</name>
            <Folder>
              <name>uss1's P0 Accepted d4208311-f352-4969-9cfd-406fa1fbd75f[1] @ oX-KTnwDTaBxXb01Gv.0SP4RZTvf-wp45gRT1bDwQ8E_</name>
              <Placemark>
                <name>Nominal volume 0</name>
                <styleUrl>#F3548v21Accepted</styleUrl>
                <TimeSpan>
                  <begin>2026-05-11T08:06:48.654647+00:00</begin>
                  <end>2026-05-11T08:51:49.654647+00:00</end>
                </TimeSpan>
                <MultiGeometry>
                  <Polygon>
                    <altitudeMode>absolute</altitudeMode>
                    <outerBoundaryIs>
                      <LinearRing>
                        <coordinates>8.504900000000001,47.378,607.8310623441351 8.5051,47.37755,607.8310623441351 8.5053,47.37795,607.8310623441351 8.5051,47.3783,607.8310623441351</coordinates>
                      </LinearRing>
                    </outerBoundaryIs>
                  </Polygon>
                  <Polygon>
                    <altitudeMode>absolute</altitudeMode>
                    <outerBoundaryIs>
                      <LinearRing>
                        <coordinates>8.504900000000001,47.378,635.7310623441351 8.5051,47.37755,635.7310623441351 8.5053,47.37795,635.7310623441351 8.5051,47.3783,635.7310623441351</coordinates>
                      </LinearRing>
                    </outerBoundaryIs>
                  </Polygon>
                  <Polygon>
                    <altitudeMode>absolute</altitudeMode>
                    <outerBoundaryIs>
                      <LinearRing>
                        <coordinates>8.504900000000001,47.378,607.8310623441351 8.504900000000001,47.378,635.7310623441351 8.5051,47.37755,635.7310623441351 8.5051,47.37755,607.8310623441351</coordinates>
                      </LinearRing>
                    </outerBoundaryIs>
                  </Polygon>
                  <Polygon>
                    <altitudeMode>absolute</altitudeMode>
                    <outerBoundaryIs>
                      <LinearRing>
                        <coordinates>8.5051,47.37755,607.8310623441351 8.5051,47.37755,635.7310623441351 8.5053,47.37795,635.7310623441351 8.5053,47.37795,607.8310623441351</coordinates>
                      </LinearRing>
                    </outerBoundaryIs>
                  </Polygon>
                  <Polygon>
                    <altitudeMode>absolute</altitudeMode>
                    <outerBoundaryIs>
                      <LinearRing>
                        <coordinates>8.5053,47.37795,607.8310623441351 8.5053,47.37795,635.7310623441351 8.5051,47.3783,635.7310623441351 8.5051,47.3783,607.8310623441351</coordinates>
                      </LinearRing>
                    </outerBoundaryIs>
                  </Polygon>
                  <Polygon>
                    <altitudeMode>absolute</altitudeMode>
                    <outerBoundaryIs>
                      <LinearRing>
                        <coordinates>8.5051,47.3783,607.8310623441351 8.5051,47.3783,635.7310623441351 8.504900000000001,47.378,635.7310623441351 8.504900000000001,47.378,607.8310623441351</coordinates>
                      </LinearRing>
                    </outerBoundaryIs>
                  </Polygon>
                </MultiGeometry>
              </Placemark>
            </Folder>
          </Folder>
        </Folder>
        <Folder>
          <name>Activate Flight 2</name>
          <Folder>
            <name>E21: uss1_dss astm.f3548.v21.dss.queryOperationalIntentReferences</name>
            <Placemark>
              <name>area_of_interest</name>
              <styleUrl>#QueryArea</styleUrl>
              <description><![CDATA[<ul><li>uss1's Accepted d4208311-f352-4969-9cfd-406fa1fbd75f[1]</li></ul>]]></description>
              <TimeSpan>
                <begin>2026-05-11T08:06:50.286501+00:00</begin>
                <end>2026-05-11T08:51:51.286501+00:00</end>
              </TimeSpan>
              <MultiGeometry>
                <Polygon>
                  <altitudeMode>absolute</altitudeMode>
                  <outerBoundaryIs>
                    <LinearRing>
                      <coordinates>8.504900000000001,47.37755,607.8410687200343 8.504900000000001,47.3783,607.8410687200343 8.5053,47.3783,607.8410687200343 8.5053,47.37755,607.8410687200343</coordinates>
                    </LinearRing>
                  </outerBoundaryIs>
                </Polygon>
                <Polygon>
                  <altitudeMode>absolute</altitudeMode>
                  <outerBoundaryIs>
                    <LinearRing>
                      <coordinates>8.504900000000001,47.37755,635.7310687200343 8.504900000000001,47.3783,635.7310687200343 8.5053,47.3783,635.7310687200343 8.5053,47.37755,635.7310687200343</coordinates>
                    </LinearRing>
                  </outerBoundaryIs>
                </Polygon>
                <Polygon>
                  <altitudeMode>absolute</altitudeMode>
                  <outerBoundaryIs>
                    <LinearRing>
                      <coordinates>8.504900000000001,47.37755,607.8410687200343 8.504900000000001,47.37755,635.7310687200343 8.504900000000001,47.3783,635.7310687200343 8.504900000000001,47.3783,607.8410687200343</coordinates>
                    </LinearRing>
                  </outerBoundaryIs>
                </Polygon>
                <Polygon>
                  <altitudeMode>absolute</altitudeMode>
                  <outerBoundaryIs>
                    <LinearRing>
                      <coordinates>8.504900000000001,47.3783,607.8410687200343 8.504900000000001,47.3783,635.7310687200343 8.5053,47.3783,635.7310687200343 8.5053,47.3783,607.8410687200343</coordinates>
                    </LinearRing>
                  </outerBoundaryIs>
                </Polygon>
                <Polygon>
                  <altitudeMode>absolute</altitudeMode>
                  <outerBoundaryIs>
                    <LinearRing>
                      <coordinates>8.5053,47.3783,607.8410687200343 8.5053,47.3783,635.7310687200343 8.5053,47.37755,635.7310687200343 8.5053,47.37755,607.8410687200343</coordinates>
                    </LinearRing>
                  </outerBoundaryIs>
                </Polygon>
                <Polygon>
                  <altitudeMode>absolute</altitudeMode>
                  <outerBoundaryIs>
                    <LinearRing>
                      <coordinates>8.5053,47.37755,607.8410687200343 8.5053,47.37755,635.7310687200343 8.504900000000001,47.37755,635.7310687200343 8.504900000000001,47.37755,607.8410687200343</coordinates>
                    </LinearRing>
                  </outerBoundaryIs>
                </Polygon>
              </MultiGeometry>
            </Placemark>
          </Folder>
          <Folder>
            <name>E23: uss1_core interuss.automated_testing.flight_planning.v1.UpsertFlightPlan</name>
            <Folder>
              <name>Activity Completed, flight OkToFly</name>
              <Placemark>
                <name>Volume 0</name>
                <styleUrl>#InUse_Nominal</styleUrl>
                <TimeSpan>
                  <begin>2026-05-11T08:06:50.286501+00:00</begin>
                  <end>2026-05-11T08:51:51.286501+00:00</end>
                </TimeSpan>
                <MultiGeometry>
                  <Polygon>
                    <altitudeMode>absolute</altitudeMode>
                    <outerBoundaryIs>
                      <LinearRing>
                        <coordinates>8.504900000000001,47.378,607.8410623441351 8.5051,47.37755,607.8410623441351 8.5053,47.37795,607.8410623441351 8.5051,47.3783,607.8410623441351</coordinates>
                      </LinearRing>
                    </outerBoundaryIs>
                  </Polygon>
                  <Polygon>
                    <altitudeMode>absolute</altitudeMode>
                    <outerBoundaryIs>
                      <LinearRing>
                        <coordinates>8.504900000000001,47.378,635.7310623441351 8.5051,47.37755,635.7310623441351 8.5053,47.37795,635.7310623441351 8.5051,47.3783,635.7310623441351</coordinates>
                      </LinearRing>
                    </outerBoundaryIs>
                  </Polygon>
                  <Polygon>
                    <altitudeMode>absolute</altitudeMode>
                    <outerBoundaryIs>
                      <LinearRing>
                        <coordinates>8.504900000000001,47.378,607.8410623441351 8.504900000000001,47.378,635.7310623441351 8.5051,47.37755,635.7310623441351 8.5051,47.37755,607.8410623441351</coordinates>
                      </LinearRing>
                    </outerBoundaryIs>
                  </Polygon>
                  <Polygon>
                    <altitudeMode>absolute</altitudeMode>
                    <outerBoundaryIs>
                      <LinearRing>
                        <coordinates>8.5051,47.37755,607.8410623441351 8.5051,47.37755,635.7310623441351 8.5053,47.37795,635.7310623441351 8.5053,47.37795,607.8410623441351</coordinates>
                      </LinearRing>
                    </outerBoundaryIs>
                  </Polygon>
                  <Polygon>
                    <altitudeMode>absolute</altitudeMode>
                    <outerBoundaryIs>
                      <LinearRing>
                        <coordinates>8.5053,47.37795,607.8410623441351 8.5053,47.37795,635.7310623441351 8.5051,47.3783,635.7310623441351 8.5051,47.3783,607.8410623441351</coordinates>
                      </LinearRing>
                    </outerBoundaryIs>
                  </Polygon>
                  <Polygon>
                    <altitudeMode>absolute</altitudeMode>
                    <outerBoundaryIs>
                      <LinearRing>
                        <coordinates>8.5051,47.3783,607.8410623441351 8.5051,47.3783,635.7310623441351 8.504900000000001,47.378,635.7310623441351 8.504900000000001,47.378,607.8410623441351</coordinates>
                      </LinearRing>
                    </outerBoundaryIs>
                  </Polygon>
                </MultiGeometry>
              </Placemark>
            </Folder>
          </Folder>
          <Folder>
            <name>E26: uss1_dss astm.f3548.v21.dss.queryOperationalIntentReferences</name>
            <Placemark>
              <name>area_of_interest</name>
              <styleUrl>#QueryArea</styleUrl>
              <description><![CDATA[<ul><li>uss1's Activated d4208311-f352-4969-9cfd-406fa1fbd75f[2]</li></ul>]]></description>
              <TimeSpan>
                <begin>2026-05-11T08:06:50.286501+00:00</begin>
                <end>2026-05-11T08:51:51.286501+00:00</end>
              </TimeSpan>
              <MultiGeometry>
                <Polygon>
                  <altitudeMode>absolute</altitudeMode>
                  <outerBoundaryIs>
                    <LinearRing>
                      <coordinates>8.504900000000001,47.37755,607.8410687200343 8.504900000000001,47.3783,607.8410687200343 8.5053,47.3783,607.8410687200343 8.5053,47.37755,607.8410687200343</coordinates>
                    </LinearRing>
                  </outerBoundaryIs>
                </Polygon>
                <Polygon>
                  <altitudeMode>absolute</altitudeMode>
                  <outerBoundaryIs>
                    <LinearRing>
                      <coordinates>8.504900000000001,47.37755,635.7310687200343 8.504900000000001,47.3783,635.7310687200343 8.5053,47.3783,635.7310687200343 8.5053,47.37755,635.7310687200343</coordinates>
                    </LinearRing>
                  </outerBoundaryIs>
                </Polygon>
                <Polygon>
                  <altitudeMode>absolute</altitudeMode>
                  <outerBoundaryIs>
                    <LinearRing>
                      <coordinates>8.504900000000001,47.37755,607.8410687200343 8.504900000000001,47.37755,635.7310687200343 8.504900000000001,47.3783,635.7310687200343 8.504900000000001,47.3783,607.8410687200343</coordinates>
                    </LinearRing>
                  </outerBoundaryIs>
                </Polygon>
                <Polygon>
                  <altitudeMode>absolute</altitudeMode>
                  <outerBoundaryIs>
                    <LinearRing>
                      <coordinates>8.504900000000001,47.3783,607.8410687200343 8.504900000000001,47.3783,635.7310687200343 8.5053,47.3783,635.7310687200343 8.5053,47.3783,607.8410687200343</coordinates>
                    </LinearRing>
                  </outerBoundaryIs>
                </Polygon>
                <Polygon>
                  <altitudeMode>absolute</altitudeMode>
                  <outerBoundaryIs>
                    <LinearRing>
                      <coordinates>8.5053,47.3783,607.8410687200343 8.5053,47.3783,635.7310687200343 8.5053,47.37755,635.7310687200343 8.5053,47.37755,607.8410687200343</coordinates>
                    </LinearRing>
                  </outerBoundaryIs>
                </Polygon>
                <Polygon>
                  <altitudeMode>absolute</altitudeMode>
                  <outerBoundaryIs>
                    <LinearRing>
                      <coordinates>8.5053,47.37755,607.8410687200343 8.5053,47.37755,635.7310687200343 8.504900000000001,47.37755,635.7310687200343 8.504900000000001,47.37755,607.8410687200343</coordinates>
                    </LinearRing>
                  </outerBoundaryIs>
                </Polygon>
              </MultiGeometry>
            </Placemark>
          </Folder>
          <Folder>
            <name>E31: uss1_core astm.f3548.v21.uss.getOperationalIntentDetails</name>
            <Folder>
              <name>uss1's P0 Activated d4208311-f352-4969-9cfd-406fa1fbd75f[2] @ okrnhAljfNPnC0hKpiH9Dc43I7xODyRI3BJv5IYpVtE_</name>
              <Placemark>
                <name>Nominal volume 0</name>
                <styleUrl>#F3548v21Activated</styleUrl>
                <TimeSpan>
                  <begin>2026-05-11T08:06:50.286501+00:00</begin>
                  <end>2026-05-11T08:51:51.286501+00:00</end>
                </TimeSpan>
                <MultiGeometry>
                  <Polygon>
                    <altitudeMode>absolute</altitudeMode>
                    <outerBoundaryIs>
                      <LinearRing>
                        <coordinates>8.504900000000001,47.378,607.8410623441351 8.5051,47.37755,607.8410623441351 8.5053,47.37795,607.8410623441351 8.5051,47.3783,607.8410623441351</coordinates>
                      </LinearRing>
                    </outerBoundaryIs>
                  </Polygon>
                  <Polygon>
                    <altitudeMode>absolute</altitudeMode>
                    <outerBoundaryIs>
                      <LinearRing>
                        <coordinates>8.504900000000001,47.378,635.7310623441351 8.5051,47.37755,635.7310623441351 8.5053,47.37795,635.7310623441351 8.5051,47.3783,635.7310623441351</coordinates>
                      </LinearRing>
                    </outerBoundaryIs>
                  </Polygon>
                  <Polygon>
                    <altitudeMode>absolute</altitudeMode>
                    <outerBoundaryIs>
                      <LinearRing>
                        <coordinates>8.504900000000001,47.378,607.8410623441351 8.504900000000001,47.378,635.7310623441351 8.5051,47.37755,635.7310623441351 8.5051,47.37755,607.8410623441351</coordinates>
                      </LinearRing>
                    </outerBoundaryIs>
                  </Polygon>
                  <Polygon>
                    <altitudeMode>absolute</altitudeMode>
                    <outerBoundaryIs>
                      <LinearRing>
                        <coordinates>8.5051,47.37755,607.8410623441351 8.5051,47.37755,635.7310623441351 8.5053,47.37795,635.7310623441351 8.5053,47.37795,607.8410623441351</coordinates>
                      </LinearRing>
                    </outerBoundaryIs>
                  </Polygon>
                  <Polygon>
                    <altitudeMode>absolute</altitudeMode>
                    <outerBoundaryIs>
                      <LinearRing>
                        <coordinates>8.5053,47.37795,607.8410623441351 8.5053,47.37795,635.7310623441351 8.5051,47.3783,635.7310623441351 8.5051,47.3783,607.8410623441351</coordinates>
                      </LinearRing>
                    </outerBoundaryIs>
                  </Polygon>
                  <Polygon>
                    <altitudeMode>absolute</altitudeMode>
                    <outerBoundaryIs>
                      <LinearRing>
                        <coordinates>8.5051,47.3783,607.8410623441351 8.5051,47.3783,635.7310623441351 8.504900000000001,47.378,635.7310623441351 8.504900000000001,47.378,607.8410623441351</coordinates>
                      </LinearRing>
                    </outerBoundaryIs>
                  </Polygon>
                </MultiGeometry>
              </Placemark>
            </Folder>
          </Folder>
        </Folder>
        <Folder>
          <name>Attempt to plan Flight 1</name>
          <Folder>
            <name>E37: uss1_dss astm.f3548.v21.dss.queryOperationalIntentReferences</name>
            <Placemark>
              <name>area_of_interest</name>
              <styleUrl>#QueryArea</styleUrl>
              <description><![CDATA[<ul><li>uss1's Activated d4208311-f352-4969-9cfd-406fa1fbd75f[2]</li></ul>]]></description>
              <TimeSpan>
                <begin>2026-05-11T08:06:50.626442+00:00</begin>
                <end>2026-05-11T08:51:51.626442+00:00</end>
              </TimeSpan>
              <MultiGeometry>
                <Polygon>
                  <altitudeMode>absolute</altitudeMode>
                  <outerBoundaryIs>
                    <LinearRing>
                      <coordinates>8.504950000000001,47.37755,607.7413893796152 8.504950000000001,47.377900000000004,607.7413893796152 8.505650000000001,47.377900000000004,607.7413893796152 8.505650000000001,47.37755,607.7413893796152</coordinates>
                    </LinearRing>
                  </outerBoundaryIs>
                </Polygon>
                <Polygon>
                  <altitudeMode>absolute</altitudeMode>
                  <outerBoundaryIs>
                    <LinearRing>
                      <coordinates>8.504950000000001,47.37755,637.7313893796152 8.504950000000001,47.377900000000004,637.7313893796152 8.505650000000001,47.377900000000004,637.7313893796152 8.505650000000001,47.37755,637.7313893796152</coordinates>
                    </LinearRing>
                  </outerBoundaryIs>
                </Polygon>
                <Polygon>
                  <altitudeMode>absolute</altitudeMode>
                  <outerBoundaryIs>
                    <LinearRing>
                      <coordinates>8.504950000000001,47.37755,607.7413893796152 8.504950000000001,47.37755,637.7313893796152 8.504950000000001,47.377900000000004,637.7313893796152 8.504950000000001,47.377900000000004,607.7413893796152</coordinates>
                    </LinearRing>
                  </outerBoundaryIs>
                </Polygon>
                <Polygon>
                  <altitudeMode>absolute</altitudeMode>
                  <outerBoundaryIs>
                    <LinearRing>
                      <coordinates>8.504950000000001,47.377900000000004,607.7413893796152 8.504950000000001,47.377900000000004,637.7313893796152 8.505650000000001,47.377900000000004,637.7313893796152 8.505650000000001,47.377900000000004,607.7413893796152</coordinates>
                    </LinearRing>
                  </outerBoundaryIs>
                </Polygon>
                <Polygon>
                  <altitudeMode>absolute</altitudeMode>
                  <outerBoundaryIs>
                    <LinearRing>
                      <coordinates>8.505650000000001,47.377900000000004,607.7413893796152 8.505650000000001,47.377900000000004,637.7313893796152 8.505650000000001,47.37755,637.7313893796152 8.505650000000001,47.37755,607.7413893796152</coordinates>
                    </LinearRing>
                  </outerBoundaryIs>
                </Polygon>
                <Polygon>
                  <altitudeMode>absolute</altitudeMode>
                  <outerBoundaryIs>
                    <LinearRing>
                      <coordinates>8.505650000000001,47.37755,607.7413893796152 8.505650000000001,47.37755,637.7313893796152 8.504950000000001,47.37755,637.7313893796152 8.504950000000001,47.37755,607.7413893796152</coordinates>
                    </LinearRing>
                  </outerBoundaryIs>
                </Polygon>
              </MultiGeometry>
            </Placemark>
          </Folder>
          <Folder>
            <name>E39: uss1_core interuss.automated_testing.flight_planning.v1.UpsertFlightPlan</name>
            <Folder>
              <name>Activity Rejected, flight NotPlanned</name>
              <Placemark>
                <name>Volume 0</name>
                <styleUrl>#Planned_Nominal</styleUrl>
                <TimeSpan>
                  <begin>2026-05-11T08:06:50.626442+00:00</begin>
                  <end>2026-05-11T08:51:51.626442+00:00</end>
                </TimeSpan>
                <MultiGeometry>
                  <Polygon>
                    <altitudeMode>absolute</altitudeMode>
                    <outerBoundaryIs>
                      <LinearRing>
                        <coordinates>8.504950000000001,47.3776,607.7413693616395 8.504950000000001,47.377900000000004,607.7413693616395 8.505600000000001,47.377900000000004,607.7413693616395 8.505650000000001,47.37755,607.7413693616395</coordinates>
                      </LinearRing>
                    </outerBoundaryIs>
                  </Polygon>
                  <Polygon>
                    <altitudeMode>absolute</altitudeMode>
                    <outerBoundaryIs>
                      <LinearRing>
                        <coordinates>8.504950000000001,47.3776,637.7313693616395 8.504950000000001,47.377900000000004,637.7313693616395 8.505600000000001,47.377900000000004,637.7313693616395 8.505650000000001,47.37755,637.7313693616395</coordinates>
                      </LinearRing>
                    </outerBoundaryIs>
                  </Polygon>
                  <Polygon>
                    <altitudeMode>absolute</altitudeMode>
                    <outerBoundaryIs>
                      <LinearRing>
                        <coordinates>8.504950000000001,47.3776,607.7413693616395 8.504950000000001,47.3776,637.7313693616395 8.504950000000001,47.377900000000004,637.7313693616395 8.504950000000001,47.377900000000004,607.7413693616395</coordinates>
                      </LinearRing>
                    </outerBoundaryIs>
                  </Polygon>
                  <Polygon>
                    <altitudeMode>absolute</altitudeMode>
                    <outerBoundaryIs>
                      <LinearRing>
                        <coordinates>8.504950000000001,47.377900000000004,607.7413693616395 8.504950000000001,47.377900000000004,637.7313693616395 8.505600000000001,47.377900000000004,637.7313693616395 8.505600000000001,47.377900000000004,607.7413693616395</coordinates>
                      </LinearRing>
                    </outerBoundaryIs>
                  </Polygon>
                  <Polygon>
                    <altitudeMode>absolute</altitudeMode>
                    <outerBoundaryIs>
                      <LinearRing>
                        <coordinates>8.505600000000001,47.377900000000004,607.7413693616395 8.505600000000001,47.377900000000004,637.7313693616395 8.505650000000001,47.37755,637.7313693616395 8.505650000000001,47.37755,607.7413693616395</coordinates>
                      </LinearRing>
                    </outerBoundaryIs>
                  </Polygon>
                  <Polygon>
                    <altitudeMode>absolute</altitudeMode>
                    <outerBoundaryIs>
                      <LinearRing>
                        <coordinates>8.505650000000001,47.37755,607.7413693616395 8.505650000000001,47.37755,637.7313693616395 8.504950000000001,47.3776,637.7313693616395 8.504950000000001,47.3776,607.7413693616395</coordinates>
                      </LinearRing>
                    </outerBoundaryIs>
                  </Polygon>
                </MultiGeometry>
              </Placemark>
            </Folder>
          </Folder>
          <Folder>
            <name>E42: uss1_dss astm.f3548.v21.dss.queryOperationalIntentReferences</name>
            <Placemark>
              <name>area_of_interest</name>
              <styleUrl>#QueryArea</styleUrl>
              <description><![CDATA[<ul><li>uss1's Activated d4208311-f352-4969-9cfd-406fa1fbd75f[2]</li></ul>]]></description>
              <TimeSpan>
                <begin>2026-05-11T08:06:50.626442+00:00</begin>
                <end>2026-05-11T08:51:51.626442+00:00</end>
              </TimeSpan>
              <MultiGeometry>
                <Polygon>
                  <altitudeMode>absolute</altitudeMode>
                  <outerBoundaryIs>
                    <LinearRing>
                      <coordinates>8.504950000000001,47.37755,607.7413893796152 8.504950000000001,47.377900000000004,607.7413893796152 8.505650000000001,47.377900000000004,607.7413893796152 8.505650000000001,47.37755,607.7413893796152</coordinates>
                    </LinearRing>
                  </outerBoundaryIs>
                </Polygon>
                <Polygon>
                  <altitudeMode>absolute</altitudeMode>
                  <outerBoundaryIs>
                    <LinearRing>
                      <coordinates>8.504950000000001,47.37755,637.7313893796152 8.504950000000001,47.377900000000004,637.7313893796152 8.505650000000001,47.377900000000004,637.7313893796152 8.505650000000001,47.37755,637.7313893796152</coordinates>
                    </LinearRing>
                  </outerBoundaryIs>
                </Polygon>
                <Polygon>
                  <altitudeMode>absolute</altitudeMode>
                  <outerBoundaryIs>
                    <LinearRing>
                      <coordinates>8.504950000000001,47.37755,607.7413893796152 8.504950000000001,47.37755,637.7313893796152 8.504950000000001,47.377900000000004,637.7313893796152 8.504950000000001,47.377900000000004,607.7413893796152</coordinates>
                    </LinearRing>
                  </outerBoundaryIs>
                </Polygon>
                <Polygon>
                  <altitudeMode>absolute</altitudeMode>
                  <outerBoundaryIs>
                    <LinearRing>
                      <coordinates>8.504950000000001,47.377900000000004,607.7413893796152 8.504950000000001,47.377900000000004,637.7313893796152 8.505650000000001,47.377900000000004,637.7313893796152 8.505650000000001,47.377900000000004,607.7413893796152</coordinates>
                    </LinearRing>
                  </outerBoundaryIs>
                </Polygon>
                <Polygon>
                  <altitudeMode>absolute</altitudeMode>
                  <outerBoundaryIs>
                    <LinearRing>
                      <coordinates>8.505650000000001,47.377900000000004,607.7413893796152 8.505650000000001,47.377900000000004,637.7313893796152 8.505650000000001,47.37755,637.7313893796152 8.505650000000001,47.37755,607.7413893796152</coordinates>
                    </LinearRing>
                  </outerBoundaryIs>
                </Polygon>
                <Polygon>
                  <altitudeMode>absolute</altitudeMode>
                  <outerBoundaryIs>
                    <LinearRing>
                      <coordinates>8.505650000000001,47.37755,607.7413893796152 8.505650000000001,47.37755,637.7313893796152 8.504950000000001,47.37755,637.7313893796152 8.504950000000001,47.37755,607.7413893796152</coordinates>
                    </LinearRing>
                  </outerBoundaryIs>
                </Polygon>
              </MultiGeometry>
            </Placemark>
          </Folder>
        </Folder>
      </Folder>
      <Folder>
        <name>Attempt to activate flight into conflict</name>
        <Folder>
          <name>Attempt to directly activate conflicting Flight 1</name>
          <Folder>
            <name>E45: uss1_dss astm.f3548.v21.dss.queryOperationalIntentReferences</name>
            <Placemark>
              <name>area_of_interest</name>
              <styleUrl>#QueryArea</styleUrl>
              <description><![CDATA[<ul><li>uss1's Activated d4208311-f352-4969-9cfd-406fa1fbd75f[2]</li></ul>]]></description>
              <TimeSpan>
                <begin>2026-05-11T08:06:50.787255+00:00</begin>
                <end>2026-05-11T08:51:51.787255+00:00</end>
              </TimeSpan>
              <MultiGeometry>
                <Polygon>
                  <altitudeMode>absolute</altitudeMode>
                  <outerBoundaryIs>
                    <LinearRing>
                      <coordinates>8.504950000000001,47.37755,607.7513893796151 8.504950000000001,47.377900000000004,607.7513893796151 8.505650000000001,47.377900000000004,607.7513893796151 8.505650000000001,47.37755,607.7513893796151</coordinates>
                    </LinearRing>
                  </outerBoundaryIs>
                </Polygon>
                <Polygon>
                  <altitudeMode>absolute</altitudeMode>
                  <outerBoundaryIs>
                    <LinearRing>
                      <coordinates>8.504950000000001,47.37755,637.7313893796152 8.504950000000001,47.377900000000004,637.7313893796152 8.505650000000001,47.377900000000004,637.7313893796152 8.505650000000001,47.37755,637.7313893796152</coordinates>
                    </LinearRing>
                  </outerBoundaryIs>
                </Polygon>
                <Polygon>
                  <altitudeMode>absolute</altitudeMode>
                  <outerBoundaryIs>
                    <LinearRing>
                      <coordinates>8.504950000000001,47.37755,607.7513893796151 8.504950000000001,47.37755,637.7313893796152 8.504950000000001,47.377900000000004,637.7313893796152 8.504950000000001,47.377900000000004,607.7513893796151</coordinates>
                    </LinearRing>
                  </outerBoundaryIs>
                </Polygon>
                <Polygon>
                  <altitudeMode>absolute</altitudeMode>
                  <outerBoundaryIs>
                    <LinearRing>
                      <coordinates>8.504950000000001,47.377900000000004,607.7513893796151 8.504950000000001,47.377900000000004,637.7313893796152 8.505650000000001,47.377900000000004,637.7313893796152 8.505650000000001,47.377900000000004,607.7513893796151</coordinates>
                    </LinearRing>
                  </outerBoundaryIs>
                </Polygon>
                <Polygon>
                  <altitudeMode>absolute</altitudeMode>
                  <outerBoundaryIs>
                    <LinearRing>
                      <coordinates>8.505650000000001,47.377900000000004,607.7513893796151 8.505650000000001,47.377900000000004,637.7313893796152 8.505650000000001,47.37755,637.7313893796152 8.505650000000001,47.37755,607.7513893796151</coordinates>
                    </LinearRing>
                  </outerBoundaryIs>
                </Polygon>
                <Polygon>
                  <altitudeMode>absolute</altitudeMode>
                  <outerBoundaryIs>
                    <LinearRing>
                      <coordinates>8.505650000000001,47.37755,607.7513893796151 8.505650000000001,47.37755,637.7313893796152 8.504950000000001,47.37755,637.7313893796152 8.504950000000001,47.37755,607.7513893796151</coordinates>
                    </LinearRing>
                  </outerBoundaryIs>
                </Polygon>
              </MultiGeometry>
            </Placemark>
          </Folder>
          <Folder>
            <name>E47: uss1_core interuss.automated_testing.flight_planning.v1.UpsertFlightPlan</name>
            <Folder>
              <name>Activity Rejected, flight NotPlanned</name>
              <Placemark>
                <name>Volume 0</name>
                <styleUrl>#InUse_Nominal</styleUrl>
                <TimeSpan>
                  <begin>2026-05-11T08:06:50.787255+00:00</begin>
                  <end>2026-05-11T08:51:51.787255+00:00</end>
                </TimeSpan>
                <MultiGeometry>
                  <Polygon>
                    <altitudeMode>absolute</altitudeMode>
                    <outerBoundaryIs>
                      <LinearRing>
                        <coordinates>8.504950000000001,47.3776,607.7513693616395 8.504950000000001,47.377900000000004,607.7513693616395 8.505600000000001,47.377900000000004,607.7513693616395 8.505650000000001,47.37755,607.7513693616395</coordinates>
                      </LinearRing>
                    </outerBoundaryIs>
                  </Polygon>
                  <Polygon>
                    <altitudeMode>absolute</altitudeMode>
                    <outerBoundaryIs>
                      <LinearRing>
                        <coordinates>8.504950000000001,47.3776,637.7313693616395 8.504950000000001,47.377900000000004,637.7313693616395 8.505600000000001,47.377900000000004,637.7313693616395 8.505650000000001,47.37755,637.7313693616395</coordinates>
                      </LinearRing>
                    </outerBoundaryIs>
                  </Polygon>
                  <Polygon>
                    <altitudeMode>absolute</altitudeMode>
                    <outerBoundaryIs>
                      <LinearRing>
                        <coordinates>8.504950000000001,47.3776,607.7513693616395 8.504950000000001,47.3776,637.7313693616395 8.504950000000001,47.377900000000004,637.7313693616395 8.504950000000001,47.377900000000004,607.7513693616395</coordinates>
                      </LinearRing>
                    </outerBoundaryIs>
                  </Polygon>
                  <Polygon>
                    <altitudeMode>absolute</altitudeMode>
                    <outerBoundaryIs>
                      <LinearRing>
                        <coordinates>8.504950000000001,47.377900000000004,607.7513693616395 8.504950000000001,47.377900000000004,637.7313693616395 8.505600000000001,47.377900000000004,637.7313693616395 8.505600000000001,47.377900000000004,607.7513693616395</coordinates>
                      </LinearRing>
                    </outerBoundaryIs>
                  </Polygon>
                  <Polygon>
                    <altitudeMode>absolute</altitudeMode>
                    <outerBoundaryIs>
                      <LinearRing>
                        <coordinates>8.505600000000001,47.377900000000004,607.7513693616395 8.505600000000001,47.377900000000004,637.7313693616395 8.505650000000001,47.37755,637.7313693616395 8.505650000000001,47.37755,607.7513693616395</coordinates>
                      </LinearRing>
                    </outerBoundaryIs>
                  </Polygon>
                  <Polygon>
                    <altitudeMode>absolute</altitudeMode>
                    <outerBoundaryIs>
                      <LinearRing>
                        <coordinates>8.505650000000001,47.37755,607.7513693616395 8.505650000000001,47.37755,637.7313693616395 8.504950000000001,47.3776,637.7313693616395 8.504950000000001,47.3776,607.7513693616395</coordinates>
                      </LinearRing>
                    </outerBoundaryIs>
                  </Polygon>
                </MultiGeometry>
              </Placemark>
            </Folder>
          </Folder>
          <Folder>
            <name>E50: uss1_dss astm.f3548.v21.dss.queryOperationalIntentReferences</name>
            <Placemark>
              <name>area_of_interest</name>
              <styleUrl>#QueryArea</styleUrl>
              <description><![CDATA[<ul><li>uss1's Activated d4208311-f352-4969-9cfd-406fa1fbd75f[2]</li></ul>]]></description>
              <TimeSpan>
                <begin>2026-05-11T08:06:50.787255+00:00</begin>
                <end>2026-05-11T08:51:51.787255+00:00</end>
              </TimeSpan>
              <MultiGeometry>
                <Polygon>
                  <altitudeMode>absolute</altitudeMode>
                  <outerBoundaryIs>
                    <LinearRing>
                      <coordinates>8.504950000000001,47.37755,607.7513893796151 8.504950000000001,47.377900000000004,607.7513893796151 8.505650000000001,47.377900000000004,607.7513893796151 8.505650000000001,47.37755,607.7513893796151</coordinates>
                    </LinearRing>
                  </outerBoundaryIs>
                </Polygon>
                <Polygon>
                  <altitudeMode>absolute</altitudeMode>
                  <outerBoundaryIs>
                    <LinearRing>
                      <coordinates>8.504950000000001,47.37755,637.7313893796152 8.504950000000001,47.377900000000004,637.7313893796152 8.505650000000001,47.377900000000004,637.7313893796152 8.505650000000001,47.37755,637.7313893796152</coordinates>
                    </LinearRing>
                  </outerBoundaryIs>
                </Polygon>
                <Polygon>
                  <altitudeMode>absolute</altitudeMode>
                  <outerBoundaryIs>
                    <LinearRing>
                      <coordinates>8.504950000000001,47.37755,607.7513893796151 8.504950000000001,47.37755,637.7313893796152 8.504950000000001,47.377900000000004,637.7313893796152 8.504950000000001,47.377900000000004,607.7513893796151</coordinates>
                    </LinearRing>
                  </outerBoundaryIs>
                </Polygon>
                <Polygon>
                  <altitudeMode>absolute</altitudeMode>
                  <outerBoundaryIs>
                    <LinearRing>
                      <coordinates>8.504950000000001,47.377900000000004,607.7513893796151 8.504950000000001,47.377900000000004,637.7313893796152 8.505650000000001,47.377900000000004,637.7313893796152 8.505650000000001,47.377900000000004,607.7513893796151</coordinates>
                    </LinearRing>
                  </outerBoundaryIs>
                </Polygon>
                <Polygon>
                  <altitudeMode>absolute</altitudeMode>
                  <outerBoundaryIs>
                    <LinearRing>
                      <coordinates>8.505650000000001,47.377900000000004,607.7513893796151 8.505650000000001,47.377900000000004,637.7313893796152 8.505650000000001,47.37755,637.7313893796152 8.505650000000001,47.37755,607.7513893796151</coordinates>
                    </LinearRing>
                  </outerBoundaryIs>
                </Polygon>
                <Polygon>
                  <altitudeMode>absolute</altitudeMode>
                  <outerBoundaryIs>
                    <LinearRing>
                      <coordinates>8.505650000000001,47.37755,607.7513893796151 8.505650000000001,47.37755,637.7313893796152 8.504950000000001,47.37755,637.7313893796152 8.504950000000001,47.37755,607.7513893796151</coordinates>
                    </LinearRing>
                  </outerBoundaryIs>
                </Polygon>
              </MultiGeometry>
            </Placemark>
          </Folder>
        </Folder>
      </Folder>
      <Folder>
        <name>Attempt to modify planned flight into conflict</name>
        <Folder>
          <name>Plan Flight 1c</name>
          <Folder>
            <name>E53: uss1_dss astm.f3548.v21.dss.queryOperationalIntentReferences</name>
            <Placemark>
              <name>area_of_interest</name>
              <styleUrl>#QueryArea</styleUrl>
              <description><![CDATA[<ul><li>uss1's Activated d4208311-f352-4969-9cfd-406fa1fbd75f[2]</li></ul>]]></description>
              <TimeSpan>
                <begin>2026-05-11T08:06:51.114622+00:00</begin>
                <end>2026-05-11T08:51:52.114622+00:00</end>
              </TimeSpan>
              <MultiGeometry>
                <Polygon>
                  <altitudeMode>absolute</altitudeMode>
                  <outerBoundaryIs>
                    <LinearRing>
                      <coordinates>8.5054,47.37755,602.6916931273757 8.5054,47.377900000000004,602.6916931273757 8.505650000000001,47.377900000000004,602.6916931273757 8.505650000000001,47.37755,602.6916931273757</coordinates>
                    </LinearRing>
                  </outerBoundaryIs>
                </Polygon>
                <Polygon>
                  <altitudeMode>absolute</altitudeMode>
                  <outerBoundaryIs>
                    <LinearRing>
                      <coordinates>8.5054,47.37755,642.7316931273757 8.5054,47.377900000000004,642.7316931273757 8.505650000000001,47.377900000000004,642.7316931273757 8.505650000000001,47.37755,642.7316931273757</coordinates>
                    </LinearRing>
                  </outerBoundaryIs>
                </Polygon>
                <Polygon>
                  <altitudeMode>absolute</altitudeMode>
                  <outerBoundaryIs>
                    <LinearRing>
                      <coordinates>8.5054,47.37755,602.6916931273757 8.5054,47.37755,642.7316931273757 8.5054,47.377900000000004,642.7316931273757 8.5054,47.377900000000004,602.6916931273757</coordinates>
                    </LinearRing>
                  </outerBoundaryIs>
                </Polygon>
                <Polygon>
                  <altitudeMode>absolute</altitudeMode>
                  <outerBoundaryIs>
                    <LinearRing>
                      <coordinates>8.5054,47.377900000000004,602.6916931273757 8.5054,47.377900000000004,642.7316931273757 8.505650000000001,47.377900000000004,642.7316931273757 8.505650000000001,47.377900000000004,602.6916931273757</coordinates>
                    </LinearRing>
                  </outerBoundaryIs>
                </Polygon>
                <Polygon>
                  <altitudeMode>absolute</altitudeMode>
                  <outerBoundaryIs>
                    <LinearRing>
                      <coordinates>8.505650000000001,47.377900000000004,602.6916931273757 8.505650000000001,47.377900000000004,642.7316931273757 8.505650000000001,47.37755,642.7316931273757 8.505650000000001,47.37755,602.6916931273757</coordinates>
                    </LinearRing>
                  </outerBoundaryIs>
                </Polygon>
                <Polygon>
                  <altitudeMode>absolute</altitudeMode>
                  <outerBoundaryIs>
                    <LinearRing>
                      <coordinates>8.505650000000001,47.37755,602.6916931273757 8.505650000000001,47.37755,642.7316931273757 8.5054,47.37755,642.7316931273757 8.5054,47.37755,602.6916931273757</coordinates>
                    </LinearRing>
                  </outerBoundaryIs>
                </Polygon>
              </MultiGeometry>
            </Placemark>
          </Folder>
          <Folder>
            <name>E55: uss1_core interuss.automated_testing.flight_planning.v1.UpsertFlightPlan</name>
            <Folder>
              <name>Activity Completed, flight Planned</name>
              <Placemark>
                <name>Volume 0</name>
                <styleUrl>#Planned_Nominal</styleUrl>
                <TimeSpan>
                  <begin>2026-05-11T08:06:51.114622+00:00</begin>
                  <end>2026-05-11T08:51:52.114622+00:00</end>
                </TimeSpan>
                <MultiGeometry>
                  <Polygon>
                    <altitudeMode>absolute</altitudeMode>
                    <outerBoundaryIs>
                      <LinearRing>
                        <coordinates>8.5054,47.3776,602.6916731157153 8.5054,47.377900000000004,602.6916731157153 8.505600000000001,47.377900000000004,602.6916731157153 8.505650000000001,47.37755,602.6916731157153</coordinates>
                      </LinearRing>
                    </outerBoundaryIs>
                  </Polygon>
                  <Polygon>
                    <altitudeMode>absolute</altitudeMode>
                    <outerBoundaryIs>
                      <LinearRing>
                        <coordinates>8.5054,47.3776,642.7316731157152 8.5054,47.377900000000004,642.7316731157152 8.505600000000001,47.377900000000004,642.7316731157152 8.505650000000001,47.37755,642.7316731157152</coordinates>
                      </LinearRing>
                    </outerBoundaryIs>
                  </Polygon>
                  <Polygon>
                    <altitudeMode>absolute</altitudeMode>
                    <outerBoundaryIs>
                      <LinearRing>
                        <coordinates>8.5054,47.3776,602.6916731157153 8.5054,47.3776,642.7316731157152 8.5054,47.377900000000004,642.7316731157152 8.5054,47.377900000000004,602.6916731157153</coordinates>
                      </LinearRing>
                    </outerBoundaryIs>
                  </Polygon>
                  <Polygon>
                    <altitudeMode>absolute</altitudeMode>
                    <outerBoundaryIs>
                      <LinearRing>
                        <coordinates>8.5054,47.377900000000004,602.6916731157153 8.5054,47.377900000000004,642.7316731157152 8.505600000000001,47.377900000000004,642.7316731157152 8.505600000000001,47.377900000000004,602.6916731157153</coordinates>
                      </LinearRing>
                    </outerBoundaryIs>
                  </Polygon>
                  <Polygon>
                    <altitudeMode>absolute</altitudeMode>
                    <outerBoundaryIs>
                      <LinearRing>
                        <coordinates>8.505600000000001,47.377900000000004,602.6916731157153 8.505600000000001,47.377900000000004,642.7316731157152 8.505650000000001,47.37755,642.7316731157152 8.505650000000001,47.37755,602.6916731157153</coordinates>
                      </LinearRing>
                    </outerBoundaryIs>
                  </Polygon>
                  <Polygon>
                    <altitudeMode>absolute</altitudeMode>
                    <outerBoundaryIs>
                      <LinearRing>
                        <coordinates>8.505650000000001,47.37755,602.6916731157153 8.505650000000001,47.37755,642.7316731157152 8.5054,47.3776,642.7316731157152 8.5054,47.3776,602.6916731157153</coordinates>
                      </LinearRing>
                    </outerBoundaryIs>
                  </Polygon>
                </MultiGeometry>
              </Placemark>
            </Folder>
          </Folder>
          <Folder>
            <name>E59: uss1_dss astm.f3548.v21.dss.queryOperationalIntentReferences</name>
            <Placemark>
              <name>area_of_interest</name>
              <styleUrl>#QueryArea</styleUrl>
              <description><![CDATA[<ul><li>uss1's Accepted 7b048467-4d26-4b8c-b193-c008651c1ffe[1]</li><li>uss1's Activated d4208311-f352-4969-9cfd-406fa1fbd75f[2]</li></ul>]]></description>
              <TimeSpan>
                <begin>2026-05-11T08:06:51.114622+00:00</begin>
                <end>2026-05-11T08:51:52.114622+00:00</end>
              </TimeSpan>
              <MultiGeometry>
                <Polygon>
                  <altitudeMode>absolute</altitudeMode>
                  <outerBoundaryIs>
                    <LinearRing>
                      <coordinates>8.5054,47.37755,602.6916931273757 8.5054,47.377900000000004,602.6916931273757 8.505650000000001,47.377900000000004,602.6916931273757 8.505650000000001,47.37755,602.6916931273757</coordinates>
                    </LinearRing>
                  </outerBoundaryIs>
                </Polygon>
                <Polygon>
                  <altitudeMode>absolute</altitudeMode>
                  <outerBoundaryIs>
                    <LinearRing>
                      <coordinates>8.5054,47.37755,642.7316931273757 8.5054,47.377900000000004,642.7316931273757 8.505650000000001,47.377900000000004,642.7316931273757 8.505650000000001,47.37755,642.7316931273757</coordinates>
                    </LinearRing>
                  </outerBoundaryIs>
                </Polygon>
                <Polygon>
                  <altitudeMode>absolute</altitudeMode>
                  <outerBoundaryIs>
                    <LinearRing>
                      <coordinates>8.5054,47.37755,602.6916931273757 8.5054,47.37755,642.7316931273757 8.5054,47.377900000000004,642.7316931273757 8.5054,47.377900000000004,602.6916931273757</coordinates>
                    </LinearRing>
                  </outerBoundaryIs>
                </Polygon>
                <Polygon>
                  <altitudeMode>absolute</altitudeMode>
                  <outerBoundaryIs>
                    <LinearRing>
                      <coordinates>8.5054,47.377900000000004,602.6916931273757 8.5054,47.377900000000004,642.7316931273757 8.505650000000001,47.377900000000004,642.7316931273757 8.505650000000001,47.377900000000004,602.6916931273757</coordinates>
                    </LinearRing>
                  </outerBoundaryIs>
                </Polygon>
                <Polygon>
                  <altitudeMode>absolute</altitudeMode>
                  <outerBoundaryIs>
                    <LinearRing>
                      <coordinates>8.505650000000001,47.377900000000004,602.6916931273757 8.505650000000001,47.377900000000004,642.7316931273757 8.505650000000001,47.37755,642.7316931273757 8.505650000000001,47.37755,602.6916931273757</coordinates>
                    </LinearRing>
                  </outerBoundaryIs>
                </Polygon>
                <Polygon>
                  <altitudeMode>absolute</altitudeMode>
                  <outerBoundaryIs>
                    <LinearRing>
                      <coordinates>8.505650000000001,47.37755,602.6916931273757 8.505650000000001,47.37755,642.7316931273757 8.5054,47.37755,642.7316931273757 8.5054,47.37755,602.6916931273757</coordinates>
                    </LinearRing>
                  </outerBoundaryIs>
                </Polygon>
              </MultiGeometry>
            </Placemark>
          </Folder>
          <Folder>
            <name>E63: uss1_core astm.f3548.v21.uss.getOperationalIntentDetails</name>
            <Folder>
              <name>uss1's P0 Accepted 7b048467-4d26-4b8c-b193-c008651c1ffe[1] @ PzB5yNZSoge1SOYD63bDt4JXanUrndnbKb8nMLmBxms_</name>
              <Placemark>
                <name>Nominal volume 0</name>
                <styleUrl>#F3548v21Accepted</styleUrl>
                <TimeSpan>
                  <begin>2026-05-11T08:06:51.114622+00:00</begin>
                  <end>2026-05-11T08:51:52.114622+00:00</end>
                </TimeSpan>
                <MultiGeometry>
                  <Polygon>
                    <altitudeMode>absolute</altitudeMode>
                    <outerBoundaryIs>
                      <LinearRing>
                        <coordinates>8.5054,47.3776,602.6916731157153 8.5054,47.377900000000004,602.6916731157153 8.505600000000001,47.377900000000004,602.6916731157153 8.505650000000001,47.37755,602.6916731157153</coordinates>
                      </LinearRing>
                    </outerBoundaryIs>
                  </Polygon>
                  <Polygon>
                    <altitudeMode>absolute</altitudeMode>
                    <outerBoundaryIs>
                      <LinearRing>
                        <coordinates>8.5054,47.3776,642.7316731157152 8.5054,47.377900000000004,642.7316731157152 8.505600000000001,47.377900000000004,642.7316731157152 8.505650000000001,47.37755,642.7316731157152</coordinates>
                      </LinearRing>
                    </outerBoundaryIs>
                  </Polygon>
                  <Polygon>
                    <altitudeMode>absolute</altitudeMode>
                    <outerBoundaryIs>
                      <LinearRing>
                        <coordinates>8.5054,47.3776,602.6916731157153 8.5054,47.3776,642.7316731157152 8.5054,47.377900000000004,642.7316731157152 8.5054,47.377900000000004,602.6916731157153</coordinates>
                      </LinearRing>
                    </outerBoundaryIs>
                  </Polygon>
                  <Polygon>
                    <altitudeMode>absolute</altitudeMode>
                    <outerBoundaryIs>
                      <LinearRing>
                        <coordinates>8.5054,47.377900000000004,602.6916731157153 8.5054,47.377900000000004,642.7316731157152 8.505600000000001,47.377900000000004,642.7316731157152 8.505600000000001,47.377900000000004,602.6916731157153</coordinates>
                      </LinearRing>
                    </outerBoundaryIs>
                  </Polygon>
                  <Polygon>
                    <altitudeMode>absolute</altitudeMode>
                    <outerBoundaryIs>
                      <LinearRing>
                        <coordinates>8.505600000000001,47.377900000000004,602.6916731157153 8.505600000000001,47.377900000000004,642.7316731157152 8.505650000000001,47.37755,642.7316731157152 8.505650000000001,47.37755,602.6916731157153</coordinates>
                      </LinearRing>
                    </outerBoundaryIs>
                  </Polygon>
                  <Polygon>
                    <altitudeMode>absolute</altitudeMode>
                    <outerBoundaryIs>
                      <LinearRing>
                        <coordinates>8.505650000000001,47.37755,602.6916731157153 8.505650000000001,47.37755,642.7316731157152 8.5054,47.3776,642.7316731157152 8.5054,47.3776,602.6916731157153</coordinates>
                      </LinearRing>
                    </outerBoundaryIs>
                  </Polygon>
                </MultiGeometry>
              </Placemark>
            </Folder>
          </Folder>
        </Folder>
        <Folder>
          <name>Attempt to modify planned Flight 1c into conflict</name>
          <Folder>
            <name>E69: uss1_dss astm.f3548.v21.dss.queryOperationalIntentReferences</name>
            <Placemark>
              <name>area_of_interest</name>
              <styleUrl>#QueryArea</styleUrl>
              <description><![CDATA[<ul><li>uss1's Accepted 7b048467-4d26-4b8c-b193-c008651c1ffe[1]</li><li>uss1's Activated d4208311-f352-4969-9cfd-406fa1fbd75f[2]</li></ul>]]></description>
              <TimeSpan>
                <begin>2026-05-11T08:06:51.114622+00:00</begin>
                <end>2026-05-11T08:51:53.026386+00:00</end>
              </TimeSpan>
              <MultiGeometry>
                <Polygon>
                  <altitudeMode>absolute</altitudeMode>
                  <outerBoundaryIs>
                    <LinearRing>
                      <coordinates>8.504950000000001,47.37755,602.6913893796152 8.504950000000001,47.377900000000004,602.6913893796152 8.505650000000001,47.377900000000004,602.6913893796152 8.505650000000001,47.37755,602.6913893796152</coordinates>
                    </LinearRing>
                  </outerBoundaryIs>
                </Polygon>
                <Polygon>
                  <altitudeMode>absolute</altitudeMode>
                  <outerBoundaryIs>
                    <LinearRing>
                      <coordinates>8.504950000000001,47.37755,642.7313893796152 8.504950000000001,47.377900000000004,642.7313893796152 8.505650000000001,47.377900000000004,642.7313893796152 8.505650000000001,47.37755,642.7313893796152</coordinates>
                    </LinearRing>
                  </outerBoundaryIs>
                </Polygon>
                <Polygon>
                  <altitudeMode>absolute</altitudeMode>
                  <outerBoundaryIs>
                    <LinearRing>
                      <coordinates>8.504950000000001,47.37755,602.6913893796152 8.504950000000001,47.37755,642.7313893796152 8.504950000000001,47.377900000000004,642.7313893796152 8.504950000000001,47.377900000000004,602.6913893796152</coordinates>
                    </LinearRing>
                  </outerBoundaryIs>
                </Polygon>
                <Polygon>
                  <altitudeMode>absolute</altitudeMode>
                  <outerBoundaryIs>
                    <LinearRing>
                      <coordinates>8.504950000000001,47.377900000000004,602.6913893796152 8.504950000000001,47.377900000000004,642.7313893796152 8.505650000000001,47.377900000000004,642.7313893796152 8.505650000000001,47.377900000000004,602.6913893796152</coordinates>
                    </LinearRing>
                  </outerBoundaryIs>
                </Polygon>
                <Polygon>
                  <altitudeMode>absolute</altitudeMode>
                  <outerBoundaryIs>
                    <LinearRing>
                      <coordinates>8.505650000000001,47.377900000000004,602.6913893796152 8.505650000000001,47.377900000000004,642.7313893796152 8.505650000000001,47.37755,642.7313893796152 8.505650000000001,47.37755,602.6913893796152</coordinates>
                    </LinearRing>
                  </outerBoundaryIs>
                </Polygon>
                <Polygon>
                  <altitudeMode>absolute</altitudeMode>
                  <outerBoundaryIs>
                    <LinearRing>
                      <coordinates>8.505650000000001,47.37755,602.6913893796152 8.505650000000001,47.37755,642.7313893796152 8.504950000000001,47.37755,642.7313893796152 8.504950000000001,47.37755,602.6913893796152</coordinates>
                    </LinearRing>
                  </outerBoundaryIs>
                </Polygon>
              </MultiGeometry>
            </Placemark>
          </Folder>
          <Folder>
            <name>E71: uss1_core interuss.automated_testing.flight_planning.v1.UpsertFlightPlan</name>
            <Folder>
              <name>Activity Rejected, flight Planned</name>
              <Placemark>
                <name>Volume 0</name>
                <styleUrl>#Planned_Nominal</styleUrl>
                <TimeSpan>
                  <begin>2026-05-11T08:06:52.026386+00:00</begin>
                  <end>2026-05-11T08:51:53.026386+00:00</end>
                </TimeSpan>
                <MultiGeometry>
                  <Polygon>
                    <altitudeMode>absolute</altitudeMode>
                    <outerBoundaryIs>
                      <LinearRing>
                        <coordinates>8.504950000000001,47.3776,607.7413693616395 8.504950000000001,47.377900000000004,607.7413693616395 8.505600000000001,47.377900000000004,607.7413693616395 8.505650000000001,47.37755,607.7413693616395</coordinates>
                      </LinearRing>
                    </outerBoundaryIs>
                  </Polygon>
                  <Polygon>
                    <altitudeMode>absolute</altitudeMode>
                    <outerBoundaryIs>
                      <LinearRing>
                        <coordinates>8.504950000000001,47.3776,637.7313693616395 8.504950000000001,47.377900000000004,637.7313693616395 8.505600000000001,47.377900000000004,637.7313693616395 8.505650000000001,47.37755,637.7313693616395</coordinates>
                      </LinearRing>
                    </outerBoundaryIs>
                  </Polygon>
                  <Polygon>
                    <altitudeMode>absolute</altitudeMode>
                    <outerBoundaryIs>
                      <LinearRing>
                        <coordinates>8.504950000000001,47.3776,607.7413693616395 8.504950000000001,47.3776,637.7313693616395 8.504950000000001,47.377900000000004,637.7313693616395 8.504950000000001,47.377900000000004,607.7413693616395</coordinates>
                      </LinearRing>
                    </outerBoundaryIs>
                  </Polygon>
                  <Polygon>
                    <altitudeMode>absolute</altitudeMode>
                    <outerBoundaryIs>
                      <LinearRing>
                        <coordinates>8.504950000000001,47.377900000000004,607.7413693616395 8.504950000000001,47.377900000000004,637.7313693616395 8.505600000000001,47.377900000000004,637.7313693616395 8.505600000000001,47.377900000000004,607.7413693616395</coordinates>
                      </LinearRing>
                    </outerBoundaryIs>
                  </Polygon>
                  <Polygon>
                    <altitudeMode>absolute</altitudeMode>
                    <outerBoundaryIs>
                      <LinearRing>
                        <coordinates>8.505600000000001,47.377900000000004,607.7413693616395 8.505600000000001,47.377900000000004,637.7313693616395 8.505650000000001,47.37755,637.7313693616395 8.505650000000001,47.37755,607.7413693616395</coordinates>
                      </LinearRing>
                    </outerBoundaryIs>
                  </Polygon>
                  <Polygon>
                    <altitudeMode>absolute</altitudeMode>
                    <outerBoundaryIs>
                      <LinearRing>
                        <coordinates>8.505650000000001,47.37755,607.7413693616395 8.505650000000001,47.37755,637.7313693616395 8.504950000000001,47.3776,637.7313693616395 8.504950000000001,47.3776,607.7413693616395</coordinates>
                      </LinearRing>
                    </outerBoundaryIs>
                  </Polygon>
                </MultiGeometry>
              </Placemark>
            </Folder>
          </Folder>
          <Folder>
            <name>E74: uss1_dss astm.f3548.v21.dss.queryOperationalIntentReferences</name>
            <Placemark>
              <name>area_of_interest</name>
              <styleUrl>#QueryArea</styleUrl>
              <description><![CDATA[<ul><li>uss1's Accepted 7b048467-4d26-4b8c-b193-c008651c1ffe[1]</li><li>uss1's Activated d4208311-f352-4969-9cfd-406fa1fbd75f[2]</li></ul>]]></description>
              <TimeSpan>
                <begin>2026-05-11T08:06:51.114622+00:00</begin>
                <end>2026-05-11T08:51:53.026386+00:00</end>
              </TimeSpan>
              <MultiGeometry>
                <Polygon>
                  <altitudeMode>absolute</altitudeMode>
                  <outerBoundaryIs>
                    <LinearRing>
                      <coordinates>8.504950000000001,47.37755,602.6913893796152 8.504950000000001,47.377900000000004,602.6913893796152 8.505650000000001,47.377900000000004,602.6913893796152 8.505650000000001,47.37755,602.6913893796152</coordinates>
                    </LinearRing>
                  </outerBoundaryIs>
                </Polygon>
                <Polygon>
                  <altitudeMode>absolute</altitudeMode>
                  <outerBoundaryIs>
                    <LinearRing>
                      <coordinates>8.504950000000001,47.37755,642.7313893796152 8.504950000000001,47.377900000000004,642.7313893796152 8.505650000000001,47.377900000000004,642.7313893796152 8.505650000000001,47.37755,642.7313893796152</coordinates>
                    </LinearRing>
                  </outerBoundaryIs>
                </Polygon>
                <Polygon>
                  <altitudeMode>absolute</altitudeMode>
                  <outerBoundaryIs>
                    <LinearRing>
                      <coordinates>8.504950000000001,47.37755,602.6913893796152 8.504950000000001,47.37755,642.7313893796152 8.504950000000001,47.377900000000004,642.7313893796152 8.504950000000001,47.377900000000004,602.6913893796152</coordinates>
                    </LinearRing>
                  </outerBoundaryIs>
                </Polygon>
                <Polygon>
                  <altitudeMode>absolute</altitudeMode>
                  <outerBoundaryIs>
                    <LinearRing>
                      <coordinates>8.504950000000001,47.377900000000004,602.6913893796152 8.504950000000001,47.377900000000004,642.7313893796152 8.505650000000001,47.377900000000004,642.7313893796152 8.505650000000001,47.377900000000004,602.6913893796152</coordinates>
                    </LinearRing>
                  </outerBoundaryIs>
                </Polygon>
                <Polygon>
                  <altitudeMode>absolute</altitudeMode>
                  <outerBoundaryIs>
                    <LinearRing>
                      <coordinates>8.505650000000001,47.377900000000004,602.6913893796152 8.505650000000001,47.377900000000004,642.7313893796152 8.505650000000001,47.37755,642.7313893796152 8.505650000000001,47.37755,602.6913893796152</coordinates>
                    </LinearRing>
                  </outerBoundaryIs>
                </Polygon>
                <Polygon>
                  <altitudeMode>absolute</altitudeMode>
                  <outerBoundaryIs>
                    <LinearRing>
                      <coordinates>8.505650000000001,47.37755,602.6913893796152 8.505650000000001,47.37755,642.7313893796152 8.504950000000001,47.37755,642.7313893796152 8.504950000000001,47.37755,602.6913893796152</coordinates>
                    </LinearRing>
                  </outerBoundaryIs>
                </Polygon>
              </MultiGeometry>
            </Placemark>
          </Folder>
          <Folder>
            <name>E78: uss1_core astm.f3548.v21.uss.getOperationalIntentDetails</name>
            <Folder>
              <name>uss1's P0 Accepted 7b048467-4d26-4b8c-b193-c008651c1ffe[1] @ PzB5yNZSoge1SOYD63bDt4JXanUrndnbKb8nMLmBxms_</name>
              <Placemark>
                <name>Nominal volume 0</name>
                <styleUrl>#F3548v21Accepted</styleUrl>
                <TimeSpan>
                  <begin>2026-05-11T08:06:51.114622+00:00</begin>
                  <end>2026-05-11T08:51:52.114622+00:00</end>
                </TimeSpan>
                <MultiGeometry>
                  <Polygon>
                    <altitudeMode>absolute</altitudeMode>
                    <outerBoundaryIs>
                      <LinearRing>
                        <coordinates>8.5054,47.3776,602.6916731157153 8.5054,47.377900000000004,602.6916731157153 8.505600000000001,47.377900000000004,602.6916731157153 8.505650000000001,47.37755,602.6916731157153</coordinates>
                      </LinearRing>
                    </outerBoundaryIs>
                  </Polygon>
                  <Polygon>
                    <altitudeMode>absolute</altitudeMode>
                    <outerBoundaryIs>
                      <LinearRing>
                        <coordinates>8.5054,47.3776,642.7316731157152 8.5054,47.377900000000004,642.7316731157152 8.505600000000001,47.377900000000004,642.7316731157152 8.505650000000001,47.37755,642.7316731157152</coordinates>
                      </LinearRing>
                    </outerBoundaryIs>
                  </Polygon>
                  <Polygon>
                    <altitudeMode>absolute</altitudeMode>
                    <outerBoundaryIs>
                      <LinearRing>
                        <coordinates>8.5054,47.3776,602.6916731157153 8.5054,47.3776,642.7316731157152 8.5054,47.377900000000004,642.7316731157152 8.5054,47.377900000000004,602.6916731157153</coordinates>
                      </LinearRing>
                    </outerBoundaryIs>
                  </Polygon>
                  <Polygon>
                    <altitudeMode>absolute</altitudeMode>
                    <outerBoundaryIs>
                      <LinearRing>
                        <coordinates>8.5054,47.377900000000004,602.6916731157153 8.5054,47.377900000000004,642.7316731157152 8.505600000000001,47.377900000000004,642.7316731157152 8.505600000000001,47.377900000000004,602.6916731157153</coordinates>
                      </LinearRing>
                    </outerBoundaryIs>
                  </Polygon>
                  <Polygon>
                    <altitudeMode>absolute</altitudeMode>
                    <outerBoundaryIs>
                      <LinearRing>
                        <coordinates>8.505600000000001,47.377900000000004,602.6916731157153 8.505600000000001,47.377900000000004,642.7316731157152 8.505650000000001,47.37755,642.7316731157152 8.505650000000001,47.37755,602.6916731157153</coordinates>
                      </LinearRing>
                    </outerBoundaryIs>
                  </Polygon>
                  <Polygon>
                    <altitudeMode>absolute</altitudeMode>
                    <outerBoundaryIs>
                      <LinearRing>
                        <coordinates>8.505650000000001,47.37755,602.6916731157153 8.505650000000001,47.37755,642.7316731157152 8.5054,47.3776,642.7316731157152 8.5054,47.3776,602.6916731157153</coordinates>
                      </LinearRing>
                    </outerBoundaryIs>
                  </Polygon>
                </MultiGeometry>
              </Placemark>
            </Folder>
          </Folder>
        </Folder>
      </Folder>
      <Folder>
        <name>Attempt to modify activated flight into conflict</name>
        <Folder>
          <name>Activate Flight 1c</name>
          <Folder>
            <name>E84: uss1_dss astm.f3548.v21.dss.queryOperationalIntentReferences</name>
            <Placemark>
              <name>area_of_interest</name>
              <styleUrl>#QueryArea</styleUrl>
              <description><![CDATA[<ul><li>uss1's Accepted 7b048467-4d26-4b8c-b193-c008651c1ffe[1]</li><li>uss1's Activated d4208311-f352-4969-9cfd-406fa1fbd75f[2]</li></ul>]]></description>
              <TimeSpan>
                <begin>2026-05-11T08:06:52.305093+00:00</begin>
                <end>2026-05-11T08:51:53.305093+00:00</end>
              </TimeSpan>
              <MultiGeometry>
                <Polygon>
                  <altitudeMode>absolute</altitudeMode>
                  <outerBoundaryIs>
                    <LinearRing>
                      <coordinates>8.5054,47.37755,607.7916426573684 8.5054,47.3783,607.7916426573684 8.505650000000001,47.3783,607.7916426573684 8.505650000000001,47.37755,607.7916426573684</coordinates>
                    </LinearRing>
                  </outerBoundaryIs>
                </Polygon>
                <Polygon>
                  <altitudeMode>absolute</altitudeMode>
                  <outerBoundaryIs>
                    <LinearRing>
                      <coordinates>8.5054,47.37755,642.7316426573684 8.5054,47.3783,642.7316426573684 8.505650000000001,47.3783,642.7316426573684 8.505650000000001,47.37755,642.7316426573684</coordinates>
                    </LinearRing>
                  </outerBoundaryIs>
                </Polygon>
                <Polygon>
                  <altitudeMode>absolute</altitudeMode>
                  <outerBoundaryIs>
                    <LinearRing>
                      <coordinates>8.5054,47.37755,607.7916426573684 8.5054,47.37755,642.7316426573684 8.5054,47.3783,642.7316426573684 8.5054,47.3783,607.7916426573684</coordinates>
                    </LinearRing>
                  </outerBoundaryIs>
                </Polygon>
                <Polygon>
                  <altitudeMode>absolute</altitudeMode>
                  <outerBoundaryIs>
                    <LinearRing>
                      <coordinates>8.5054,47.3783,607.7916426573684 8.5054,47.3783,642.7316426573684 8.505650000000001,47.3783,642.7316426573684 8.505650000000001,47.3783,607.7916426573684</coordinates>
                    </LinearRing>
                  </outerBoundaryIs>
                </Polygon>
                <Polygon>
                  <altitudeMode>absolute</altitudeMode>
                  <outerBoundaryIs>
                    <LinearRing>
                      <coordinates>8.505650000000001,47.3783,607.7916426573684 8.505650000000001,47.3783,642.7316426573684 8.505650000000001,47.37755,642.7316426573684 8.505650000000001,47.37755,607.7916426573684</coordinates>
                    </LinearRing>
                  </outerBoundaryIs>
                </Polygon>
                <Polygon>
                  <altitudeMode>absolute</altitudeMode>
                  <outerBoundaryIs>
                    <LinearRing>
                      <coordinates>8.505650000000001,47.37755,607.7916426573684 8.505650000000001,47.37755,642.7316426573684 8.5054,47.37755,642.7316426573684 8.5054,47.37755,607.7916426573684</coordinates>
                    </LinearRing>
                  </outerBoundaryIs>
                </Polygon>
              </MultiGeometry>
            </Placemark>
          </Folder>
          <Folder>
            <name>E86: uss1_core interuss.automated_testing.flight_planning.v1.UpsertFlightPlan</name>
            <Folder>
              <name>Activity Completed, flight OkToFly</name>
              <Placemark>
                <name>Volume 0</name>
                <styleUrl>#InUse_Nominal</styleUrl>
                <TimeSpan>
                  <begin>2026-05-11T08:06:52.305093+00:00</begin>
                  <end>2026-05-11T08:51:53.305093+00:00</end>
                </TimeSpan>
                <MultiGeometry>
                  <Polygon>
                    <altitudeMode>absolute</altitudeMode>
                    <outerBoundaryIs>
                      <LinearRing>
                        <coordinates>8.5054,47.3776,607.7916479353746 8.5054,47.3783,607.7916479353746 8.505600000000001,47.377900000000004,607.7916479353746 8.505650000000001,47.37755,607.7916479353746</coordinates>
                      </LinearRing>
                    </outerBoundaryIs>
                  </Polygon>
                  <Polygon>
                    <altitudeMode>absolute</altitudeMode>
                    <outerBoundaryIs>
                      <LinearRing>
                        <coordinates>8.5054,47.3776,642.7316479353747 8.5054,47.3783,642.7316479353747 8.505600000000001,47.377900000000004,642.7316479353747 8.505650000000001,47.37755,642.7316479353747</coordinates>
                      </LinearRing>
                    </outerBoundaryIs>
                  </Polygon>
                  <Polygon>
                    <altitudeMode>absolute</altitudeMode>
                    <outerBoundaryIs>
                      <LinearRing>
                        <coordinates>8.5054,47.3776,607.7916479353746 8.5054,47.3776,642.7316479353747 8.5054,47.3783,642.7316479353747 8.5054,47.3783,607.7916479353746</coordinates>
                      </LinearRing>
                    </outerBoundaryIs>
                  </Polygon>
                  <Polygon>
                    <altitudeMode>absolute</altitudeMode>
                    <outerBoundaryIs>
                      <LinearRing>
                        <coordinates>8.5054,47.3783,607.7916479353746 8.5054,47.3783,642.7316479353747 8.505600000000001,47.377900000000004,642.7316479353747 8.505600000000001,47.377900000000004,607.7916479353746</coordinates>
                      </LinearRing>
                    </outerBoundaryIs>
                  </Polygon>
                  <Polygon>
                    <altitudeMode>absolute</altitudeMode>
                    <outerBoundaryIs>
                      <LinearRing>
                        <coordinates>8.505600000000001,47.377900000000004,607.7916479353746 8.505600000000001,47.377900000000004,642.7316479353747 8.505650000000001,47.37755,642.7316479353747 8.505650000000001,47.37755,607.7916479353746</coordinates>
                      </LinearRing>
                    </outerBoundaryIs>
                  </Polygon>
                  <Polygon>
                    <altitudeMode>absolute</altitudeMode>
                    <outerBoundaryIs>
                      <LinearRing>
                        <coordinates>8.505650000000001,47.37755,607.7916479353746 8.505650000000001,47.37755,642.7316479353747 8.5054,47.3776,642.7316479353747 8.5054,47.3776,607.7916479353746</coordinates>
                      </LinearRing>
                    </outerBoundaryIs>
                  </Polygon>
                </MultiGeometry>
              </Placemark>
            </Folder>
          </Folder>
          <Folder>
            <name>E89: uss1_dss astm.f3548.v21.dss.queryOperationalIntentReferences</name>
            <Placemark>
              <name>area_of_interest</name>
              <styleUrl>#QueryArea</styleUrl>
              <description><![CDATA[<ul><li>uss1's Activated 7b048467-4d26-4b8c-b193-c008651c1ffe[2]</li><li>uss1's Activated d4208311-f352-4969-9cfd-406fa1fbd75f[2]</li></ul>]]></description>
              <TimeSpan>
                <begin>2026-05-11T08:06:52.305093+00:00</begin>
                <end>2026-05-11T08:51:53.305093+00:00</end>
              </TimeSpan>
              <MultiGeometry>
                <Polygon>
                  <altitudeMode>absolute</altitudeMode>
                  <outerBoundaryIs>
                    <LinearRing>
                      <coordinates>8.5054,47.37755,607.7916426573684 8.5054,47.3783,607.7916426573684 8.505650000000001,47.3783,607.7916426573684 8.505650000000001,47.37755,607.7916426573684</coordinates>
                    </LinearRing>
                  </outerBoundaryIs>
                </Polygon>
                <Polygon>
                  <altitudeMode>absolute</altitudeMode>
                  <outerBoundaryIs>
                    <LinearRing>
                      <coordinates>8.5054,47.37755,642.7316426573684 8.5054,47.3783,642.7316426573684 8.505650000000001,47.3783,642.7316426573684 8.505650000000001,47.37755,642.7316426573684</coordinates>
                    </LinearRing>
                  </outerBoundaryIs>
                </Polygon>
                <Polygon>
                  <altitudeMode>absolute</altitudeMode>
                  <outerBoundaryIs>
                    <LinearRing>
                      <coordinates>8.5054,47.37755,607.7916426573684 8.5054,47.37755,642.7316426573684 8.5054,47.3783,642.7316426573684 8.5054,47.3783,607.7916426573684</coordinates>
                    </LinearRing>
                  </outerBoundaryIs>
                </Polygon>
                <Polygon>
                  <altitudeMode>absolute</altitudeMode>
                  <outerBoundaryIs>
                    <LinearRing>
                      <coordinates>8.5054,47.3783,607.7916426573684 8.5054,47.3783,642.7316426573684 8.505650000000001,47.3783,642.7316426573684 8.505650000000001,47.3783,607.7916426573684</coordinates>
                    </LinearRing>
                  </outerBoundaryIs>
                </Polygon>
                <Polygon>
                  <altitudeMode>absolute</altitudeMode>
                  <outerBoundaryIs>
                    <LinearRing>
                      <coordinates>8.505650000000001,47.3783,607.7916426573684 8.505650000000001,47.3783,642.7316426573684 8.505650000000001,47.37755,642.7316426573684 8.505650000000001,47.37755,607.7916426573684</coordinates>
                    </LinearRing>
                  </outerBoundaryIs>
                </Polygon>
                <Polygon>
                  <altitudeMode>absolute</altitudeMode>
                  <outerBoundaryIs>
                    <LinearRing>
                      <coordinates>8.505650000000001,47.37755,607.7916426573684 8.505650000000001,47.37755,642.7316426573684 8.5054,47.37755,642.7316426573684 8.5054,47.37755,607.7916426573684</coordinates>
                    </LinearRing>
                  </outerBoundaryIs>
                </Polygon>
              </MultiGeometry>
            </Placemark>
          </Folder>
          <Folder>
            <name>E94: uss1_core astm.f3548.v21.uss.getOperationalIntentDetails</name>
            <Folder>
              <name>uss1's P0 Activated 7b048467-4d26-4b8c-b193-c008651c1ffe[2] @ rUvh3tCRx13Jhz1X0SVy8Q636u5T5Gy.nd8NIsrGchI_</name>
              <Placemark>
                <name>Nominal volume 0</name>
                <styleUrl>#F3548v21Activated</styleUrl>
                <TimeSpan>
                  <begin>2026-05-11T08:06:52.305093+00:00</begin>
                  <end>2026-05-11T08:51:53.305093+00:00</end>
                </TimeSpan>
                <MultiGeometry>
                  <Polygon>
                    <altitudeMode>absolute</altitudeMode>
                    <outerBoundaryIs>
                      <LinearRing>
                        <coordinates>8.5054,47.3776,607.7916479353746 8.5054,47.3783,607.7916479353746 8.505600000000001,47.377900000000004,607.7916479353746 8.505650000000001,47.37755,607.7916479353746</coordinates>
                      </LinearRing>
                    </outerBoundaryIs>
                  </Polygon>
                  <Polygon>
                    <altitudeMode>absolute</altitudeMode>
                    <outerBoundaryIs>
                      <LinearRing>
                        <coordinates>8.5054,47.3776,642.7316479353747 8.5054,47.3783,642.7316479353747 8.505600000000001,47.377900000000004,642.7316479353747 8.505650000000001,47.37755,642.7316479353747</coordinates>
                      </LinearRing>
                    </outerBoundaryIs>
                  </Polygon>
                  <Polygon>
                    <altitudeMode>absolute</altitudeMode>
                    <outerBoundaryIs>
                      <LinearRing>
                        <coordinates>8.5054,47.3776,607.7916479353746 8.5054,47.3776,642.7316479353747 8.5054,47.3783,642.7316479353747 8.5054,47.3783,607.7916479353746</coordinates>
                      </LinearRing>
                    </outerBoundaryIs>
                  </Polygon>
                  <Polygon>
                    <altitudeMode>absolute</altitudeMode>
                    <outerBoundaryIs>
                      <LinearRing>
                        <coordinates>8.5054,47.3783,607.7916479353746 8.5054,47.3783,642.7316479353747 8.505600000000001,47.377900000000004,642.7316479353747 8.505600000000001,47.377900000000004,607.7916479353746</coordinates>
                      </LinearRing>
                    </outerBoundaryIs>
                  </Polygon>
                  <Polygon>
                    <altitudeMode>absolute</altitudeMode>
                    <outerBoundaryIs>
                      <LinearRing>
                        <coordinates>8.505600000000001,47.377900000000004,607.7916479353746 8.505600000000001,47.377900000000004,642.7316479353747 8.505650000000001,47.37755,642.7316479353747 8.505650000000001,47.37755,607.7916479353746</coordinates>
                      </LinearRing>
                    </outerBoundaryIs>
                  </Polygon>
                  <Polygon>
                    <altitudeMode>absolute</altitudeMode>
                    <outerBoundaryIs>
                      <LinearRing>
                        <coordinates>8.505650000000001,47.37755,607.7916479353746 8.505650000000001,47.37755,642.7316479353747 8.5054,47.3776,642.7316479353747 8.5054,47.3776,607.7916479353746</coordinates>
                      </LinearRing>
                    </outerBoundaryIs>
                  </Polygon>
                </MultiGeometry>
              </Placemark>
            </Folder>
          </Folder>
        </Folder>
        <Folder>
          <name>Attempt to modify activated Flight 1c into conflict</name>
          <Folder>
            <name>E100: uss1_dss astm.f3548.v21.dss.queryOperationalIntentReferences</name>
            <Placemark>
              <name>area_of_interest</name>
              <styleUrl>#QueryArea</styleUrl>
              <description><![CDATA[<ul><li>uss1's Activated 7b048467-4d26-4b8c-b193-c008651c1ffe[2]</li><li>uss1's Activated d4208311-f352-4969-9cfd-406fa1fbd75f[2]</li></ul>]]></description>
              <TimeSpan>
                <begin>2026-05-11T08:06:52.305093+00:00</begin>
                <end>2026-05-11T08:51:57.103403+00:00</end>
              </TimeSpan>
              <MultiGeometry>
                <Polygon>
                  <altitudeMode>absolute</altitudeMode>
                  <outerBoundaryIs>
                    <LinearRing>
                      <coordinates>8.504950000000001,47.37755,607.7513388078233 8.504950000000001,47.3783,607.7513388078233 8.505650000000001,47.3783,607.7513388078233 8.505650000000001,47.37755,607.7513388078233</coordinates>
                    </LinearRing>
                  </outerBoundaryIs>
                </Polygon>
                <Polygon>
                  <altitudeMode>absolute</altitudeMode>
                  <outerBoundaryIs>
                    <LinearRing>
                      <coordinates>8.504950000000001,47.37755,642.7313388078234 8.504950000000001,47.3783,642.7313388078234 8.505650000000001,47.3783,642.7313388078234 8.505650000000001,47.37755,642.7313388078234</coordinates>
                    </LinearRing>
                  </outerBoundaryIs>
                </Polygon>
                <Polygon>
                  <altitudeMode>absolute</altitudeMode>
                  <outerBoundaryIs>
                    <LinearRing>
                      <coordinates>8.504950000000001,47.37755,607.7513388078233 8.504950000000001,47.37755,642.7313388078234 8.504950000000001,47.3783,642.7313388078234 8.504950000000001,47.3783,607.7513388078233</coordinates>
                    </LinearRing>
                  </outerBoundaryIs>
                </Polygon>
                <Polygon>
                  <altitudeMode>absolute</altitudeMode>
                  <outerBoundaryIs>
                    <LinearRing>
                      <coordinates>8.504950000000001,47.3783,607.7513388078233 8.504950000000001,47.3783,642.7313388078234 8.505650000000001,47.3783,642.7313388078234 8.505650000000001,47.3783,607.7513388078233</coordinates>
                    </LinearRing>
                  </outerBoundaryIs>
                </Polygon>
                <Polygon>
                  <altitudeMode>absolute</altitudeMode>
                  <outerBoundaryIs>
                    <LinearRing>
                      <coordinates>8.505650000000001,47.3783,607.7513388078233 8.505650000000001,47.3783,642.7313388078234 8.505650000000001,47.37755,642.7313388078234 8.505650000000001,47.37755,607.7513388078233</coordinates>
                    </LinearRing>
                  </outerBoundaryIs>
                </Polygon>
                <Polygon>
                  <altitudeMode>absolute</altitudeMode>
                  <outerBoundaryIs>
                    <LinearRing>
                      <coordinates>8.505650000000001,47.37755,607.7513388078233 8.505650000000001,47.37755,642.7313388078234 8.504950000000001,47.37755,642.7313388078234 8.504950000000001,47.37755,607.7513388078233</coordinates>
                    </LinearRing>
                  </outerBoundaryIs>
                </Polygon>
              </MultiGeometry>
            </Placemark>
          </Folder>
          <Folder>
            <name>E102: uss1_core interuss.automated_testing.flight_planning.v1.UpsertFlightPlan</name>
            <Folder>
              <name>Activity Rejected, flight OkToFly</name>
              <Placemark>
                <name>Volume 0</name>
                <styleUrl>#InUse_Nominal</styleUrl>
                <TimeSpan>
                  <begin>2026-05-11T08:06:56.103403+00:00</begin>
                  <end>2026-05-11T08:51:57.103403+00:00</end>
                </TimeSpan>
                <MultiGeometry>
                  <Polygon>
                    <altitudeMode>absolute</altitudeMode>
                    <outerBoundaryIs>
                      <LinearRing>
                        <coordinates>8.504950000000001,47.3776,607.7513693616395 8.504950000000001,47.377900000000004,607.7513693616395 8.505600000000001,47.377900000000004,607.7513693616395 8.505650000000001,47.37755,607.7513693616395</coordinates>
                      </LinearRing>
                    </outerBoundaryIs>
                  </Polygon>
                  <Polygon>
                    <altitudeMode>absolute</altitudeMode>
                    <outerBoundaryIs>
                      <LinearRing>
                        <coordinates>8.504950000000001,47.3776,637.7313693616395 8.504950000000001,47.377900000000004,637.7313693616395 8.505600000000001,47.377900000000004,637.7313693616395 8.505650000000001,47.37755,637.7313693616395</coordinates>
                      </LinearRing>
                    </outerBoundaryIs>
                  </Polygon>
                  <Polygon>
                    <altitudeMode>absolute</altitudeMode>
                    <outerBoundaryIs>
                      <LinearRing>
                        <coordinates>8.504950000000001,47.3776,607.7513693616395 8.504950000000001,47.3776,637.7313693616395 8.504950000000001,47.377900000000004,637.7313693616395 8.504950000000001,47.377900000000004,607.7513693616395</coordinates>
                      </LinearRing>
                    </outerBoundaryIs>
                  </Polygon>
                  <Polygon>
                    <altitudeMode>absolute</altitudeMode>
                    <outerBoundaryIs>
                      <LinearRing>
                        <coordinates>8.504950000000001,47.377900000000004,607.7513693616395 8.504950000000001,47.377900000000004,637.7313693616395 8.505600000000001,47.377900000000004,637.7313693616395 8.505600000000001,47.377900000000004,607.7513693616395</coordinates>
                      </LinearRing>
                    </outerBoundaryIs>
                  </Polygon>
                  <Polygon>
                    <altitudeMode>absolute</altitudeMode>
                    <outerBoundaryIs>
                      <LinearRing>
                        <coordinates>8.505600000000001,47.377900000000004,607.7513693616395 8.505600000000001,47.377900000000004,637.7313693616395 8.505650000000001,47.37755,637.7313693616395 8.505650000000001,47.37755,607.7513693616395</coordinates>
                      </LinearRing>
                    </outerBoundaryIs>
                  </Polygon>
                  <Polygon>
                    <altitudeMode>absolute</altitudeMode>
                    <outerBoundaryIs>
                      <LinearRing>
                        <coordinates>8.505650000000001,47.37755,607.7513693616395 8.505650000000001,47.37755,637.7313693616395 8.504950000000001,47.3776,637.7313693616395 8.504950000000001,47.3776,607.7513693616395</coordinates>
                      </LinearRing>
                    </outerBoundaryIs>
                  </Polygon>
                </MultiGeometry>
              </Placemark>
            </Folder>
          </Folder>
          <Folder>
            <name>E105: uss1_dss astm.f3548.v21.dss.queryOperationalIntentReferences</name>
            <Placemark>
              <name>area_of_interest</name>
              <styleUrl>#QueryArea</styleUrl>
              <description><![CDATA[<ul><li>uss1's Activated 7b048467-4d26-4b8c-b193-c008651c1ffe[2]</li><li>uss1's Activated d4208311-f352-4969-9cfd-406fa1fbd75f[2]</li></ul>]]></description>
              <TimeSpan>
                <begin>2026-05-11T08:06:52.305093+00:00</begin>
                <end>2026-05-11T08:51:57.103403+00:00</end>
              </TimeSpan>
              <MultiGeometry>
                <Polygon>
                  <altitudeMode>absolute</altitudeMode>
                  <outerBoundaryIs>
                    <LinearRing>
                      <coordinates>8.504950000000001,47.37755,607.7513388078233 8.504950000000001,47.3783,607.7513388078233 8.505650000000001,47.3783,607.7513388078233 8.505650000000001,47.37755,607.7513388078233</coordinates>
                    </LinearRing>
                  </outerBoundaryIs>
                </Polygon>
                <Polygon>
                  <altitudeMode>absolute</altitudeMode>
                  <outerBoundaryIs>
                    <LinearRing>
                      <coordinates>8.504950000000001,47.37755,642.7313388078234 8.504950000000001,47.3783,642.7313388078234 8.505650000000001,47.3783,642.7313388078234 8.505650000000001,47.37755,642.7313388078234</coordinates>
                    </LinearRing>
                  </outerBoundaryIs>
                </Polygon>
                <Polygon>
                  <altitudeMode>absolute</altitudeMode>
                  <outerBoundaryIs>
                    <LinearRing>
                      <coordinates>8.504950000000001,47.37755,607.7513388078233 8.504950000000001,47.37755,642.7313388078234 8.504950000000001,47.3783,642.7313388078234 8.504950000000001,47.3783,607.7513388078233</coordinates>
                    </LinearRing>
                  </outerBoundaryIs>
                </Polygon>
                <Polygon>
                  <altitudeMode>absolute</altitudeMode>
                  <outerBoundaryIs>
                    <LinearRing>
                      <coordinates>8.504950000000001,47.3783,607.7513388078233 8.504950000000001,47.3783,642.7313388078234 8.505650000000001,47.3783,642.7313388078234 8.505650000000001,47.3783,607.7513388078233</coordinates>
                    </LinearRing>
                  </outerBoundaryIs>
                </Polygon>
                <Polygon>
                  <altitudeMode>absolute</altitudeMode>
                  <outerBoundaryIs>
                    <LinearRing>
                      <coordinates>8.505650000000001,47.3783,607.7513388078233 8.505650000000001,47.3783,642.7313388078234 8.505650000000001,47.37755,642.7313388078234 8.505650000000001,47.37755,607.7513388078233</coordinates>
                    </LinearRing>
                  </outerBoundaryIs>
                </Polygon>
                <Polygon>
                  <altitudeMode>absolute</altitudeMode>
                  <outerBoundaryIs>
                    <LinearRing>
                      <coordinates>8.505650000000001,47.37755,607.7513388078233 8.505650000000001,47.37755,642.7313388078234 8.504950000000001,47.37755,642.7313388078234 8.504950000000001,47.37755,607.7513388078233</coordinates>
                    </LinearRing>
                  </outerBoundaryIs>
                </Polygon>
              </MultiGeometry>
            </Placemark>
          </Folder>
        </Folder>
        <Folder>
          <name>Delete Flight 2</name>
        </Folder>
      </Folder>
      <Folder>
        <name>Modify activated flight with pre-existing conflict</name>
        <Folder>
          <name>Activate Flight 1</name>
          <Folder>
            <name>E110: uss1_dss astm.f3548.v21.dss.queryOperationalIntentReferences</name>
            <Placemark>
              <name>area_of_interest</name>
              <styleUrl>#QueryArea</styleUrl>
              <description><![CDATA[<ul><li>uss1's Activated 7b048467-4d26-4b8c-b193-c008651c1ffe[2]</li></ul>]]></description>
              <TimeSpan>
                <begin>2026-05-11T08:06:56.508680+00:00</begin>
                <end>2026-05-11T08:51:57.508680+00:00</end>
              </TimeSpan>
              <MultiGeometry>
                <Polygon>
                  <altitudeMode>absolute</altitudeMode>
                  <outerBoundaryIs>
                    <LinearRing>
                      <coordinates>8.504950000000001,47.37755,607.7513893796151 8.504950000000001,47.377900000000004,607.7513893796151 8.505650000000001,47.377900000000004,607.7513893796151 8.505650000000001,47.37755,607.7513893796151</coordinates>
                    </LinearRing>
                  </outerBoundaryIs>
                </Polygon>
                <Polygon>
                  <altitudeMode>absolute</altitudeMode>
                  <outerBoundaryIs>
                    <LinearRing>
                      <coordinates>8.504950000000001,47.37755,637.7313893796152 8.504950000000001,47.377900000000004,637.7313893796152 8.505650000000001,47.377900000000004,637.7313893796152 8.505650000000001,47.37755,637.7313893796152</coordinates>
                    </LinearRing>
                  </outerBoundaryIs>
                </Polygon>
                <Polygon>
                  <altitudeMode>absolute</altitudeMode>
                  <outerBoundaryIs>
                    <LinearRing>
                      <coordinates>8.504950000000001,47.37755,607.7513893796151 8.504950000000001,47.37755,637.7313893796152 8.504950000000001,47.377900000000004,637.7313893796152 8.504950000000001,47.377900000000004,607.7513893796151</coordinates>
                    </LinearRing>
                  </outerBoundaryIs>
                </Polygon>
                <Polygon>
                  <altitudeMode>absolute</altitudeMode>
                  <outerBoundaryIs>
                    <LinearRing>
                      <coordinates>8.504950000000001,47.377900000000004,607.7513893796151 8.504950000000001,47.377900000000004,637.7313893796152 8.505650000000001,47.377900000000004,637.7313893796152 8.505650000000001,47.377900000000004,607.7513893796151</coordinates>
                    </LinearRing>
                  </outerBoundaryIs>
                </Polygon>
                <Polygon>
                  <altitudeMode>absolute</altitudeMode>
                  <outerBoundaryIs>
                    <LinearRing>
                      <coordinates>8.505650000000001,47.377900000000004,607.7513893796151 8.505650000000001,47.377900000000004,637.7313893796152 8.505650000000001,47.37755,637.7313893796152 8.505650000000001,47.37755,607.7513893796151</coordinates>
                    </LinearRing>
                  </outerBoundaryIs>
                </Polygon>
                <Polygon>
                  <altitudeMode>absolute</altitudeMode>
                  <outerBoundaryIs>
                    <LinearRing>
                      <coordinates>8.505650000000001,47.37755,607.7513893796151 8.505650000000001,47.37755,637.7313893796152 8.504950000000001,47.37755,637.7313893796152 8.504950000000001,47.37755,607.7513893796151</coordinates>
                    </LinearRing>
                  </outerBoundaryIs>
                </Polygon>
              </MultiGeometry>
            </Placemark>
          </Folder>
          <Folder>
            <name>E112: uss1_core interuss.automated_testing.flight_planning.v1.UpsertFlightPlan</name>
            <Folder>
              <name>Activity Completed, flight OkToFly</name>
              <Placemark>
                <name>Volume 0</name>
                <styleUrl>#InUse_Nominal</styleUrl>
                <TimeSpan>
                  <begin>2026-05-11T08:06:56.508680+00:00</begin>
                  <end>2026-05-11T08:51:57.508680+00:00</end>
                </TimeSpan>
                <MultiGeometry>
                  <Polygon>
                    <altitudeMode>absolute</altitudeMode>
                    <outerBoundaryIs>
                      <LinearRing>
                        <coordinates>8.504950000000001,47.3776,607.7513693616395 8.504950000000001,47.377900000000004,607.7513693616395 8.505600000000001,47.377900000000004,607.7513693616395 8.505650000000001,47.37755,607.7513693616395</coordinates>
                      </LinearRing>
                    </outerBoundaryIs>
                  </Polygon>
                  <Polygon>
                    <altitudeMode>absolute</altitudeMode>
                    <outerBoundaryIs>
                      <LinearRing>
                        <coordinates>8.504950000000001,47.3776,637.7313693616395 8.504950000000001,47.377900000000004,637.7313693616395 8.505600000000001,47.377900000000004,637.7313693616395 8.505650000000001,47.37755,637.7313693616395</coordinates>
                      </LinearRing>
                    </outerBoundaryIs>
                  </Polygon>
                  <Polygon>
                    <altitudeMode>absolute</altitudeMode>
                    <outerBoundaryIs>
                      <LinearRing>
                        <coordinates>8.504950000000001,47.3776,607.7513693616395 8.504950000000001,47.3776,637.7313693616395 8.504950000000001,47.377900000000004,637.7313693616395 8.504950000000001,47.377900000000004,607.7513693616395</coordinates>
                      </LinearRing>
                    </outerBoundaryIs>
                  </Polygon>
                  <Polygon>
                    <altitudeMode>absolute</altitudeMode>
                    <outerBoundaryIs>
                      <LinearRing>
                        <coordinates>8.504950000000001,47.377900000000004,607.7513693616395 8.504950000000001,47.377900000000004,637.7313693616395 8.505600000000001,47.377900000000004,637.7313693616395 8.505600000000001,47.377900000000004,607.7513693616395</coordinates>
                      </LinearRing>
                    </outerBoundaryIs>
                  </Polygon>
                  <Polygon>
                    <altitudeMode>absolute</altitudeMode>
                    <outerBoundaryIs>
                      <LinearRing>
                        <coordinates>8.505600000000001,47.377900000000004,607.7513693616395 8.505600000000001,47.377900000000004,637.7313693616395 8.505650000000001,47.37755,637.7313693616395 8.505650000000001,47.37755,607.7513693616395</coordinates>
                      </LinearRing>
                    </outerBoundaryIs>
                  </Polygon>
                  <Polygon>
                    <altitudeMode>absolute</altitudeMode>
                    <outerBoundaryIs>
                      <LinearRing>
                        <coordinates>8.505650000000001,47.37755,607.7513693616395 8.505650000000001,47.37755,637.7313693616395 8.504950000000001,47.3776,637.7313693616395 8.504950000000001,47.3776,607.7513693616395</coordinates>
                      </LinearRing>
                    </outerBoundaryIs>
                  </Polygon>
                </MultiGeometry>
              </Placemark>
            </Folder>
          </Folder>
          <Folder>
            <name>E115: uss1_dss astm.f3548.v21.dss.queryOperationalIntentReferences</name>
            <Placemark>
              <name>area_of_interest</name>
              <styleUrl>#QueryArea</styleUrl>
              <description><![CDATA[<ul><li>uss1's Activated 7b048467-4d26-4b8c-b193-c008651c1ffe[3]</li></ul>]]></description>
              <TimeSpan>
                <begin>2026-05-11T08:06:56.508680+00:00</begin>
                <end>2026-05-11T08:51:57.508680+00:00</end>
              </TimeSpan>
              <MultiGeometry>
                <Polygon>
                  <altitudeMode>absolute</altitudeMode>
                  <outerBoundaryIs>
                    <LinearRing>
                      <coordinates>8.504950000000001,47.37755,607.7513893796151 8.504950000000001,47.377900000000004,607.7513893796151 8.505650000000001,47.377900000000004,607.7513893796151 8.505650000000001,47.37755,607.7513893796151</coordinates>
                    </LinearRing>
                  </outerBoundaryIs>
                </Polygon>
                <Polygon>
                  <altitudeMode>absolute</altitudeMode>
                  <outerBoundaryIs>
                    <LinearRing>
                      <coordinates>8.504950000000001,47.37755,637.7313893796152 8.504950000000001,47.377900000000004,637.7313893796152 8.505650000000001,47.377900000000004,637.7313893796152 8.505650000000001,47.37755,637.7313893796152</coordinates>
                    </LinearRing>
                  </outerBoundaryIs>
                </Polygon>
                <Polygon>
                  <altitudeMode>absolute</altitudeMode>
                  <outerBoundaryIs>
                    <LinearRing>
                      <coordinates>8.504950000000001,47.37755,607.7513893796151 8.504950000000001,47.37755,637.7313893796152 8.504950000000001,47.377900000000004,637.7313893796152 8.504950000000001,47.377900000000004,607.7513893796151</coordinates>
                    </LinearRing>
                  </outerBoundaryIs>
                </Polygon>
                <Polygon>
                  <altitudeMode>absolute</altitudeMode>
                  <outerBoundaryIs>
                    <LinearRing>
                      <coordinates>8.504950000000001,47.377900000000004,607.7513893796151 8.504950000000001,47.377900000000004,637.7313893796152 8.505650000000001,47.377900000000004,637.7313893796152 8.505650000000001,47.377900000000004,607.7513893796151</coordinates>
                    </LinearRing>
                  </outerBoundaryIs>
                </Polygon>
                <Polygon>
                  <altitudeMode>absolute</altitudeMode>
                  <outerBoundaryIs>
                    <LinearRing>
                      <coordinates>8.505650000000001,47.377900000000004,607.7513893796151 8.505650000000001,47.377900000000004,637.7313893796152 8.505650000000001,47.37755,637.7313893796152 8.505650000000001,47.37755,607.7513893796151</coordinates>
                    </LinearRing>
                  </outerBoundaryIs>
                </Polygon>
                <Polygon>
                  <altitudeMode>absolute</altitudeMode>
                  <outerBoundaryIs>
                    <LinearRing>
                      <coordinates>8.505650000000001,47.37755,607.7513893796151 8.505650000000001,47.37755,637.7313893796152 8.504950000000001,47.37755,637.7313893796152 8.504950000000001,47.37755,607.7513893796151</coordinates>
                    </LinearRing>
                  </outerBoundaryIs>
                </Polygon>
              </MultiGeometry>
            </Placemark>
          </Folder>
          <Folder>
            <name>E120: uss1_core astm.f3548.v21.uss.getOperationalIntentDetails</name>
            <Folder>
              <name>uss1's P0 Activated 7b048467-4d26-4b8c-b193-c008651c1ffe[3] @ r3vWr94aUrGDfVOYnYNbFH0B5zld-ZIsHOQSZe.w.Xw_</name>
              <Placemark>
                <name>Nominal volume 0</name>
                <styleUrl>#F3548v21Activated</styleUrl>
                <TimeSpan>
                  <begin>2026-05-11T08:06:56.508680+00:00</begin>
                  <end>2026-05-11T08:51:57.508680+00:00</end>
                </TimeSpan>
                <MultiGeometry>
                  <Polygon>
                    <altitudeMode>absolute</altitudeMode>
                    <outerBoundaryIs>
                      <LinearRing>
                        <coordinates>8.504950000000001,47.3776,607.7513693616395 8.504950000000001,47.377900000000004,607.7513693616395 8.505600000000001,47.377900000000004,607.7513693616395 8.505650000000001,47.37755,607.7513693616395</coordinates>
                      </LinearRing>
                    </outerBoundaryIs>
                  </Polygon>
                  <Polygon>
                    <altitudeMode>absolute</altitudeMode>
                    <outerBoundaryIs>
                      <LinearRing>
                        <coordinates>8.504950000000001,47.3776,637.7313693616395 8.504950000000001,47.377900000000004,637.7313693616395 8.505600000000001,47.377900000000004,637.7313693616395 8.505650000000001,47.37755,637.7313693616395</coordinates>
                      </LinearRing>
                    </outerBoundaryIs>
                  </Polygon>
                  <Polygon>
                    <altitudeMode>absolute</altitudeMode>
                    <outerBoundaryIs>
                      <LinearRing>
                        <coordinates>8.504950000000001,47.3776,607.7513693616395 8.504950000000001,47.3776,637.7313693616395 8.504950000000001,47.377900000000004,637.7313693616395 8.504950000000001,47.377900000000004,607.7513693616395</coordinates>
                      </LinearRing>
                    </outerBoundaryIs>
                  </Polygon>
                  <Polygon>
                    <altitudeMode>absolute</altitudeMode>
                    <outerBoundaryIs>
                      <LinearRing>
                        <coordinates>8.504950000000001,47.377900000000004,607.7513693616395 8.504950000000001,47.377900000000004,637.7313693616395 8.505600000000001,47.377900000000004,637.7313693616395 8.505600000000001,47.377900000000004,607.7513693616395</coordinates>
                      </LinearRing>
                    </outerBoundaryIs>
                  </Polygon>
                  <Polygon>
                    <altitudeMode>absolute</altitudeMode>
                    <outerBoundaryIs>
                      <LinearRing>
                        <coordinates>8.505600000000001,47.377900000000004,607.7513693616395 8.505600000000001,47.377900000000004,637.7313693616395 8.505650000000001,47.37755,637.7313693616395 8.505650000000001,47.37755,607.7513693616395</coordinates>
                      </LinearRing>
                    </outerBoundaryIs>
                  </Polygon>
                  <Polygon>
                    <altitudeMode>absolute</altitudeMode>
                    <outerBoundaryIs>
                      <LinearRing>
                        <coordinates>8.505650000000001,47.37755,607.7513693616395 8.505650000000001,47.37755,637.7313693616395 8.504950000000001,47.3776,637.7313693616395 8.504950000000001,47.3776,607.7513693616395</coordinates>
                      </LinearRing>
                    </outerBoundaryIs>
                  </Polygon>
                </MultiGeometry>
              </Placemark>
            </Folder>
          </Folder>
        </Folder>
        <Folder>
          <name>Plan Flight 2m</name>
          <Folder>
            <name>E126: uss1_dss astm.f3548.v21.dss.queryOperationalIntentReferences</name>
            <Placemark>
              <name>area_of_interest</name>
              <styleUrl>#QueryArea</styleUrl>
              <description><![CDATA[(no operational intent references found)]]></description>
              <TimeSpan>
                <begin>2026-05-11T08:06:56.866467+00:00</begin>
                <end>2026-05-11T08:51:57.866467+00:00</end>
              </TimeSpan>
              <MultiGeometry>
                <Polygon>
                  <altitudeMode>absolute</altitudeMode>
                  <outerBoundaryIs>
                    <LinearRing>
                      <coordinates>8.504900000000001,47.37795,652.8611525336313 8.504900000000001,47.3783,652.8611525336313 8.505500000000001,47.3783,652.8611525336313 8.505500000000001,47.37795,652.8611525336313</coordinates>
                    </LinearRing>
                  </outerBoundaryIs>
                </Polygon>
                <Polygon>
                  <altitudeMode>absolute</altitudeMode>
                  <outerBoundaryIs>
                    <LinearRing>
                      <coordinates>8.504900000000001,47.37795,657.7311525336313 8.504900000000001,47.3783,657.7311525336313 8.505500000000001,47.3783,657.7311525336313 8.505500000000001,47.37795,657.7311525336313</coordinates>
                    </LinearRing>
                  </outerBoundaryIs>
                </Polygon>
                <Polygon>
                  <altitudeMode>absolute</altitudeMode>
                  <outerBoundaryIs>
                    <LinearRing>
                      <coordinates>8.504900000000001,47.37795,652.8611525336313 8.504900000000001,47.37795,657.7311525336313 8.504900000000001,47.3783,657.7311525336313 8.504900000000001,47.3783,652.8611525336313</coordinates>
                    </LinearRing>
                  </outerBoundaryIs>
                </Polygon>
                <Polygon>
                  <altitudeMode>absolute</altitudeMode>
                  <outerBoundaryIs>
                    <LinearRing>
                      <coordinates>8.504900000000001,47.3783,652.8611525336313 8.504900000000001,47.3783,657.7311525336313 8.505500000000001,47.3783,657.7311525336313 8.505500000000001,47.3783,652.8611525336313</coordinates>
                    </LinearRing>
                  </outerBoundaryIs>
                </Polygon>
                <Polygon>
                  <altitudeMode>absolute</altitudeMode>
                  <outerBoundaryIs>
                    <LinearRing>
                      <coordinates>8.505500000000001,47.3783,652.8611525336313 8.505500000000001,47.3783,657.7311525336313 8.505500000000001,47.37795,657.7311525336313 8.505500000000001,47.37795,652.8611525336313</coordinates>
                    </LinearRing>
                  </outerBoundaryIs>
                </Polygon>
                <Polygon>
                  <altitudeMode>absolute</altitudeMode>
                  <outerBoundaryIs>
                    <LinearRing>
                      <coordinates>8.505500000000001,47.37795,652.8611525336313 8.505500000000001,47.37795,657.7311525336313 8.504900000000001,47.37795,657.7311525336313 8.504900000000001,47.37795,652.8611525336313</coordinates>
                    </LinearRing>
                  </outerBoundaryIs>
                </Polygon>
              </MultiGeometry>
            </Placemark>
          </Folder>
          <Folder>
            <name>E128: uss1_core interuss.automated_testing.flight_planning.v1.UpsertFlightPlan</name>
            <Folder>
              <name>Activity Completed, flight Planned</name>
              <Placemark>
                <name>Volume 0</name>
                <styleUrl>#Planned_Nominal</styleUrl>
                <TimeSpan>
                  <begin>2026-05-11T08:06:56.866467+00:00</begin>
                  <end>2026-05-11T08:51:57.866467+00:00</end>
                </TimeSpan>
                <MultiGeometry>
                  <Polygon>
                    <altitudeMode>absolute</altitudeMode>
                    <outerBoundaryIs>
                      <LinearRing>
                        <coordinates>8.504900000000001,47.378,652.8611182305975 8.505500000000001,47.37795,652.8611182305975 8.5051,47.3783,652.8611182305975</coordinates>
                      </LinearRing>
                    </outerBoundaryIs>
                  </Polygon>
                  <Polygon>
                    <altitudeMode>absolute</altitudeMode>
                    <outerBoundaryIs>
                      <LinearRing>
                        <coordinates>8.504900000000001,47.378,657.7311182305975 8.505500000000001,47.37795,657.7311182305975 8.5051,47.3783,657.7311182305975</coordinates>
                      </LinearRing>
                    </outerBoundaryIs>
                  </Polygon>
                  <Polygon>
                    <altitudeMode>absolute</altitudeMode>
                    <outerBoundaryIs>
                      <LinearRing>
                        <coordinates>8.504900000000001,47.378,652.8611182305975 8.504900000000001,47.378,657.7311182305975 8.505500000000001,47.37795,657.7311182305975 8.505500000000001,47.37795,652.8611182305975</coordinates>
                      </LinearRing>
                    </outerBoundaryIs>
                  </Polygon>
                  <Polygon>
                    <altitudeMode>absolute</altitudeMode>
                    <outerBoundaryIs>
                      <LinearRing>
                        <coordinates>8.505500000000001,47.37795,652.8611182305975 8.505500000000001,47.37795,657.7311182305975 8.5051,47.3783,657.7311182305975 8.5051,47.3783,652.8611182305975</coordinates>
                      </LinearRing>
                    </outerBoundaryIs>
                  </Polygon>
                  <Polygon>
                    <altitudeMode>absolute</altitudeMode>
                    <outerBoundaryIs>
                      <LinearRing>
                        <coordinates>8.5051,47.3783,652.8611182305975 8.5051,47.3783,657.7311182305975 8.504900000000001,47.378,657.7311182305975 8.504900000000001,47.378,652.8611182305975</coordinates>
                      </LinearRing>
                    </outerBoundaryIs>
                  </Polygon>
                </MultiGeometry>
              </Placemark>
            </Folder>
          </Folder>
          <Folder>
            <name>E131: uss1_dss astm.f3548.v21.dss.queryOperationalIntentReferences</name>
            <Placemark>
              <name>area_of_interest</name>
              <styleUrl>#QueryArea</styleUrl>
              <description><![CDATA[<ul><li>uss1's Accepted d0c9898f-6e0f-4a75-ac62-0277eadafede[1]</li></ul>]]></description>
              <TimeSpan>
                <begin>2026-05-11T08:06:56.866467+00:00</begin>
                <end>2026-05-11T08:51:57.866467+00:00</end>
              </TimeSpan>
              <MultiGeometry>
                <Polygon>
                  <altitudeMode>absolute</altitudeMode>
                  <outerBoundaryIs>
                    <LinearRing>
                      <coordinates>8.504900000000001,47.37795,652.8611525336313 8.504900000000001,47.3783,652.8611525336313 8.505500000000001,47.3783,652.8611525336313 8.505500000000001,47.37795,652.8611525336313</coordinates>
                    </LinearRing>
                  </outerBoundaryIs>
                </Polygon>
                <Polygon>
                  <altitudeMode>absolute</altitudeMode>
                  <outerBoundaryIs>
                    <LinearRing>
                      <coordinates>8.504900000000001,47.37795,657.7311525336313 8.504900000000001,47.3783,657.7311525336313 8.505500000000001,47.3783,657.7311525336313 8.505500000000001,47.37795,657.7311525336313</coordinates>
                    </LinearRing>
                  </outerBoundaryIs>
                </Polygon>
                <Polygon>
                  <altitudeMode>absolute</altitudeMode>
                  <outerBoundaryIs>
                    <LinearRing>
                      <coordinates>8.504900000000001,47.37795,652.8611525336313 8.504900000000001,47.37795,657.7311525336313 8.504900000000001,47.3783,657.7311525336313 8.504900000000001,47.3783,652.8611525336313</coordinates>
                    </LinearRing>
                  </outerBoundaryIs>
                </Polygon>
                <Polygon>
                  <altitudeMode>absolute</altitudeMode>
                  <outerBoundaryIs>
                    <LinearRing>
                      <coordinates>8.504900000000001,47.3783,652.8611525336313 8.504900000000001,47.3783,657.7311525336313 8.505500000000001,47.3783,657.7311525336313 8.505500000000001,47.3783,652.8611525336313</coordinates>
                    </LinearRing>
                  </outerBoundaryIs>
                </Polygon>
                <Polygon>
                  <altitudeMode>absolute</altitudeMode>
                  <outerBoundaryIs>
                    <LinearRing>
                      <coordinates>8.505500000000001,47.3783,652.8611525336313 8.505500000000001,47.3783,657.7311525336313 8.505500000000001,47.37795,657.7311525336313 8.505500000000001,47.37795,652.8611525336313</coordinates>
                    </LinearRing>
                  </outerBoundaryIs>
                </Polygon>
                <Polygon>
                  <altitudeMode>absolute</altitudeMode>
                  <outerBoundaryIs>
                    <LinearRing>
                      <coordinates>8.505500000000001,47.37795,652.8611525336313 8.505500000000001,47.37795,657.7311525336313 8.504900000000001,47.37795,657.7311525336313 8.504900000000001,47.37795,652.8611525336313</coordinates>
                    </LinearRing>
                  </outerBoundaryIs>
                </Polygon>
              </MultiGeometry>
            </Placemark>
          </Folder>
          <Folder>
            <name>E135: uss1_core astm.f3548.v21.uss.getOperationalIntentDetails</name>
            <Folder>
              <name>uss1's P0 Accepted d0c9898f-6e0f-4a75-ac62-0277eadafede[1] @ NcfzPZzCpg9SXXpm6kCV0tWdrEZm0nxGKSrkzy6QvHA_</name>
              <Placemark>
                <name>Nominal volume 0</name>
                <styleUrl>#F3548v21Accepted</styleUrl>
                <TimeSpan>
                  <begin>2026-05-11T08:06:56.866467+00:00</begin>
                  <end>2026-05-11T08:51:57.866467+00:00</end>
                </TimeSpan>
                <MultiGeometry>
                  <Polygon>
                    <altitudeMode>absolute</altitudeMode>
                    <outerBoundaryIs>
                      <LinearRing>
                        <coordinates>8.504900000000001,47.378,652.8611182305975 8.505500000000001,47.37795,652.8611182305975 8.5051,47.3783,652.8611182305975</coordinates>
                      </LinearRing>
                    </outerBoundaryIs>
                  </Polygon>
                  <Polygon>
                    <altitudeMode>absolute</altitudeMode>
                    <outerBoundaryIs>
                      <LinearRing>
                        <coordinates>8.504900000000001,47.378,657.7311182305975 8.505500000000001,47.37795,657.7311182305975 8.5051,47.3783,657.7311182305975</coordinates>
                      </LinearRing>
                    </outerBoundaryIs>
                  </Polygon>
                  <Polygon>
                    <altitudeMode>absolute</altitudeMode>
                    <outerBoundaryIs>
                      <LinearRing>
                        <coordinates>8.504900000000001,47.378,652.8611182305975 8.504900000000001,47.378,657.7311182305975 8.505500000000001,47.37795,657.7311182305975 8.505500000000001,47.37795,652.8611182305975</coordinates>
                      </LinearRing>
                    </outerBoundaryIs>
                  </Polygon>
                  <Polygon>
                    <altitudeMode>absolute</altitudeMode>
                    <outerBoundaryIs>
                      <LinearRing>
                        <coordinates>8.505500000000001,47.37795,652.8611182305975 8.505500000000001,47.37795,657.7311182305975 8.5051,47.3783,657.7311182305975 8.5051,47.3783,652.8611182305975</coordinates>
                      </LinearRing>
                    </outerBoundaryIs>
                  </Polygon>
                  <Polygon>
                    <altitudeMode>absolute</altitudeMode>
                    <outerBoundaryIs>
                      <LinearRing>
                        <coordinates>8.5051,47.3783,652.8611182305975 8.5051,47.3783,657.7311182305975 8.504900000000001,47.378,657.7311182305975 8.504900000000001,47.378,652.8611182305975</coordinates>
                      </LinearRing>
                    </outerBoundaryIs>
                  </Polygon>
                </MultiGeometry>
              </Placemark>
            </Folder>
          </Folder>
        </Folder>
        <Folder>
          <name>Declare Flight 2 non-conforming</name>
          <Folder>
            <name>E141: uss1_dss astm.f3548.v21.dss.queryOperationalIntentReferences</name>
            <Placemark>
              <name>area_of_interest</name>
              <styleUrl>#QueryArea</styleUrl>
              <description><![CDATA[<ul><li>uss1's Activated 7b048467-4d26-4b8c-b193-c008651c1ffe[3]</li><li>uss1's Accepted d0c9898f-6e0f-4a75-ac62-0277eadafede[1]</li></ul>]]></description>
              <TimeSpan>
                <begin>2026-05-11T08:06:56.866467+00:00</begin>
                <end>2026-05-11T08:51:58.183687+00:00</end>
              </TimeSpan>
              <MultiGeometry>
                <Polygon>
                  <altitudeMode>absolute</altitudeMode>
                  <outerBoundaryIs>
                    <LinearRing>
                      <coordinates>8.504900000000001,47.37755,607.8512037638479 8.504900000000001,47.3783,607.8512037638479 8.505500000000001,47.3783,607.8512037638479 8.505500000000001,47.37755,607.8512037638479</coordinates>
                    </LinearRing>
                  </outerBoundaryIs>
                </Polygon>
                <Polygon>
                  <altitudeMode>absolute</altitudeMode>
                  <outerBoundaryIs>
                    <LinearRing>
                      <coordinates>8.504900000000001,47.37755,657.7312037638479 8.504900000000001,47.3783,657.7312037638479 8.505500000000001,47.3783,657.7312037638479 8.505500000000001,47.37755,657.7312037638479</coordinates>
                    </LinearRing>
                  </outerBoundaryIs>
                </Polygon>
                <Polygon>
                  <altitudeMode>absolute</altitudeMode>
                  <outerBoundaryIs>
                    <LinearRing>
                      <coordinates>8.504900000000001,47.37755,607.8512037638479 8.504900000000001,47.37755,657.7312037638479 8.504900000000001,47.3783,657.7312037638479 8.504900000000001,47.3783,607.8512037638479</coordinates>
                    </LinearRing>
                  </outerBoundaryIs>
                </Polygon>
                <Polygon>
                  <altitudeMode>absolute</altitudeMode>
                  <outerBoundaryIs>
                    <LinearRing>
                      <coordinates>8.504900000000001,47.3783,607.8512037638479 8.504900000000001,47.3783,657.7312037638479 8.505500000000001,47.3783,657.7312037638479 8.505500000000001,47.3783,607.8512037638479</coordinates>
                    </LinearRing>
                  </outerBoundaryIs>
                </Polygon>
                <Polygon>
                  <altitudeMode>absolute</altitudeMode>
                  <outerBoundaryIs>
                    <LinearRing>
                      <coordinates>8.505500000000001,47.3783,607.8512037638479 8.505500000000001,47.3783,657.7312037638479 8.505500000000001,47.37755,657.7312037638479 8.505500000000001,47.37755,607.8512037638479</coordinates>
                    </LinearRing>
                  </outerBoundaryIs>
                </Polygon>
                <Polygon>
                  <altitudeMode>absolute</altitudeMode>
                  <outerBoundaryIs>
                    <LinearRing>
                      <coordinates>8.505500000000001,47.37755,607.8512037638479 8.505500000000001,47.37755,657.7312037638479 8.504900000000001,47.37755,657.7312037638479 8.504900000000001,47.37755,607.8512037638479</coordinates>
                    </LinearRing>
                  </outerBoundaryIs>
                </Polygon>
              </MultiGeometry>
            </Placemark>
          </Folder>
          <Folder>
            <name>E143: uss1_core interuss.automated_testing.flight_planning.v1.UpsertFlightPlan</name>
            <Folder>
              <name>Activity Completed, flight OffNominal</name>
              <Placemark>
                <name>Volume 0</name>
                <styleUrl>#InUse_OffNominal</styleUrl>
                <TimeSpan>
                  <begin>2026-05-11T08:06:57.183687+00:00</begin>
                  <end>2026-05-11T08:51:58.183687+00:00</end>
                </TimeSpan>
                <MultiGeometry>
                  <Polygon>
                    <altitudeMode>absolute</altitudeMode>
                    <outerBoundaryIs>
                      <LinearRing>
                        <coordinates>8.504900000000001,47.378,607.8510623441351 8.5051,47.37755,607.8510623441351 8.5053,47.37795,607.8510623441351 8.5051,47.3783,607.8510623441351</coordinates>
                      </LinearRing>
                    </outerBoundaryIs>
                  </Polygon>
                  <Polygon>
                    <altitudeMode>absolute</altitudeMode>
                    <outerBoundaryIs>
                      <LinearRing>
                        <coordinates>8.504900000000001,47.378,635.7310623441351 8.5051,47.37755,635.7310623441351 8.5053,47.37795,635.7310623441351 8.5051,47.3783,635.7310623441351</coordinates>
                      </LinearRing>
                    </outerBoundaryIs>
                  </Polygon>
                  <Polygon>
                    <altitudeMode>absolute</altitudeMode>
                    <outerBoundaryIs>
                      <LinearRing>
                        <coordinates>8.504900000000001,47.378,607.8510623441351 8.504900000000001,47.378,635.7310623441351 8.5051,47.37755,635.7310623441351 8.5051,47.37755,607.8510623441351</coordinates>
                      </LinearRing>
                    </outerBoundaryIs>
                  </Polygon>
                  <Polygon>
                    <altitudeMode>absolute</altitudeMode>
                    <outerBoundaryIs>
                      <LinearRing>
                        <coordinates>8.5051,47.37755,607.8510623441351 8.5051,47.37755,635.7310623441351 8.5053,47.37795,635.7310623441351 8.5053,47.37795,607.8510623441351</coordinates>
                      </LinearRing>
                    </outerBoundaryIs>
                  </Polygon>
                  <Polygon>
                    <altitudeMode>absolute</altitudeMode>
                    <outerBoundaryIs>
                      <LinearRing>
                        <coordinates>8.5053,47.37795,607.8510623441351 8.5053,47.37795,635.7310623441351 8.5051,47.3783,635.7310623441351 8.5051,47.3783,607.8510623441351</coordinates>
                      </LinearRing>
                    </outerBoundaryIs>
                  </Polygon>
                  <Polygon>
                    <altitudeMode>absolute</altitudeMode>
                    <outerBoundaryIs>
                      <LinearRing>
                        <coordinates>8.5051,47.3783,607.8510623441351 8.5051,47.3783,635.7310623441351 8.504900000000001,47.378,635.7310623441351 8.504900000000001,47.378,607.8510623441351</coordinates>
                      </LinearRing>
                    </outerBoundaryIs>
                  </Polygon>
                </MultiGeometry>
              </Placemark>
            </Folder>
          </Folder>
          <Folder>
            <name>E146: uss1_dss astm.f3548.v21.dss.queryOperationalIntentReferences</name>
            <Placemark>
              <name>area_of_interest</name>
              <styleUrl>#QueryArea</styleUrl>
              <description><![CDATA[<ul><li>uss1's Activated 7b048467-4d26-4b8c-b193-c008651c1ffe[3]</li><li>uss1's Nonconforming d0c9898f-6e0f-4a75-ac62-0277eadafede[2]</li></ul>]]></description>
              <TimeSpan>
                <begin>2026-05-11T08:06:56.866467+00:00</begin>
                <end>2026-05-11T08:51:58.183687+00:00</end>
              </TimeSpan>
              <MultiGeometry>
                <Polygon>
                  <altitudeMode>absolute</altitudeMode>
                  <outerBoundaryIs>
                    <LinearRing>
                      <coordinates>8.504900000000001,47.37755,607.8512037638479 8.504900000000001,47.3783,607.8512037638479 8.505500000000001,47.3783,607.8512037638479 8.505500000000001,47.37755,607.8512037638479</coordinates>
                    </LinearRing>
                  </outerBoundaryIs>
                </Polygon>
                <Polygon>
                  <altitudeMode>absolute</altitudeMode>
                  <outerBoundaryIs>
                    <LinearRing>
                      <coordinates>8.504900000000001,47.37755,657.7312037638479 8.504900000000001,47.3783,657.7312037638479 8.505500000000001,47.3783,657.7312037638479 8.505500000000001,47.37755,657.7312037638479</coordinates>
                    </LinearRing>
                  </outerBoundaryIs>
                </Polygon>
                <Polygon>
                  <altitudeMode>absolute</altitudeMode>
                  <outerBoundaryIs>
                    <LinearRing>
                      <coordinates>8.504900000000001,47.37755,607.8512037638479 8.504900000000001,47.37755,657.7312037638479 8.504900000000001,47.3783,657.7312037638479 8.504900000000001,47.3783,607.8512037638479</coordinates>
                    </LinearRing>
                  </outerBoundaryIs>
                </Polygon>
                <Polygon>
                  <altitudeMode>absolute</altitudeMode>
                  <outerBoundaryIs>
                    <LinearRing>
                      <coordinates>8.504900000000001,47.3783,607.8512037638479 8.504900000000001,47.3783,657.7312037638479 8.505500000000001,47.3783,657.7312037638479 8.505500000000001,47.3783,607.8512037638479</coordinates>
                    </LinearRing>
                  </outerBoundaryIs>
                </Polygon>
                <Polygon>
                  <altitudeMode>absolute</altitudeMode>
                  <outerBoundaryIs>
                    <LinearRing>
                      <coordinates>8.505500000000001,47.3783,607.8512037638479 8.505500000000001,47.3783,657.7312037638479 8.505500000000001,47.37755,657.7312037638479 8.505500000000001,47.37755,607.8512037638479</coordinates>
                    </LinearRing>
                  </outerBoundaryIs>
                </Polygon>
                <Polygon>
                  <altitudeMode>absolute</altitudeMode>
                  <outerBoundaryIs>
                    <LinearRing>
                      <coordinates>8.505500000000001,47.37755,607.8512037638479 8.505500000000001,47.37755,657.7312037638479 8.504900000000001,47.37755,657.7312037638479 8.504900000000001,47.37755,607.8512037638479</coordinates>
                    </LinearRing>
                  </outerBoundaryIs>
                </Polygon>
              </MultiGeometry>
            </Placemark>
          </Folder>
          <Folder>
            <name>E150: uss1_core astm.f3548.v21.uss.getOperationalIntentDetails</name>
            <Folder>
              <name>uss1's P0 Nonconforming d0c9898f-6e0f-4a75-ac62-0277eadafede[2] @ FTtzFHAJc.UvcIMERgufHDOExPVxrZeNyIQ5f5GXqzg_</name>
              <Placemark>
                <name>Off-nominal volume 0</name>
                <styleUrl>#F3548v21Nonconforming</styleUrl>
                <TimeSpan>
                  <begin>2026-05-11T08:06:57.183687+00:00</begin>
                  <end>2026-05-11T08:51:58.183687+00:00</end>
                </TimeSpan>
                <MultiGeometry>
                  <Polygon>
                    <altitudeMode>absolute</altitudeMode>
                    <outerBoundaryIs>
                      <LinearRing>
                        <coordinates>8.504900000000001,47.378,607.8510623441351 8.5051,47.37755,607.8510623441351 8.5053,47.37795,607.8510623441351 8.5051,47.3783,607.8510623441351</coordinates>
                      </LinearRing>
                    </outerBoundaryIs>
                  </Polygon>
                  <Polygon>
                    <altitudeMode>absolute</altitudeMode>
                    <outerBoundaryIs>
                      <LinearRing>
                        <coordinates>8.504900000000001,47.378,635.7310623441351 8.5051,47.37755,635.7310623441351 8.5053,47.37795,635.7310623441351 8.5051,47.3783,635.7310623441351</coordinates>
                      </LinearRing>
                    </outerBoundaryIs>
                  </Polygon>
                  <Polygon>
                    <altitudeMode>absolute</altitudeMode>
                    <outerBoundaryIs>
                      <LinearRing>
                        <coordinates>8.504900000000001,47.378,607.8510623441351 8.504900000000001,47.378,635.7310623441351 8.5051,47.37755,635.7310623441351 8.5051,47.37755,607.8510623441351</coordinates>
                      </LinearRing>
                    </outerBoundaryIs>
                  </Polygon>
                  <Polygon>
                    <altitudeMode>absolute</altitudeMode>
                    <outerBoundaryIs>
                      <LinearRing>
                        <coordinates>8.5051,47.37755,607.8510623441351 8.5051,47.37755,635.7310623441351 8.5053,47.37795,635.7310623441351 8.5053,47.37795,607.8510623441351</coordinates>
                      </LinearRing>
                    </outerBoundaryIs>
                  </Polygon>
                  <Polygon>
                    <altitudeMode>absolute</altitudeMode>
                    <outerBoundaryIs>
                      <LinearRing>
                        <coordinates>8.5053,47.37795,607.8510623441351 8.5053,47.37795,635.7310623441351 8.5051,47.3783,635.7310623441351 8.5051,47.3783,607.8510623441351</coordinates>
                      </LinearRing>
                    </outerBoundaryIs>
                  </Polygon>
                  <Polygon>
                    <altitudeMode>absolute</altitudeMode>
                    <outerBoundaryIs>
                      <LinearRing>
                        <coordinates>8.5051,47.3783,607.8510623441351 8.5051,47.3783,635.7310623441351 8.504900000000001,47.378,635.7310623441351 8.504900000000001,47.378,607.8510623441351</coordinates>
                      </LinearRing>
                    </outerBoundaryIs>
                  </Polygon>
                </MultiGeometry>
              </Placemark>
            </Folder>
          </Folder>
        </Folder>
        <Folder>
          <name>Attempt to modify activated Flight 1 in conflict with nonconforming Flight 2</name>
          <Folder>
            <name>E156: uss1_dss astm.f3548.v21.dss.queryOperationalIntentReferences</name>
            <Placemark>
              <name>area_of_interest</name>
              <styleUrl>#QueryArea</styleUrl>
              <description><![CDATA[<ul><li>uss1's Activated 7b048467-4d26-4b8c-b193-c008651c1ffe[3]</li><li>uss1's Nonconforming d0c9898f-6e0f-4a75-ac62-0277eadafede[2]</li></ul>]]></description>
              <TimeSpan>
                <begin>2026-05-11T08:06:56.508680+00:00</begin>
                <end>2026-05-11T08:51:58.589952+00:00</end>
              </TimeSpan>
              <MultiGeometry>
                <Polygon>
                  <altitudeMode>absolute</altitudeMode>
                  <outerBoundaryIs>
                    <LinearRing>
                      <coordinates>8.504950000000001,47.37755,577.6813893796152 8.504950000000001,47.377900000000004,577.6813893796152 8.505650000000001,47.377900000000004,577.6813893796152 8.505650000000001,47.37755,577.6813893796152</coordinates>
                    </LinearRing>
                  </outerBoundaryIs>
                </Polygon>
                <Polygon>
                  <altitudeMode>absolute</altitudeMode>
                  <outerBoundaryIs>
                    <LinearRing>
                      <coordinates>8.504950000000001,47.37755,637.7313893796152 8.504950000000001,47.377900000000004,637.7313893796152 8.505650000000001,47.377900000000004,637.7313893796152 8.505650000000001,47.37755,637.7313893796152</coordinates>
                    </LinearRing>
                  </outerBoundaryIs>
                </Polygon>
                <Polygon>
                  <altitudeMode>absolute</altitudeMode>
                  <outerBoundaryIs>
                    <LinearRing>
                      <coordinates>8.504950000000001,47.37755,577.6813893796152 8.504950000000001,47.37755,637.7313893796152 8.504950000000001,47.377900000000004,637.7313893796152 8.504950000000001,47.377900000000004,577.6813893796152</coordinates>
                    </LinearRing>
                  </outerBoundaryIs>
                </Polygon>
                <Polygon>
                  <altitudeMode>absolute</altitudeMode>
                  <outerBoundaryIs>
                    <LinearRing>
                      <coordinates>8.504950000000001,47.377900000000004,577.6813893796152 8.504950000000001,47.377900000000004,637.7313893796152 8.505650000000001,47.377900000000004,637.7313893796152 8.505650000000001,47.377900000000004,577.6813893796152</coordinates>
                    </LinearRing>
                  </outerBoundaryIs>
                </Polygon>
                <Polygon>
                  <altitudeMode>absolute</altitudeMode>
                  <outerBoundaryIs>
                    <LinearRing>
                      <coordinates>8.505650000000001,47.377900000000004,577.6813893796152 8.505650000000001,47.377900000000004,637.7313893796152 8.505650000000001,47.37755,637.7313893796152 8.505650000000001,47.37755,577.6813893796152</coordinates>
                    </LinearRing>
                  </outerBoundaryIs>
                </Polygon>
                <Polygon>
                  <altitudeMode>absolute</altitudeMode>
                  <outerBoundaryIs>
                    <LinearRing>
                      <coordinates>8.505650000000001,47.37755,577.6813893796152 8.505650000000001,47.37755,637.7313893796152 8.504950000000001,47.37755,637.7313893796152 8.504950000000001,47.37755,577.6813893796152</coordinates>
                    </LinearRing>
                  </outerBoundaryIs>
                </Polygon>
              </MultiGeometry>
            </Placemark>
          </Folder>
          <Folder>
            <name>E158: uss1_core interuss.automated_testing.flight_planning.v1.UpsertFlightPlan</name>
            <Folder>
              <name>Activity Rejected, flight OkToFly</name>
              <Placemark>
                <name>Volume 0</name>
                <styleUrl>#InUse_Nominal</styleUrl>
                <TimeSpan>
                  <begin>2026-05-11T08:06:57.589952+00:00</begin>
                  <end>2026-05-11T08:51:58.589952+00:00</end>
                </TimeSpan>
                <MultiGeometry>
                  <Polygon>
                    <altitudeMode>absolute</altitudeMode>
                    <outerBoundaryIs>
                      <LinearRing>
                        <coordinates>8.5052,47.3776,577.6815381138005 8.5052,47.377900000000004,577.6815381138005 8.505600000000001,47.377900000000004,577.6815381138005 8.505650000000001,47.37755,577.6815381138005</coordinates>
                      </LinearRing>
                    </outerBoundaryIs>
                  </Polygon>
                  <Polygon>
                    <altitudeMode>absolute</altitudeMode>
                    <outerBoundaryIs>
                      <LinearRing>
                        <coordinates>8.5052,47.3776,637.7315381138004 8.5052,47.377900000000004,637.7315381138004 8.505600000000001,47.377900000000004,637.7315381138004 8.505650000000001,47.37755,637.7315381138004</coordinates>
                      </LinearRing>
                    </outerBoundaryIs>
                  </Polygon>
                  <Polygon>
                    <altitudeMode>absolute</altitudeMode>
                    <outerBoundaryIs>
                      <LinearRing>
                        <coordinates>8.5052,47.3776,577.6815381138005 8.5052,47.3776,637.7315381138004 8.5052,47.377900000000004,637.7315381138004 8.5052,47.377900000000004,577.6815381138005</coordinates>
                      </LinearRing>
                    </outerBoundaryIs>
                  </Polygon>
                  <Polygon>
                    <altitudeMode>absolute</altitudeMode>
                    <outerBoundaryIs>
                      <LinearRing>
                        <coordinates>8.5052,47.377900000000004,577.6815381138005 8.5052,47.377900000000004,637.7315381138004 8.505600000000001,47.377900000000004,637.7315381138004 8.505600000000001,47.377900000000004,577.6815381138005</coordinates>
                      </LinearRing>
                    </outerBoundaryIs>
                  </Polygon>
                  <Polygon>
                    <altitudeMode>absolute</altitudeMode>
                    <outerBoundaryIs>
                      <LinearRing>
                        <coordinates>8.505600000000001,47.377900000000004,577.6815381138005 8.505600000000001,47.377900000000004,637.7315381138004 8.505650000000001,47.37755,637.7315381138004 8.505650000000001,47.37755,577.6815381138005</coordinates>
                      </LinearRing>
                    </outerBoundaryIs>
                  </Polygon>
                  <Polygon>
                    <altitudeMode>absolute</altitudeMode>
                    <outerBoundaryIs>
                      <LinearRing>
                        <coordinates>8.505650000000001,47.37755,577.6815381138005 8.505650000000001,47.37755,637.7315381138004 8.5052,47.3776,637.7315381138004 8.5052,47.3776,577.6815381138005</coordinates>
                      </LinearRing>
                    </outerBoundaryIs>
                  </Polygon>
                </MultiGeometry>
              </Placemark>
            </Folder>
          </Folder>
          <Folder>
            <name>E161: uss1_dss astm.f3548.v21.dss.queryOperationalIntentReferences</name>
            <Placemark>
              <name>area_of_interest</name>
              <styleUrl>#QueryArea</styleUrl>
              <description><![CDATA[<ul><li>uss1's Activated 7b048467-4d26-4b8c-b193-c008651c1ffe[3]</li><li>uss1's Nonconforming d0c9898f-6e0f-4a75-ac62-0277eadafede[2]</li></ul>]]></description>
              <TimeSpan>
                <begin>2026-05-11T08:06:56.508680+00:00</begin>
                <end>2026-05-11T08:51:58.589952+00:00</end>
              </TimeSpan>
              <MultiGeometry>
                <Polygon>
                  <altitudeMode>absolute</altitudeMode>
                  <outerBoundaryIs>
                    <LinearRing>
                      <coordinates>8.504950000000001,47.37755,577.6813893796152 8.504950000000001,47.377900000000004,577.6813893796152 8.505650000000001,47.377900000000004,577.6813893796152 8.505650000000001,47.37755,577.6813893796152</coordinates>
                    </LinearRing>
                  </outerBoundaryIs>
                </Polygon>
                <Polygon>
                  <altitudeMode>absolute</altitudeMode>
                  <outerBoundaryIs>
                    <LinearRing>
                      <coordinates>8.504950000000001,47.37755,637.7313893796152 8.504950000000001,47.377900000000004,637.7313893796152 8.505650000000001,47.377900000000004,637.7313893796152 8.505650000000001,47.37755,637.7313893796152</coordinates>
                    </LinearRing>
                  </outerBoundaryIs>
                </Polygon>
                <Polygon>
                  <altitudeMode>absolute</altitudeMode>
                  <outerBoundaryIs>
                    <LinearRing>
                      <coordinates>8.504950000000001,47.37755,577.6813893796152 8.504950000000001,47.37755,637.7313893796152 8.504950000000001,47.377900000000004,637.7313893796152 8.504950000000001,47.377900000000004,577.6813893796152</coordinates>
                    </LinearRing>
                  </outerBoundaryIs>
                </Polygon>
                <Polygon>
                  <altitudeMode>absolute</altitudeMode>
                  <outerBoundaryIs>
                    <LinearRing>
                      <coordinates>8.504950000000001,47.377900000000004,577.6813893796152 8.504950000000001,47.377900000000004,637.7313893796152 8.505650000000001,47.377900000000004,637.7313893796152 8.505650000000001,47.377900000000004,577.6813893796152</coordinates>
                    </LinearRing>
                  </outerBoundaryIs>
                </Polygon>
                <Polygon>
                  <altitudeMode>absolute</altitudeMode>
                  <outerBoundaryIs>
                    <LinearRing>
                      <coordinates>8.505650000000001,47.377900000000004,577.6813893796152 8.505650000000001,47.377900000000004,637.7313893796152 8.505650000000001,47.37755,637.7313893796152 8.505650000000001,47.37755,577.6813893796152</coordinates>
                    </LinearRing>
                  </outerBoundaryIs>
                </Polygon>
                <Polygon>
                  <altitudeMode>absolute</altitudeMode>
                  <outerBoundaryIs>
                    <LinearRing>
                      <coordinates>8.505650000000001,47.37755,577.6813893796152 8.505650000000001,47.37755,637.7313893796152 8.504950000000001,47.37755,637.7313893796152 8.504950000000001,47.37755,577.6813893796152</coordinates>
                    </LinearRing>
                  </outerBoundaryIs>
                </Polygon>
              </MultiGeometry>
            </Placemark>
          </Folder>
        </Folder>
      </Folder>
      <Folder>
        <name/>
        <Folder>
          <name>Cleanup</name>
        </Folder>
      </Folder>
    </Folder>
  </Document>
</kml>
