<kml xmlns="http://www.opengis.net/kml/2.2" xmlns:atom="http://www.w3.org/2005/Atom" xmlns:gx="http://www.google.com/kml/ext/2.2">
  <Document>
    <Style id="QueryArea">
      <LineStyle>
        <color>ffc0c000</color>
        <width>3</width>
      </LineStyle>
      <PolyStyle>
        <color>80ffffaa</color>
      </PolyStyle>
    </Style>
    <Style id="F3548v21Accepted">
      <LineStyle>
        <color>ff00c000</color>
        <width>3</width>
      </LineStyle>
      <PolyStyle>
        <color>80c0c0c0</color>
      </PolyStyle>
    </Style>
    <Style id="F3548v21Activated">
      <LineStyle>
        <color>ff00c000</color>
        <width>3</width>
      </LineStyle>
      <PolyStyle>
        <color>8000ff00</color>
      </PolyStyle>
    </Style>
    <Style id="F3548v21Nonconforming">
      <LineStyle>
        <color>ff00ffff</color>
        <width>5</width>
      </LineStyle>
      <PolyStyle>
        <color>8000ffff</color>
      </PolyStyle>
    </Style>
    <Style id="F3548v21Contingent">
      <LineStyle>
        <color>ff0000ff</color>
        <width>5</width>
      </LineStyle>
      <PolyStyle>
        <color>80ff0000ff</color>
      </PolyStyle>
    </Style>
    <Style id="F3548v21AcceptedFuture">
      <LineStyle>
        <color>80c0c0c0</color>
        <width>1</width>
      </LineStyle>
      <PolyStyle>
        <color>00000000</color>
      </PolyStyle>
    </Style>
    <Style id="F3548v21ActivatedFuture">
      <LineStyle>
        <color>8040c040</color>
        <width>1</width>
      </LineStyle>
      <PolyStyle>
        <color>00000000</color>
      </PolyStyle>
    </Style>
    <Style id="F3548v21NonconformingFuture">
      <LineStyle>
        <color>8000ffff</color>
        <width>1</width>
      </LineStyle>
      <PolyStyle>
        <color>00000000</color>
      </PolyStyle>
    </Style>
    <Style id="F3548v21ContingentFuture">
      <LineStyle>
        <color>80ff0000ff</color>
        <width>1</width>
      </LineStyle>
      <PolyStyle>
        <color>00000000</color>
      </PolyStyle>
    </Style>
    <Style id="Planned_Nominal">
      <LineStyle>
        <color>ff00c000</color>
        <width>3</width>
      </LineStyle>
      <PolyStyle>
        <color>80808080</color>
      </PolyStyle>
    </Style>
    <Style id="InUse_Nominal">
      <LineStyle>
        <color>ff00c000</color>
        <width>3</width>
      </LineStyle>
      <PolyStyle>
        <color>8000ff00</color>
      </PolyStyle>
    </Style>
    <Style id="InUse_OffNominal">
      <LineStyle>
        <color>ff00ffff</color>
        <width>5</width>
      </LineStyle>
      <PolyStyle>
        <color>8000ff00</color>
      </PolyStyle>
    </Style>
    <Style id="InUse_Contingent">
      <LineStyle>
        <color>ff0000ff</color>
        <width>5</width>
      </LineStyle>
      <PolyStyle>
        <color>8000ff00</color>
      </PolyStyle>
    </Style>
    <Folder>
      <name>Nominal planning: not permitted conflict with equal priority</name>
      <Folder>
        <name>Prerequisites check</name>
        <Folder>
          <name>Verify area is clear</name>
          <Folder>
            <name>E3: uss1_dss astm.f3548.v21.dss.queryOperationalIntentReferences</name>
            <Placemark>
              <name>area_of_interest</name>
              <styleUrl>#QueryArea</styleUrl>
              <description><![CDATA[(no operational intent references found)]]></description>
              <TimeSpan>
                <begin>2025-11-19T07:25:47.188241+00:00</begin>
                <end>2025-11-19T08:55:48.188241+00:00</end>
              </TimeSpan>
              <MultiGeometry>
                <Polygon>
                  <altitudeMode>absolute</altitudeMode>
                  <outerBoundaryIs>
                    <LinearRing>
                      <coordinates>8.504900000000001,47.37755,577.6813050468143 8.504900000000001,47.3783,577.6813050468143 8.505650000000001,47.3783,577.6813050468143 8.505650000000001,47.37755,577.6813050468143</coordinates>
                    </LinearRing>
                  </outerBoundaryIs>
                </Polygon>
                <Polygon>
                  <altitudeMode>absolute</altitudeMode>
                  <outerBoundaryIs>
                    <LinearRing>
                      <coordinates>8.504900000000001,47.37755,657.7313050468142 8.504900000000001,47.3783,657.7313050468142 8.505650000000001,47.3783,657.7313050468142 8.505650000000001,47.37755,657.7313050468142</coordinates>
                    </LinearRing>
                  </outerBoundaryIs>
                </Polygon>
                <Polygon>
                  <altitudeMode>absolute</altitudeMode>
                  <outerBoundaryIs>
                    <LinearRing>
                      <coordinates>8.504900000000001,47.37755,577.6813050468143 8.504900000000001,47.37755,657.7313050468142 8.504900000000001,47.3783,657.7313050468142 8.504900000000001,47.3783,577.6813050468143</coordinates>
                    </LinearRing>
                  </outerBoundaryIs>
                </Polygon>
                <Polygon>
                  <altitudeMode>absolute</altitudeMode>
                  <outerBoundaryIs>
                    <LinearRing>
                      <coordinates>8.504900000000001,47.3783,577.6813050468143 8.504900000000001,47.3783,657.7313050468142 8.505650000000001,47.3783,657.7313050468142 8.505650000000001,47.3783,577.6813050468143</coordinates>
                    </LinearRing>
                  </outerBoundaryIs>
                </Polygon>
                <Polygon>
                  <altitudeMode>absolute</altitudeMode>
                  <outerBoundaryIs>
                    <LinearRing>
                      <coordinates>8.505650000000001,47.3783,577.6813050468143 8.505650000000001,47.3783,657.7313050468142 8.505650000000001,47.37755,657.7313050468142 8.505650000000001,47.37755,577.6813050468143</coordinates>
                    </LinearRing>
                  </outerBoundaryIs>
                </Polygon>
                <Polygon>
                  <altitudeMode>absolute</altitudeMode>
                  <outerBoundaryIs>
                    <LinearRing>
                      <coordinates>8.505650000000001,47.37755,577.6813050468143 8.505650000000001,47.37755,657.7313050468142 8.504900000000001,47.37755,657.7313050468142 8.504900000000001,47.37755,577.6813050468143</coordinates>
                    </LinearRing>
                  </outerBoundaryIs>
                </Polygon>
              </MultiGeometry>
            </Placemark>
          </Folder>
        </Folder>
      </Folder>
      <Folder>
        <name>Attempt to plan flight into conflict</name>
        <Folder>
          <name>Plan Flight 2</name>
          <Folder>
            <name>E6: uss1_dss astm.f3548.v21.dss.queryOperationalIntentReferences</name>
            <Placemark>
              <name>area_of_interest</name>
              <styleUrl>#QueryArea</styleUrl>
              <description><![CDATA[(no operational intent references found)]]></description>
              <TimeSpan>
                <begin>2025-11-19T07:28:46.393626+00:00</begin>
                <end>2025-11-19T08:13:47.393626+00:00</end>
              </TimeSpan>
              <MultiGeometry>
                <Polygon>
                  <altitudeMode>absolute</altitudeMode>
                  <outerBoundaryIs>
                    <LinearRing>
                      <coordinates>8.504900000000001,47.37755,607.8310687200343 8.504900000000001,47.3783,607.8310687200343 8.5053,47.3783,607.8310687200343 8.5053,47.37755,607.8310687200343</coordinates>
                    </LinearRing>
                  </outerBoundaryIs>
                </Polygon>
                <Polygon>
                  <altitudeMode>absolute</altitudeMode>
                  <outerBoundaryIs>
                    <LinearRing>
                      <coordinates>8.504900000000001,47.37755,635.7310687200343 8.504900000000001,47.3783,635.7310687200343 8.5053,47.3783,635.7310687200343 8.5053,47.37755,635.7310687200343</coordinates>
                    </LinearRing>
                  </outerBoundaryIs>
                </Polygon>
                <Polygon>
                  <altitudeMode>absolute</altitudeMode>
                  <outerBoundaryIs>
                    <LinearRing>
                      <coordinates>8.504900000000001,47.37755,607.8310687200343 8.504900000000001,47.37755,635.7310687200343 8.504900000000001,47.3783,635.7310687200343 8.504900000000001,47.3783,607.8310687200343</coordinates>
                    </LinearRing>
                  </outerBoundaryIs>
                </Polygon>
                <Polygon>
                  <altitudeMode>absolute</altitudeMode>
                  <outerBoundaryIs>
                    <LinearRing>
                      <coordinates>8.504900000000001,47.3783,607.8310687200343 8.504900000000001,47.3783,635.7310687200343 8.5053,47.3783,635.7310687200343 8.5053,47.3783,607.8310687200343</coordinates>
                    </LinearRing>
                  </outerBoundaryIs>
                </Polygon>
                <Polygon>
                  <altitudeMode>absolute</altitudeMode>
                  <outerBoundaryIs>
                    <LinearRing>
                      <coordinates>8.5053,47.3783,607.8310687200343 8.5053,47.3783,635.7310687200343 8.5053,47.37755,635.7310687200343 8.5053,47.37755,607.8310687200343</coordinates>
                    </LinearRing>
                  </outerBoundaryIs>
                </Polygon>
                <Polygon>
                  <altitudeMode>absolute</altitudeMode>
                  <outerBoundaryIs>
                    <LinearRing>
                      <coordinates>8.5053,47.37755,607.8310687200343 8.5053,47.37755,635.7310687200343 8.504900000000001,47.37755,635.7310687200343 8.504900000000001,47.37755,607.8310687200343</coordinates>
                    </LinearRing>
                  </outerBoundaryIs>
                </Polygon>
              </MultiGeometry>
            </Placemark>
          </Folder>
          <Folder>
            <name>E8: uss2_core interuss.automated_testing.flight_planning.v1.UpsertFlightPlan</name>
            <Folder>
              <name>Activity Completed, flight Planned</name>
              <Placemark>
                <name>Volume 0</name>
                <styleUrl>#Planned_Nominal</styleUrl>
                <TimeSpan>
                  <begin>2025-11-19T07:28:46.393626+00:00</begin>
                  <end>2025-11-19T08:13:47.393626+00:00</end>
                </TimeSpan>
                <MultiGeometry>
                  <Polygon>
                    <altitudeMode>absolute</altitudeMode>
                    <outerBoundaryIs>
                      <LinearRing>
                        <coordinates>8.504900000000001,47.378,607.8310623441351 8.5051,47.37755,607.8310623441351 8.5053,47.37795,607.8310623441351 8.5051,47.3783,607.8310623441351</coordinates>
                      </LinearRing>
                    </outerBoundaryIs>
                  </Polygon>
                  <Polygon>
                    <altitudeMode>absolute</altitudeMode>
                    <outerBoundaryIs>
                      <LinearRing>
                        <coordinates>8.504900000000001,47.378,635.7310623441351 8.5051,47.37755,635.7310623441351 8.5053,47.37795,635.7310623441351 8.5051,47.3783,635.7310623441351</coordinates>
                      </LinearRing>
                    </outerBoundaryIs>
                  </Polygon>
                  <Polygon>
                    <altitudeMode>absolute</altitudeMode>
                    <outerBoundaryIs>
                      <LinearRing>
                        <coordinates>8.504900000000001,47.378,607.8310623441351 8.504900000000001,47.378,635.7310623441351 8.5051,47.37755,635.7310623441351 8.5051,47.37755,607.8310623441351</coordinates>
                      </LinearRing>
                    </outerBoundaryIs>
                  </Polygon>
                  <Polygon>
                    <altitudeMode>absolute</altitudeMode>
                    <outerBoundaryIs>
                      <LinearRing>
                        <coordinates>8.5051,47.37755,607.8310623441351 8.5051,47.37755,635.7310623441351 8.5053,47.37795,635.7310623441351 8.5053,47.37795,607.8310623441351</coordinates>
                      </LinearRing>
                    </outerBoundaryIs>
                  </Polygon>
                  <Polygon>
                    <altitudeMode>absolute</altitudeMode>
                    <outerBoundaryIs>
                      <LinearRing>
                        <coordinates>8.5053,47.37795,607.8310623441351 8.5053,47.37795,635.7310623441351 8.5051,47.3783,635.7310623441351 8.5051,47.3783,607.8310623441351</coordinates>
                      </LinearRing>
                    </outerBoundaryIs>
                  </Polygon>
                  <Polygon>
                    <altitudeMode>absolute</altitudeMode>
                    <outerBoundaryIs>
                      <LinearRing>
                        <coordinates>8.5051,47.3783,607.8310623441351 8.5051,47.3783,635.7310623441351 8.504900000000001,47.378,635.7310623441351 8.504900000000001,47.378,607.8310623441351</coordinates>
                      </LinearRing>
                    </outerBoundaryIs>
                  </Polygon>
                </MultiGeometry>
              </Placemark>
            </Folder>
          </Folder>
          <Folder>
            <name>E11: uss1_dss astm.f3548.v21.dss.queryOperationalIntentReferences</name>
            <Placemark>
              <name>area_of_interest</name>
              <styleUrl>#QueryArea</styleUrl>
              <description><![CDATA[<ul><li>fake_uss's Accepted f00debd9-680b-4410-8977-541fa58c9d88[1]</li></ul>]]></description>
              <TimeSpan>
                <begin>2025-11-19T07:28:46.393626+00:00</begin>
                <end>2025-11-19T08:13:47.393626+00:00</end>
              </TimeSpan>
              <MultiGeometry>
                <Polygon>
                  <altitudeMode>absolute</altitudeMode>
                  <outerBoundaryIs>
                    <LinearRing>
                      <coordinates>8.504900000000001,47.37755,607.8310687200343 8.504900000000001,47.3783,607.8310687200343 8.5053,47.3783,607.8310687200343 8.5053,47.37755,607.8310687200343</coordinates>
                    </LinearRing>
                  </outerBoundaryIs>
                </Polygon>
                <Polygon>
                  <altitudeMode>absolute</altitudeMode>
                  <outerBoundaryIs>
                    <LinearRing>
                      <coordinates>8.504900000000001,47.37755,635.7310687200343 8.504900000000001,47.3783,635.7310687200343 8.5053,47.3783,635.7310687200343 8.5053,47.37755,635.7310687200343</coordinates>
                    </LinearRing>
                  </outerBoundaryIs>
                </Polygon>
                <Polygon>
                  <altitudeMode>absolute</altitudeMode>
                  <outerBoundaryIs>
                    <LinearRing>
                      <coordinates>8.504900000000001,47.37755,607.8310687200343 8.504900000000001,47.37755,635.7310687200343 8.504900000000001,47.3783,635.7310687200343 8.504900000000001,47.3783,607.8310687200343</coordinates>
                    </LinearRing>
                  </outerBoundaryIs>
                </Polygon>
                <Polygon>
                  <altitudeMode>absolute</altitudeMode>
                  <outerBoundaryIs>
                    <LinearRing>
                      <coordinates>8.504900000000001,47.3783,607.8310687200343 8.504900000000001,47.3783,635.7310687200343 8.5053,47.3783,635.7310687200343 8.5053,47.3783,607.8310687200343</coordinates>
                    </LinearRing>
                  </outerBoundaryIs>
                </Polygon>
                <Polygon>
                  <altitudeMode>absolute</altitudeMode>
                  <outerBoundaryIs>
                    <LinearRing>
                      <coordinates>8.5053,47.3783,607.8310687200343 8.5053,47.3783,635.7310687200343 8.5053,47.37755,635.7310687200343 8.5053,47.37755,607.8310687200343</coordinates>
                    </LinearRing>
                  </outerBoundaryIs>
                </Polygon>
                <Polygon>
                  <altitudeMode>absolute</altitudeMode>
                  <outerBoundaryIs>
                    <LinearRing>
                      <coordinates>8.5053,47.37755,607.8310687200343 8.5053,47.37755,635.7310687200343 8.504900000000001,47.37755,635.7310687200343 8.504900000000001,47.37755,607.8310687200343</coordinates>
                    </LinearRing>
                  </outerBoundaryIs>
                </Polygon>
              </MultiGeometry>
            </Placemark>
          </Folder>
          <Folder>
            <name>E15: uss2_core astm.f3548.v21.uss.getOperationalIntentDetails</name>
            <Folder>
              <name>fake_uss's P0 Accepted f00debd9-680b-4410-8977-541fa58c9d88[1] @ rhjifX8tMGUPytsfjlMQrK1rzxE-Tq8McAJdLaLjDB8_</name>
              <Placemark>
                <name>Nominal volume 0</name>
                <styleUrl>#F3548v21Accepted</styleUrl>
                <TimeSpan>
                  <begin>2025-11-19T07:28:46+00:00</begin>
                  <end>2025-11-19T08:13:57+00:00</end>
                </TimeSpan>
                <MultiGeometry>
                  <Polygon>
                    <altitudeMode>absolute</altitudeMode>
                    <outerBoundaryIs>
                      <LinearRing>
                        <coordinates>8.5049,47.37755,-47.26893127996569 8.5053,47.37755,-47.26893127996569 8.5053,47.3783,-47.26893127996569 8.5049,47.3783,-47.26893127996569</coordinates>
                      </LinearRing>
                    </outerBoundaryIs>
                  </Polygon>
                  <Polygon>
                    <altitudeMode>absolute</altitudeMode>
                    <outerBoundaryIs>
                      <LinearRing>
                        <coordinates>8.5049,47.37755,635.7310687200343 8.5053,47.37755,635.7310687200343 8.5053,47.3783,635.7310687200343 8.5049,47.3783,635.7310687200343</coordinates>
                      </LinearRing>
                    </outerBoundaryIs>
                  </Polygon>
                  <Polygon>
                    <altitudeMode>absolute</altitudeMode>
                    <outerBoundaryIs>
                      <LinearRing>
                        <coordinates>8.5049,47.37755,-47.26893127996569 8.5049,47.37755,635.7310687200343 8.5053,47.37755,635.7310687200343 8.5053,47.37755,-47.26893127996569</coordinates>
                      </LinearRing>
                    </outerBoundaryIs>
                  </Polygon>
                  <Polygon>
                    <altitudeMode>absolute</altitudeMode>
                    <outerBoundaryIs>
                      <LinearRing>
                        <coordinates>8.5053,47.37755,-47.26893127996569 8.5053,47.37755,635.7310687200343 8.5053,47.3783,635.7310687200343 8.5053,47.3783,-47.26893127996569</coordinates>
                      </LinearRing>
                    </outerBoundaryIs>
                  </Polygon>
                  <Polygon>
                    <altitudeMode>absolute</altitudeMode>
                    <outerBoundaryIs>
                      <LinearRing>
                        <coordinates>8.5053,47.3783,-47.26893127996569 8.5053,47.3783,635.7310687200343 8.5049,47.3783,635.7310687200343 8.5049,47.3783,-47.26893127996569</coordinates>
                      </LinearRing>
                    </outerBoundaryIs>
                  </Polygon>
                  <Polygon>
                    <altitudeMode>absolute</altitudeMode>
                    <outerBoundaryIs>
                      <LinearRing>
                        <coordinates>8.5049,47.3783,-47.26893127996569 8.5049,47.3783,635.7310687200343 8.5049,47.37755,635.7310687200343 8.5049,47.37755,-47.26893127996569</coordinates>
                      </LinearRing>
                    </outerBoundaryIs>
                  </Polygon>
                </MultiGeometry>
              </Placemark>
            </Folder>
          </Folder>
        </Folder>
        <Folder>
          <name>Activate Flight 2</name>
          <Folder>
            <name>E21: uss1_dss astm.f3548.v21.dss.queryOperationalIntentReferences</name>
            <Placemark>
              <name>area_of_interest</name>
              <styleUrl>#QueryArea</styleUrl>
              <description><![CDATA[<ul><li>fake_uss's Accepted f00debd9-680b-4410-8977-541fa58c9d88[1]</li></ul>]]></description>
              <TimeSpan>
                <begin>2025-11-19T07:28:48.240892+00:00</begin>
                <end>2025-11-19T08:13:49.240892+00:00</end>
              </TimeSpan>
              <MultiGeometry>
                <Polygon>
                  <altitudeMode>absolute</altitudeMode>
                  <outerBoundaryIs>
                    <LinearRing>
                      <coordinates>8.504900000000001,47.37755,607.8410687200343 8.504900000000001,47.3783,607.8410687200343 8.5053,47.3783,607.8410687200343 8.5053,47.37755,607.8410687200343</coordinates>
                    </LinearRing>
                  </outerBoundaryIs>
                </Polygon>
                <Polygon>
                  <altitudeMode>absolute</altitudeMode>
                  <outerBoundaryIs>
                    <LinearRing>
                      <coordinates>8.504900000000001,47.37755,635.7310687200343 8.504900000000001,47.3783,635.7310687200343 8.5053,47.3783,635.7310687200343 8.5053,47.37755,635.7310687200343</coordinates>
                    </LinearRing>
                  </outerBoundaryIs>
                </Polygon>
                <Polygon>
                  <altitudeMode>absolute</altitudeMode>
                  <outerBoundaryIs>
                    <LinearRing>
                      <coordinates>8.504900000000001,47.37755,607.8410687200343 8.504900000000001,47.37755,635.7310687200343 8.504900000000001,47.3783,635.7310687200343 8.504900000000001,47.3783,607.8410687200343</coordinates>
                    </LinearRing>
                  </outerBoundaryIs>
                </Polygon>
                <Polygon>
                  <altitudeMode>absolute</altitudeMode>
                  <outerBoundaryIs>
                    <LinearRing>
                      <coordinates>8.504900000000001,47.3783,607.8410687200343 8.504900000000001,47.3783,635.7310687200343 8.5053,47.3783,635.7310687200343 8.5053,47.3783,607.8410687200343</coordinates>
                    </LinearRing>
                  </outerBoundaryIs>
                </Polygon>
                <Polygon>
                  <altitudeMode>absolute</altitudeMode>
                  <outerBoundaryIs>
                    <LinearRing>
                      <coordinates>8.5053,47.3783,607.8410687200343 8.5053,47.3783,635.7310687200343 8.5053,47.37755,635.7310687200343 8.5053,47.37755,607.8410687200343</coordinates>
                    </LinearRing>
                  </outerBoundaryIs>
                </Polygon>
                <Polygon>
                  <altitudeMode>absolute</altitudeMode>
                  <outerBoundaryIs>
                    <LinearRing>
                      <coordinates>8.5053,47.37755,607.8410687200343 8.5053,47.37755,635.7310687200343 8.504900000000001,47.37755,635.7310687200343 8.504900000000001,47.37755,607.8410687200343</coordinates>
                    </LinearRing>
                  </outerBoundaryIs>
                </Polygon>
              </MultiGeometry>
            </Placemark>
          </Folder>
          <Folder>
            <name>E23: uss2_core interuss.automated_testing.flight_planning.v1.UpsertFlightPlan</name>
            <Folder>
              <name>Activity Completed, flight OkToFly</name>
              <Placemark>
                <name>Volume 0</name>
                <styleUrl>#InUse_Nominal</styleUrl>
                <TimeSpan>
                  <begin>2025-11-19T07:28:48.240892+00:00</begin>
                  <end>2025-11-19T08:13:49.240892+00:00</end>
                </TimeSpan>
                <MultiGeometry>
                  <Polygon>
                    <altitudeMode>absolute</altitudeMode>
                    <outerBoundaryIs>
                      <LinearRing>
                        <coordinates>8.504900000000001,47.378,607.8410623441351 8.5051,47.37755,607.8410623441351 8.5053,47.37795,607.8410623441351 8.5051,47.3783,607.8410623441351</coordinates>
                      </LinearRing>
                    </outerBoundaryIs>
                  </Polygon>
                  <Polygon>
                    <altitudeMode>absolute</altitudeMode>
                    <outerBoundaryIs>
                      <LinearRing>
                        <coordinates>8.504900000000001,47.378,635.7310623441351 8.5051,47.37755,635.7310623441351 8.5053,47.37795,635.7310623441351 8.5051,47.3783,635.7310623441351</coordinates>
                      </LinearRing>
                    </outerBoundaryIs>
                  </Polygon>
                  <Polygon>
                    <altitudeMode>absolute</altitudeMode>
                    <outerBoundaryIs>
                      <LinearRing>
                        <coordinates>8.504900000000001,47.378,607.8410623441351 8.504900000000001,47.378,635.7310623441351 8.5051,47.37755,635.7310623441351 8.5051,47.37755,607.8410623441351</coordinates>
                      </LinearRing>
                    </outerBoundaryIs>
                  </Polygon>
                  <Polygon>
                    <altitudeMode>absolute</altitudeMode>
                    <outerBoundaryIs>
                      <LinearRing>
                        <coordinates>8.5051,47.37755,607.8410623441351 8.5051,47.37755,635.7310623441351 8.5053,47.37795,635.7310623441351 8.5053,47.37795,607.8410623441351</coordinates>
                      </LinearRing>
                    </outerBoundaryIs>
                  </Polygon>
                  <Polygon>
                    <altitudeMode>absolute</altitudeMode>
                    <outerBoundaryIs>
                      <LinearRing>
                        <coordinates>8.5053,47.37795,607.8410623441351 8.5053,47.37795,635.7310623441351 8.5051,47.3783,635.7310623441351 8.5051,47.3783,607.8410623441351</coordinates>
                      </LinearRing>
                    </outerBoundaryIs>
                  </Polygon>
                  <Polygon>
                    <altitudeMode>absolute</altitudeMode>
                    <outerBoundaryIs>
                      <LinearRing>
                        <coordinates>8.5051,47.3783,607.8410623441351 8.5051,47.3783,635.7310623441351 8.504900000000001,47.378,635.7310623441351 8.504900000000001,47.378,607.8410623441351</coordinates>
                      </LinearRing>
                    </outerBoundaryIs>
                  </Polygon>
                </MultiGeometry>
              </Placemark>
            </Folder>
          </Folder>
          <Folder>
            <name>E26: uss1_dss astm.f3548.v21.dss.queryOperationalIntentReferences</name>
            <Placemark>
              <name>area_of_interest</name>
              <styleUrl>#QueryArea</styleUrl>
              <description><![CDATA[<ul><li>fake_uss's Activated f00debd9-680b-4410-8977-541fa58c9d88[3]</li></ul>]]></description>
              <TimeSpan>
                <begin>2025-11-19T07:28:48.240892+00:00</begin>
                <end>2025-11-19T08:13:49.240892+00:00</end>
              </TimeSpan>
              <MultiGeometry>
                <Polygon>
                  <altitudeMode>absolute</altitudeMode>
                  <outerBoundaryIs>
                    <LinearRing>
                      <coordinates>8.504900000000001,47.37755,607.8410687200343 8.504900000000001,47.3783,607.8410687200343 8.5053,47.3783,607.8410687200343 8.5053,47.37755,607.8410687200343</coordinates>
                    </LinearRing>
                  </outerBoundaryIs>
                </Polygon>
                <Polygon>
                  <altitudeMode>absolute</altitudeMode>
                  <outerBoundaryIs>
                    <LinearRing>
                      <coordinates>8.504900000000001,47.37755,635.7310687200343 8.504900000000001,47.3783,635.7310687200343 8.5053,47.3783,635.7310687200343 8.5053,47.37755,635.7310687200343</coordinates>
                    </LinearRing>
                  </outerBoundaryIs>
                </Polygon>
                <Polygon>
                  <altitudeMode>absolute</altitudeMode>
                  <outerBoundaryIs>
                    <LinearRing>
                      <coordinates>8.504900000000001,47.37755,607.8410687200343 8.504900000000001,47.37755,635.7310687200343 8.504900000000001,47.3783,635.7310687200343 8.504900000000001,47.3783,607.8410687200343</coordinates>
                    </LinearRing>
                  </outerBoundaryIs>
                </Polygon>
                <Polygon>
                  <altitudeMode>absolute</altitudeMode>
                  <outerBoundaryIs>
                    <LinearRing>
                      <coordinates>8.504900000000001,47.3783,607.8410687200343 8.504900000000001,47.3783,635.7310687200343 8.5053,47.3783,635.7310687200343 8.5053,47.3783,607.8410687200343</coordinates>
                    </LinearRing>
                  </outerBoundaryIs>
                </Polygon>
                <Polygon>
                  <altitudeMode>absolute</altitudeMode>
                  <outerBoundaryIs>
                    <LinearRing>
                      <coordinates>8.5053,47.3783,607.8410687200343 8.5053,47.3783,635.7310687200343 8.5053,47.37755,635.7310687200343 8.5053,47.37755,607.8410687200343</coordinates>
                    </LinearRing>
                  </outerBoundaryIs>
                </Polygon>
                <Polygon>
                  <altitudeMode>absolute</altitudeMode>
                  <outerBoundaryIs>
                    <LinearRing>
                      <coordinates>8.5053,47.37755,607.8410687200343 8.5053,47.37755,635.7310687200343 8.504900000000001,47.37755,635.7310687200343 8.504900000000001,47.37755,607.8410687200343</coordinates>
                    </LinearRing>
                  </outerBoundaryIs>
                </Polygon>
              </MultiGeometry>
            </Placemark>
          </Folder>
          <Folder>
            <name>E31: uss2_core astm.f3548.v21.uss.getOperationalIntentDetails</name>
            <Folder>
              <name>fake_uss's P0 Activated f00debd9-680b-4410-8977-541fa58c9d88[3] @ YCAsStzRrnd5qSJNC.iE3IXdcOk4TPriFR4eRt2PTE0_</name>
              <Placemark>
                <name>Nominal volume 0</name>
                <styleUrl>#F3548v21Activated</styleUrl>
                <TimeSpan>
                  <begin>2025-11-19T07:28:48+00:00</begin>
                  <end>2025-11-19T08:13:50+00:00</end>
                </TimeSpan>
                <MultiGeometry>
                  <Polygon>
                    <altitudeMode>absolute</altitudeMode>
                    <outerBoundaryIs>
                      <LinearRing>
                        <coordinates>8.5049,47.37755,-47.26893127996569 8.5053,47.37755,-47.26893127996569 8.5053,47.3783,-47.26893127996569 8.5049,47.3783,-47.26893127996569</coordinates>
                      </LinearRing>
                    </outerBoundaryIs>
                  </Polygon>
                  <Polygon>
                    <altitudeMode>absolute</altitudeMode>
                    <outerBoundaryIs>
                      <LinearRing>
                        <coordinates>8.5049,47.37755,635.7310687200343 8.5053,47.37755,635.7310687200343 8.5053,47.3783,635.7310687200343 8.5049,47.3783,635.7310687200343</coordinates>
                      </LinearRing>
                    </outerBoundaryIs>
                  </Polygon>
                  <Polygon>
                    <altitudeMode>absolute</altitudeMode>
                    <outerBoundaryIs>
                      <LinearRing>
                        <coordinates>8.5049,47.37755,-47.26893127996569 8.5049,47.37755,635.7310687200343 8.5053,47.37755,635.7310687200343 8.5053,47.37755,-47.26893127996569</coordinates>
                      </LinearRing>
                    </outerBoundaryIs>
                  </Polygon>
                  <Polygon>
                    <altitudeMode>absolute</altitudeMode>
                    <outerBoundaryIs>
                      <LinearRing>
                        <coordinates>8.5053,47.37755,-47.26893127996569 8.5053,47.37755,635.7310687200343 8.5053,47.3783,635.7310687200343 8.5053,47.3783,-47.26893127996569</coordinates>
                      </LinearRing>
                    </outerBoundaryIs>
                  </Polygon>
                  <Polygon>
                    <altitudeMode>absolute</altitudeMode>
                    <outerBoundaryIs>
                      <LinearRing>
                        <coordinates>8.5053,47.3783,-47.26893127996569 8.5053,47.3783,635.7310687200343 8.5049,47.3783,635.7310687200343 8.5049,47.3783,-47.26893127996569</coordinates>
                      </LinearRing>
                    </outerBoundaryIs>
                  </Polygon>
                  <Polygon>
                    <altitudeMode>absolute</altitudeMode>
                    <outerBoundaryIs>
                      <LinearRing>
                        <coordinates>8.5049,47.3783,-47.26893127996569 8.5049,47.3783,635.7310687200343 8.5049,47.37755,635.7310687200343 8.5049,47.37755,-47.26893127996569</coordinates>
                      </LinearRing>
                    </outerBoundaryIs>
                  </Polygon>
                </MultiGeometry>
              </Placemark>
            </Folder>
          </Folder>
        </Folder>
        <Folder>
          <name>Attempt to plan Flight 1</name>
          <Folder>
            <name>E37: uss1_dss astm.f3548.v21.dss.queryOperationalIntentReferences</name>
            <Placemark>
              <name>area_of_interest</name>
              <styleUrl>#QueryArea</styleUrl>
              <description><![CDATA[<ul><li>fake_uss's Activated f00debd9-680b-4410-8977-541fa58c9d88[3]</li></ul>]]></description>
              <TimeSpan>
                <begin>2025-11-19T07:28:52.389224+00:00</begin>
                <end>2025-11-19T08:13:53.389224+00:00</end>
              </TimeSpan>
              <MultiGeometry>
                <Polygon>
                  <altitudeMode>absolute</altitudeMode>
                  <outerBoundaryIs>
                    <LinearRing>
                      <coordinates>8.504950000000001,47.37755,607.7413893796152 8.504950000000001,47.377900000000004,607.7413893796152 8.505650000000001,47.377900000000004,607.7413893796152 8.505650000000001,47.37755,607.7413893796152</coordinates>
                    </LinearRing>
                  </outerBoundaryIs>
                </Polygon>
                <Polygon>
                  <altitudeMode>absolute</altitudeMode>
                  <outerBoundaryIs>
                    <LinearRing>
                      <coordinates>8.504950000000001,47.37755,637.7313893796152 8.504950000000001,47.377900000000004,637.7313893796152 8.505650000000001,47.377900000000004,637.7313893796152 8.505650000000001,47.37755,637.7313893796152</coordinates>
                    </LinearRing>
                  </outerBoundaryIs>
                </Polygon>
                <Polygon>
                  <altitudeMode>absolute</altitudeMode>
                  <outerBoundaryIs>
                    <LinearRing>
                      <coordinates>8.504950000000001,47.37755,607.7413893796152 8.504950000000001,47.37755,637.7313893796152 8.504950000000001,47.377900000000004,637.7313893796152 8.504950000000001,47.377900000000004,607.7413893796152</coordinates>
                    </LinearRing>
                  </outerBoundaryIs>
                </Polygon>
                <Polygon>
                  <altitudeMode>absolute</altitudeMode>
                  <outerBoundaryIs>
                    <LinearRing>
                      <coordinates>8.504950000000001,47.377900000000004,607.7413893796152 8.504950000000001,47.377900000000004,637.7313893796152 8.505650000000001,47.377900000000004,637.7313893796152 8.505650000000001,47.377900000000004,607.7413893796152</coordinates>
                    </LinearRing>
                  </outerBoundaryIs>
                </Polygon>
                <Polygon>
                  <altitudeMode>absolute</altitudeMode>
                  <outerBoundaryIs>
                    <LinearRing>
                      <coordinates>8.505650000000001,47.377900000000004,607.7413893796152 8.505650000000001,47.377900000000004,637.7313893796152 8.505650000000001,47.37755,637.7313893796152 8.505650000000001,47.37755,607.7413893796152</coordinates>
                    </LinearRing>
                  </outerBoundaryIs>
                </Polygon>
                <Polygon>
                  <altitudeMode>absolute</altitudeMode>
                  <outerBoundaryIs>
                    <LinearRing>
                      <coordinates>8.505650000000001,47.37755,607.7413893796152 8.505650000000001,47.37755,637.7313893796152 8.504950000000001,47.37755,637.7313893796152 8.504950000000001,47.37755,607.7413893796152</coordinates>
                    </LinearRing>
                  </outerBoundaryIs>
                </Polygon>
              </MultiGeometry>
            </Placemark>
          </Folder>
          <Folder>
            <name>E39: uss2_core interuss.automated_testing.flight_planning.v1.UpsertFlightPlan</name>
            <Folder>
              <name>Activity Rejected, flight NotPlanned</name>
              <Placemark>
                <name>Volume 0</name>
                <styleUrl>#Planned_Nominal</styleUrl>
                <TimeSpan>
                  <begin>2025-11-19T07:28:52.389224+00:00</begin>
                  <end>2025-11-19T08:13:53.389224+00:00</end>
                </TimeSpan>
                <MultiGeometry>
                  <Polygon>
                    <altitudeMode>absolute</altitudeMode>
                    <outerBoundaryIs>
                      <LinearRing>
                        <coordinates>8.504950000000001,47.3776,607.7413693616395 8.504950000000001,47.377900000000004,607.7413693616395 8.505600000000001,47.377900000000004,607.7413693616395 8.505650000000001,47.37755,607.7413693616395</coordinates>
                      </LinearRing>
                    </outerBoundaryIs>
                  </Polygon>
                  <Polygon>
                    <altitudeMode>absolute</altitudeMode>
                    <outerBoundaryIs>
                      <LinearRing>
                        <coordinates>8.504950000000001,47.3776,637.7313693616395 8.504950000000001,47.377900000000004,637.7313693616395 8.505600000000001,47.377900000000004,637.7313693616395 8.505650000000001,47.37755,637.7313693616395</coordinates>
                      </LinearRing>
                    </outerBoundaryIs>
                  </Polygon>
                  <Polygon>
                    <altitudeMode>absolute</altitudeMode>
                    <outerBoundaryIs>
                      <LinearRing>
                        <coordinates>8.504950000000001,47.3776,607.7413693616395 8.504950000000001,47.3776,637.7313693616395 8.504950000000001,47.377900000000004,637.7313693616395 8.504950000000001,47.377900000000004,607.7413693616395</coordinates>
                      </LinearRing>
                    </outerBoundaryIs>
                  </Polygon>
                  <Polygon>
                    <altitudeMode>absolute</altitudeMode>
                    <outerBoundaryIs>
                      <LinearRing>
                        <coordinates>8.504950000000001,47.377900000000004,607.7413693616395 8.504950000000001,47.377900000000004,637.7313693616395 8.505600000000001,47.377900000000004,637.7313693616395 8.505600000000001,47.377900000000004,607.7413693616395</coordinates>
                      </LinearRing>
                    </outerBoundaryIs>
                  </Polygon>
                  <Polygon>
                    <altitudeMode>absolute</altitudeMode>
                    <outerBoundaryIs>
                      <LinearRing>
                        <coordinates>8.505600000000001,47.377900000000004,607.7413693616395 8.505600000000001,47.377900000000004,637.7313693616395 8.505650000000001,47.37755,637.7313693616395 8.505650000000001,47.37755,607.7413693616395</coordinates>
                      </LinearRing>
                    </outerBoundaryIs>
                  </Polygon>
                  <Polygon>
                    <altitudeMode>absolute</altitudeMode>
                    <outerBoundaryIs>
                      <LinearRing>
                        <coordinates>8.505650000000001,47.37755,607.7413693616395 8.505650000000001,47.37755,637.7313693616395 8.504950000000001,47.3776,637.7313693616395 8.504950000000001,47.3776,607.7413693616395</coordinates>
                      </LinearRing>
                    </outerBoundaryIs>
                  </Polygon>
                </MultiGeometry>
              </Placemark>
            </Folder>
          </Folder>
          <Folder>
            <name>E42: uss1_dss astm.f3548.v21.dss.queryOperationalIntentReferences</name>
            <Placemark>
              <name>area_of_interest</name>
              <styleUrl>#QueryArea</styleUrl>
              <description><![CDATA[<ul><li>fake_uss's Activated f00debd9-680b-4410-8977-541fa58c9d88[3]</li></ul>]]></description>
              <TimeSpan>
                <begin>2025-11-19T07:28:52.389224+00:00</begin>
                <end>2025-11-19T08:13:53.389224+00:00</end>
              </TimeSpan>
              <MultiGeometry>
                <Polygon>
                  <altitudeMode>absolute</altitudeMode>
                  <outerBoundaryIs>
                    <LinearRing>
                      <coordinates>8.504950000000001,47.37755,607.7413893796152 8.504950000000001,47.377900000000004,607.7413893796152 8.505650000000001,47.377900000000004,607.7413893796152 8.505650000000001,47.37755,607.7413893796152</coordinates>
                    </LinearRing>
                  </outerBoundaryIs>
                </Polygon>
                <Polygon>
                  <altitudeMode>absolute</altitudeMode>
                  <outerBoundaryIs>
                    <LinearRing>
                      <coordinates>8.504950000000001,47.37755,637.7313893796152 8.504950000000001,47.377900000000004,637.7313893796152 8.505650000000001,47.377900000000004,637.7313893796152 8.505650000000001,47.37755,637.7313893796152</coordinates>
                    </LinearRing>
                  </outerBoundaryIs>
                </Polygon>
                <Polygon>
                  <altitudeMode>absolute</altitudeMode>
                  <outerBoundaryIs>
                    <LinearRing>
                      <coordinates>8.504950000000001,47.37755,607.7413893796152 8.504950000000001,47.37755,637.7313893796152 8.504950000000001,47.377900000000004,637.7313893796152 8.504950000000001,47.377900000000004,607.7413893796152</coordinates>
                    </LinearRing>
                  </outerBoundaryIs>
                </Polygon>
                <Polygon>
                  <altitudeMode>absolute</altitudeMode>
                  <outerBoundaryIs>
                    <LinearRing>
                      <coordinates>8.504950000000001,47.377900000000004,607.7413893796152 8.504950000000001,47.377900000000004,637.7313893796152 8.505650000000001,47.377900000000004,637.7313893796152 8.505650000000001,47.377900000000004,607.7413893796152</coordinates>
                    </LinearRing>
                  </outerBoundaryIs>
                </Polygon>
                <Polygon>
                  <altitudeMode>absolute</altitudeMode>
                  <outerBoundaryIs>
                    <LinearRing>
                      <coordinates>8.505650000000001,47.377900000000004,607.7413893796152 8.505650000000001,47.377900000000004,637.7313893796152 8.505650000000001,47.37755,637.7313893796152 8.505650000000001,47.37755,607.7413893796152</coordinates>
                    </LinearRing>
                  </outerBoundaryIs>
                </Polygon>
                <Polygon>
                  <altitudeMode>absolute</altitudeMode>
                  <outerBoundaryIs>
                    <LinearRing>
                      <coordinates>8.505650000000001,47.37755,607.7413893796152 8.505650000000001,47.37755,637.7313893796152 8.504950000000001,47.37755,637.7313893796152 8.504950000000001,47.37755,607.7413893796152</coordinates>
                    </LinearRing>
                  </outerBoundaryIs>
                </Polygon>
              </MultiGeometry>
            </Placemark>
          </Folder>
        </Folder>
      </Folder>
      <Folder>
        <name>Attempt to activate flight into conflict</name>
        <Folder>
          <name>Attempt to directly activate conflicting Flight 1</name>
          <Folder>
            <name>E45: uss1_dss astm.f3548.v21.dss.queryOperationalIntentReferences</name>
            <Placemark>
              <name>area_of_interest</name>
              <styleUrl>#QueryArea</styleUrl>
              <description><![CDATA[<ul><li>fake_uss's Activated f00debd9-680b-4410-8977-541fa58c9d88[3]</li></ul>]]></description>
              <TimeSpan>
                <begin>2025-11-19T07:28:53.714881+00:00</begin>
                <end>2025-11-19T08:13:54.714881+00:00</end>
              </TimeSpan>
              <MultiGeometry>
                <Polygon>
                  <altitudeMode>absolute</altitudeMode>
                  <outerBoundaryIs>
                    <LinearRing>
                      <coordinates>8.504950000000001,47.37755,607.7513893796151 8.504950000000001,47.377900000000004,607.7513893796151 8.505650000000001,47.377900000000004,607.7513893796151 8.505650000000001,47.37755,607.7513893796151</coordinates>
                    </LinearRing>
                  </outerBoundaryIs>
                </Polygon>
                <Polygon>
                  <altitudeMode>absolute</altitudeMode>
                  <outerBoundaryIs>
                    <LinearRing>
                      <coordinates>8.504950000000001,47.37755,637.7313893796152 8.504950000000001,47.377900000000004,637.7313893796152 8.505650000000001,47.377900000000004,637.7313893796152 8.505650000000001,47.37755,637.7313893796152</coordinates>
                    </LinearRing>
                  </outerBoundaryIs>
                </Polygon>
                <Polygon>
                  <altitudeMode>absolute</altitudeMode>
                  <outerBoundaryIs>
                    <LinearRing>
                      <coordinates>8.504950000000001,47.37755,607.7513893796151 8.504950000000001,47.37755,637.7313893796152 8.504950000000001,47.377900000000004,637.7313893796152 8.504950000000001,47.377900000000004,607.7513893796151</coordinates>
                    </LinearRing>
                  </outerBoundaryIs>
                </Polygon>
                <Polygon>
                  <altitudeMode>absolute</altitudeMode>
                  <outerBoundaryIs>
                    <LinearRing>
                      <coordinates>8.504950000000001,47.377900000000004,607.7513893796151 8.504950000000001,47.377900000000004,637.7313893796152 8.505650000000001,47.377900000000004,637.7313893796152 8.505650000000001,47.377900000000004,607.7513893796151</coordinates>
                    </LinearRing>
                  </outerBoundaryIs>
                </Polygon>
                <Polygon>
                  <altitudeMode>absolute</altitudeMode>
                  <outerBoundaryIs>
                    <LinearRing>
                      <coordinates>8.505650000000001,47.377900000000004,607.7513893796151 8.505650000000001,47.377900000000004,637.7313893796152 8.505650000000001,47.37755,637.7313893796152 8.505650000000001,47.37755,607.7513893796151</coordinates>
                    </LinearRing>
                  </outerBoundaryIs>
                </Polygon>
                <Polygon>
                  <altitudeMode>absolute</altitudeMode>
                  <outerBoundaryIs>
                    <LinearRing>
                      <coordinates>8.505650000000001,47.37755,607.7513893796151 8.505650000000001,47.37755,637.7313893796152 8.504950000000001,47.37755,637.7313893796152 8.504950000000001,47.37755,607.7513893796151</coordinates>
                    </LinearRing>
                  </outerBoundaryIs>
                </Polygon>
              </MultiGeometry>
            </Placemark>
          </Folder>
          <Folder>
            <name>E47: uss2_core interuss.automated_testing.flight_planning.v1.UpsertFlightPlan</name>
            <Folder>
              <name>Activity Rejected, flight NotPlanned</name>
              <Placemark>
                <name>Volume 0</name>
                <styleUrl>#InUse_Nominal</styleUrl>
                <TimeSpan>
                  <begin>2025-11-19T07:28:53.714881+00:00</begin>
                  <end>2025-11-19T08:13:54.714881+00:00</end>
                </TimeSpan>
                <MultiGeometry>
                  <Polygon>
                    <altitudeMode>absolute</altitudeMode>
                    <outerBoundaryIs>
                      <LinearRing>
                        <coordinates>8.504950000000001,47.3776,607.7513693616395 8.504950000000001,47.377900000000004,607.7513693616395 8.505600000000001,47.377900000000004,607.7513693616395 8.505650000000001,47.37755,607.7513693616395</coordinates>
                      </LinearRing>
                    </outerBoundaryIs>
                  </Polygon>
                  <Polygon>
                    <altitudeMode>absolute</altitudeMode>
                    <outerBoundaryIs>
                      <LinearRing>
                        <coordinates>8.504950000000001,47.3776,637.7313693616395 8.504950000000001,47.377900000000004,637.7313693616395 8.505600000000001,47.377900000000004,637.7313693616395 8.505650000000001,47.37755,637.7313693616395</coordinates>
                      </LinearRing>
                    </outerBoundaryIs>
                  </Polygon>
                  <Polygon>
                    <altitudeMode>absolute</altitudeMode>
                    <outerBoundaryIs>
                      <LinearRing>
                        <coordinates>8.504950000000001,47.3776,607.7513693616395 8.504950000000001,47.3776,637.7313693616395 8.504950000000001,47.377900000000004,637.7313693616395 8.504950000000001,47.377900000000004,607.7513693616395</coordinates>
                      </LinearRing>
                    </outerBoundaryIs>
                  </Polygon>
                  <Polygon>
                    <altitudeMode>absolute</altitudeMode>
                    <outerBoundaryIs>
                      <LinearRing>
                        <coordinates>8.504950000000001,47.377900000000004,607.7513693616395 8.504950000000001,47.377900000000004,637.7313693616395 8.505600000000001,47.377900000000004,637.7313693616395 8.505600000000001,47.377900000000004,607.7513693616395</coordinates>
                      </LinearRing>
                    </outerBoundaryIs>
                  </Polygon>
                  <Polygon>
                    <altitudeMode>absolute</altitudeMode>
                    <outerBoundaryIs>
                      <LinearRing>
                        <coordinates>8.505600000000001,47.377900000000004,607.7513693616395 8.505600000000001,47.377900000000004,637.7313693616395 8.505650000000001,47.37755,637.7313693616395 8.505650000000001,47.37755,607.7513693616395</coordinates>
                      </LinearRing>
                    </outerBoundaryIs>
                  </Polygon>
                  <Polygon>
                    <altitudeMode>absolute</altitudeMode>
                    <outerBoundaryIs>
                      <LinearRing>
                        <coordinates>8.505650000000001,47.37755,607.7513693616395 8.505650000000001,47.37755,637.7313693616395 8.504950000000001,47.3776,637.7313693616395 8.504950000000001,47.3776,607.7513693616395</coordinates>
                      </LinearRing>
                    </outerBoundaryIs>
                  </Polygon>
                </MultiGeometry>
              </Placemark>
            </Folder>
          </Folder>
          <Folder>
            <name>E50: uss1_dss astm.f3548.v21.dss.queryOperationalIntentReferences</name>
            <Placemark>
              <name>area_of_interest</name>
              <styleUrl>#QueryArea</styleUrl>
              <description><![CDATA[<ul><li>fake_uss's Activated f00debd9-680b-4410-8977-541fa58c9d88[3]</li></ul>]]></description>
              <TimeSpan>
                <begin>2025-11-19T07:28:53.714881+00:00</begin>
                <end>2025-11-19T08:13:54.714881+00:00</end>
              </TimeSpan>
              <MultiGeometry>
                <Polygon>
                  <altitudeMode>absolute</altitudeMode>
                  <outerBoundaryIs>
                    <LinearRing>
                      <coordinates>8.504950000000001,47.37755,607.7513893796151 8.504950000000001,47.377900000000004,607.7513893796151 8.505650000000001,47.377900000000004,607.7513893796151 8.505650000000001,47.37755,607.7513893796151</coordinates>
                    </LinearRing>
                  </outerBoundaryIs>
                </Polygon>
                <Polygon>
                  <altitudeMode>absolute</altitudeMode>
                  <outerBoundaryIs>
                    <LinearRing>
                      <coordinates>8.504950000000001,47.37755,637.7313893796152 8.504950000000001,47.377900000000004,637.7313893796152 8.505650000000001,47.377900000000004,637.7313893796152 8.505650000000001,47.37755,637.7313893796152</coordinates>
                    </LinearRing>
                  </outerBoundaryIs>
                </Polygon>
                <Polygon>
                  <altitudeMode>absolute</altitudeMode>
                  <outerBoundaryIs>
                    <LinearRing>
                      <coordinates>8.504950000000001,47.37755,607.7513893796151 8.504950000000001,47.37755,637.7313893796152 8.504950000000001,47.377900000000004,637.7313893796152 8.504950000000001,47.377900000000004,607.7513893796151</coordinates>
                    </LinearRing>
                  </outerBoundaryIs>
                </Polygon>
                <Polygon>
                  <altitudeMode>absolute</altitudeMode>
                  <outerBoundaryIs>
                    <LinearRing>
                      <coordinates>8.504950000000001,47.377900000000004,607.7513893796151 8.504950000000001,47.377900000000004,637.7313893796152 8.505650000000001,47.377900000000004,637.7313893796152 8.505650000000001,47.377900000000004,607.7513893796151</coordinates>
                    </LinearRing>
                  </outerBoundaryIs>
                </Polygon>
                <Polygon>
                  <altitudeMode>absolute</altitudeMode>
                  <outerBoundaryIs>
                    <LinearRing>
                      <coordinates>8.505650000000001,47.377900000000004,607.7513893796151 8.505650000000001,47.377900000000004,637.7313893796152 8.505650000000001,47.37755,637.7313893796152 8.505650000000001,47.37755,607.7513893796151</coordinates>
                    </LinearRing>
                  </outerBoundaryIs>
                </Polygon>
                <Polygon>
                  <altitudeMode>absolute</altitudeMode>
                  <outerBoundaryIs>
                    <LinearRing>
                      <coordinates>8.505650000000001,47.37755,607.7513893796151 8.505650000000001,47.37755,637.7313893796152 8.504950000000001,47.37755,637.7313893796152 8.504950000000001,47.37755,607.7513893796151</coordinates>
                    </LinearRing>
                  </outerBoundaryIs>
                </Polygon>
              </MultiGeometry>
            </Placemark>
          </Folder>
        </Folder>
      </Folder>
      <Folder>
        <name>Attempt to modify planned flight into conflict</name>
        <Folder>
          <name>Plan Flight 1c</name>
          <Folder>
            <name>E53: uss1_dss astm.f3548.v21.dss.queryOperationalIntentReferences</name>
            <Placemark>
              <name>area_of_interest</name>
              <styleUrl>#QueryArea</styleUrl>
              <description><![CDATA[<ul><li>fake_uss's Activated f00debd9-680b-4410-8977-541fa58c9d88[3]</li></ul>]]></description>
              <TimeSpan>
                <begin>2025-11-19T07:28:55.299229+00:00</begin>
                <end>2025-11-19T08:13:56.299229+00:00</end>
              </TimeSpan>
              <MultiGeometry>
                <Polygon>
                  <altitudeMode>absolute</altitudeMode>
                  <outerBoundaryIs>
                    <LinearRing>
                      <coordinates>8.5054,47.37755,602.6916931273757 8.5054,47.377900000000004,602.6916931273757 8.505650000000001,47.377900000000004,602.6916931273757 8.505650000000001,47.37755,602.6916931273757</coordinates>
                    </LinearRing>
                  </outerBoundaryIs>
                </Polygon>
                <Polygon>
                  <altitudeMode>absolute</altitudeMode>
                  <outerBoundaryIs>
                    <LinearRing>
                      <coordinates>8.5054,47.37755,642.7316931273757 8.5054,47.377900000000004,642.7316931273757 8.505650000000001,47.377900000000004,642.7316931273757 8.505650000000001,47.37755,642.7316931273757</coordinates>
                    </LinearRing>
                  </outerBoundaryIs>
                </Polygon>
                <Polygon>
                  <altitudeMode>absolute</altitudeMode>
                  <outerBoundaryIs>
                    <LinearRing>
                      <coordinates>8.5054,47.37755,602.6916931273757 8.5054,47.37755,642.7316931273757 8.5054,47.377900000000004,642.7316931273757 8.5054,47.377900000000004,602.6916931273757</coordinates>
                    </LinearRing>
                  </outerBoundaryIs>
                </Polygon>
                <Polygon>
                  <altitudeMode>absolute</altitudeMode>
                  <outerBoundaryIs>
                    <LinearRing>
                      <coordinates>8.5054,47.377900000000004,602.6916931273757 8.5054,47.377900000000004,642.7316931273757 8.505650000000001,47.377900000000004,642.7316931273757 8.505650000000001,47.377900000000004,602.6916931273757</coordinates>
                    </LinearRing>
                  </outerBoundaryIs>
                </Polygon>
                <Polygon>
                  <altitudeMode>absolute</altitudeMode>
                  <outerBoundaryIs>
                    <LinearRing>
                      <coordinates>8.505650000000001,47.377900000000004,602.6916931273757 8.505650000000001,47.377900000000004,642.7316931273757 8.505650000000001,47.37755,642.7316931273757 8.505650000000001,47.37755,602.6916931273757</coordinates>
                    </LinearRing>
                  </outerBoundaryIs>
                </Polygon>
                <Polygon>
                  <altitudeMode>absolute</altitudeMode>
                  <outerBoundaryIs>
                    <LinearRing>
                      <coordinates>8.505650000000001,47.37755,602.6916931273757 8.505650000000001,47.37755,642.7316931273757 8.5054,47.37755,642.7316931273757 8.5054,47.37755,602.6916931273757</coordinates>
                    </LinearRing>
                  </outerBoundaryIs>
                </Polygon>
              </MultiGeometry>
            </Placemark>
          </Folder>
          <Folder>
            <name>E55: uss2_core interuss.automated_testing.flight_planning.v1.UpsertFlightPlan</name>
            <Folder>
              <name>Activity Completed, flight Planned</name>
              <Placemark>
                <name>Volume 0</name>
                <styleUrl>#Planned_Nominal</styleUrl>
                <TimeSpan>
                  <begin>2025-11-19T07:28:55.299229+00:00</begin>
                  <end>2025-11-19T08:13:56.299229+00:00</end>
                </TimeSpan>
                <MultiGeometry>
                  <Polygon>
                    <altitudeMode>absolute</altitudeMode>
                    <outerBoundaryIs>
                      <LinearRing>
                        <coordinates>8.5054,47.3776,602.6916731157153 8.5054,47.377900000000004,602.6916731157153 8.505600000000001,47.377900000000004,602.6916731157153 8.505650000000001,47.37755,602.6916731157153</coordinates>
                      </LinearRing>
                    </outerBoundaryIs>
                  </Polygon>
                  <Polygon>
                    <altitudeMode>absolute</altitudeMode>
                    <outerBoundaryIs>
                      <LinearRing>
                        <coordinates>8.5054,47.3776,642.7316731157152 8.5054,47.377900000000004,642.7316731157152 8.505600000000001,47.377900000000004,642.7316731157152 8.505650000000001,47.37755,642.7316731157152</coordinates>
                      </LinearRing>
                    </outerBoundaryIs>
                  </Polygon>
                  <Polygon>
                    <altitudeMode>absolute</altitudeMode>
                    <outerBoundaryIs>
                      <LinearRing>
                        <coordinates>8.5054,47.3776,602.6916731157153 8.5054,47.3776,642.7316731157152 8.5054,47.377900000000004,642.7316731157152 8.5054,47.377900000000004,602.6916731157153</coordinates>
                      </LinearRing>
                    </outerBoundaryIs>
                  </Polygon>
                  <Polygon>
                    <altitudeMode>absolute</altitudeMode>
                    <outerBoundaryIs>
                      <LinearRing>
                        <coordinates>8.5054,47.377900000000004,602.6916731157153 8.5054,47.377900000000004,642.7316731157152 8.505600000000001,47.377900000000004,642.7316731157152 8.505600000000001,47.377900000000004,602.6916731157153</coordinates>
                      </LinearRing>
                    </outerBoundaryIs>
                  </Polygon>
                  <Polygon>
                    <altitudeMode>absolute</altitudeMode>
                    <outerBoundaryIs>
                      <LinearRing>
                        <coordinates>8.505600000000001,47.377900000000004,602.6916731157153 8.505600000000001,47.377900000000004,642.7316731157152 8.505650000000001,47.37755,642.7316731157152 8.505650000000001,47.37755,602.6916731157153</coordinates>
                      </LinearRing>
                    </outerBoundaryIs>
                  </Polygon>
                  <Polygon>
                    <altitudeMode>absolute</altitudeMode>
                    <outerBoundaryIs>
                      <LinearRing>
                        <coordinates>8.505650000000001,47.37755,602.6916731157153 8.505650000000001,47.37755,642.7316731157152 8.5054,47.3776,642.7316731157152 8.5054,47.3776,602.6916731157153</coordinates>
                      </LinearRing>
                    </outerBoundaryIs>
                  </Polygon>
                </MultiGeometry>
              </Placemark>
            </Folder>
          </Folder>
          <Folder>
            <name>E59: uss1_dss astm.f3548.v21.dss.queryOperationalIntentReferences</name>
            <Placemark>
              <name>area_of_interest</name>
              <styleUrl>#QueryArea</styleUrl>
              <description><![CDATA[<ul><li>fake_uss's Accepted 768e7e18-55e1-4829-a393-e041d3bac00d[1]</li><li>fake_uss's Activated f00debd9-680b-4410-8977-541fa58c9d88[3]</li></ul>]]></description>
              <TimeSpan>
                <begin>2025-11-19T07:28:55.299229+00:00</begin>
                <end>2025-11-19T08:13:56.299229+00:00</end>
              </TimeSpan>
              <MultiGeometry>
                <Polygon>
                  <altitudeMode>absolute</altitudeMode>
                  <outerBoundaryIs>
                    <LinearRing>
                      <coordinates>8.5054,47.37755,602.6916931273757 8.5054,47.377900000000004,602.6916931273757 8.505650000000001,47.377900000000004,602.6916931273757 8.505650000000001,47.37755,602.6916931273757</coordinates>
                    </LinearRing>
                  </outerBoundaryIs>
                </Polygon>
                <Polygon>
                  <altitudeMode>absolute</altitudeMode>
                  <outerBoundaryIs>
                    <LinearRing>
                      <coordinates>8.5054,47.37755,642.7316931273757 8.5054,47.377900000000004,642.7316931273757 8.505650000000001,47.377900000000004,642.7316931273757 8.505650000000001,47.37755,642.7316931273757</coordinates>
                    </LinearRing>
                  </outerBoundaryIs>
                </Polygon>
                <Polygon>
                  <altitudeMode>absolute</altitudeMode>
                  <outerBoundaryIs>
                    <LinearRing>
                      <coordinates>8.5054,47.37755,602.6916931273757 8.5054,47.37755,642.7316931273757 8.5054,47.377900000000004,642.7316931273757 8.5054,47.377900000000004,602.6916931273757</coordinates>
                    </LinearRing>
                  </outerBoundaryIs>
                </Polygon>
                <Polygon>
                  <altitudeMode>absolute</altitudeMode>
                  <outerBoundaryIs>
                    <LinearRing>
                      <coordinates>8.5054,47.377900000000004,602.6916931273757 8.5054,47.377900000000004,642.7316931273757 8.505650000000001,47.377900000000004,642.7316931273757 8.505650000000001,47.377900000000004,602.6916931273757</coordinates>
                    </LinearRing>
                  </outerBoundaryIs>
                </Polygon>
                <Polygon>
                  <altitudeMode>absolute</altitudeMode>
                  <outerBoundaryIs>
                    <LinearRing>
                      <coordinates>8.505650000000001,47.377900000000004,602.6916931273757 8.505650000000001,47.377900000000004,642.7316931273757 8.505650000000001,47.37755,642.7316931273757 8.505650000000001,47.37755,602.6916931273757</coordinates>
                    </LinearRing>
                  </outerBoundaryIs>
                </Polygon>
                <Polygon>
                  <altitudeMode>absolute</altitudeMode>
                  <outerBoundaryIs>
                    <LinearRing>
                      <coordinates>8.505650000000001,47.37755,602.6916931273757 8.505650000000001,47.37755,642.7316931273757 8.5054,47.37755,642.7316931273757 8.5054,47.37755,602.6916931273757</coordinates>
                    </LinearRing>
                  </outerBoundaryIs>
                </Polygon>
              </MultiGeometry>
            </Placemark>
          </Folder>
          <Folder>
            <name>E63: uss2_core astm.f3548.v21.uss.getOperationalIntentDetails</name>
            <Folder>
              <name>fake_uss's P0 Accepted 768e7e18-55e1-4829-a393-e041d3bac00d[1] @ cjaLAmiw8pOxdtUcoduM4tXQelnk88wQo7f.LF4R.vM_</name>
              <Placemark>
                <name>Nominal volume 0</name>
                <styleUrl>#F3548v21Accepted</styleUrl>
                <TimeSpan>
                  <begin>2025-11-19T07:28:55+00:00</begin>
                  <end>2025-11-19T08:14:06+00:00</end>
                </TimeSpan>
                <MultiGeometry>
                  <Polygon>
                    <altitudeMode>absolute</altitudeMode>
                    <outerBoundaryIs>
                      <LinearRing>
                        <coordinates>8.5054,47.37755,-47.268306872624336 8.50565,47.37755,-47.268306872624336 8.50565,47.3779,-47.268306872624336 8.5054,47.3779,-47.268306872624336</coordinates>
                      </LinearRing>
                    </outerBoundaryIs>
                  </Polygon>
                  <Polygon>
                    <altitudeMode>absolute</altitudeMode>
                    <outerBoundaryIs>
                      <LinearRing>
                        <coordinates>8.5054,47.37755,642.7316931273757 8.50565,47.37755,642.7316931273757 8.50565,47.3779,642.7316931273757 8.5054,47.3779,642.7316931273757</coordinates>
                      </LinearRing>
                    </outerBoundaryIs>
                  </Polygon>
                  <Polygon>
                    <altitudeMode>absolute</altitudeMode>
                    <outerBoundaryIs>
                      <LinearRing>
                        <coordinates>8.5054,47.37755,-47.268306872624336 8.5054,47.37755,642.7316931273757 8.50565,47.37755,642.7316931273757 8.50565,47.37755,-47.268306872624336</coordinates>
                      </LinearRing>
                    </outerBoundaryIs>
                  </Polygon>
                  <Polygon>
                    <altitudeMode>absolute</altitudeMode>
                    <outerBoundaryIs>
                      <LinearRing>
                        <coordinates>8.50565,47.37755,-47.268306872624336 8.50565,47.37755,642.7316931273757 8.50565,47.3779,642.7316931273757 8.50565,47.3779,-47.268306872624336</coordinates>
                      </LinearRing>
                    </outerBoundaryIs>
                  </Polygon>
                  <Polygon>
                    <altitudeMode>absolute</altitudeMode>
                    <outerBoundaryIs>
                      <LinearRing>
                        <coordinates>8.50565,47.3779,-47.268306872624336 8.50565,47.3779,642.7316931273757 8.5054,47.3779,642.7316931273757 8.5054,47.3779,-47.268306872624336</coordinates>
                      </LinearRing>
                    </outerBoundaryIs>
                  </Polygon>
                  <Polygon>
                    <altitudeMode>absolute</altitudeMode>
                    <outerBoundaryIs>
                      <LinearRing>
                        <coordinates>8.5054,47.3779,-47.268306872624336 8.5054,47.3779,642.7316931273757 8.5054,47.37755,642.7316931273757 8.5054,47.37755,-47.268306872624336</coordinates>
                      </LinearRing>
                    </outerBoundaryIs>
                  </Polygon>
                </MultiGeometry>
              </Placemark>
            </Folder>
          </Folder>
        </Folder>
        <Folder>
          <name>Attempt to modify planned Flight 1c into conflict</name>
          <Folder>
            <name>E69: uss1_dss astm.f3548.v21.dss.queryOperationalIntentReferences</name>
            <Placemark>
              <name>area_of_interest</name>
              <styleUrl>#QueryArea</styleUrl>
              <description><![CDATA[<ul><li>fake_uss's Accepted 768e7e18-55e1-4829-a393-e041d3bac00d[1]</li><li>fake_uss's Activated f00debd9-680b-4410-8977-541fa58c9d88[3]</li></ul>]]></description>
              <TimeSpan>
                <begin>2025-11-19T07:28:55.299229+00:00</begin>
                <end>2025-11-19T08:13:57.977455+00:00</end>
              </TimeSpan>
              <MultiGeometry>
                <Polygon>
                  <altitudeMode>absolute</altitudeMode>
                  <outerBoundaryIs>
                    <LinearRing>
                      <coordinates>8.504950000000001,47.37755,602.6913893796152 8.504950000000001,47.377900000000004,602.6913893796152 8.505650000000001,47.377900000000004,602.6913893796152 8.505650000000001,47.37755,602.6913893796152</coordinates>
                    </LinearRing>
                  </outerBoundaryIs>
                </Polygon>
                <Polygon>
                  <altitudeMode>absolute</altitudeMode>
                  <outerBoundaryIs>
                    <LinearRing>
                      <coordinates>8.504950000000001,47.37755,642.7313893796152 8.504950000000001,47.377900000000004,642.7313893796152 8.505650000000001,47.377900000000004,642.7313893796152 8.505650000000001,47.37755,642.7313893796152</coordinates>
                    </LinearRing>
                  </outerBoundaryIs>
                </Polygon>
                <Polygon>
                  <altitudeMode>absolute</altitudeMode>
                  <outerBoundaryIs>
                    <LinearRing>
                      <coordinates>8.504950000000001,47.37755,602.6913893796152 8.504950000000001,47.37755,642.7313893796152 8.504950000000001,47.377900000000004,642.7313893796152 8.504950000000001,47.377900000000004,602.6913893796152</coordinates>
                    </LinearRing>
                  </outerBoundaryIs>
                </Polygon>
                <Polygon>
                  <altitudeMode>absolute</altitudeMode>
                  <outerBoundaryIs>
                    <LinearRing>
                      <coordinates>8.504950000000001,47.377900000000004,602.6913893796152 8.504950000000001,47.377900000000004,642.7313893796152 8.505650000000001,47.377900000000004,642.7313893796152 8.505650000000001,47.377900000000004,602.6913893796152</coordinates>
                    </LinearRing>
                  </outerBoundaryIs>
                </Polygon>
                <Polygon>
                  <altitudeMode>absolute</altitudeMode>
                  <outerBoundaryIs>
                    <LinearRing>
                      <coordinates>8.505650000000001,47.377900000000004,602.6913893796152 8.505650000000001,47.377900000000004,642.7313893796152 8.505650000000001,47.37755,642.7313893796152 8.505650000000001,47.37755,602.6913893796152</coordinates>
                    </LinearRing>
                  </outerBoundaryIs>
                </Polygon>
                <Polygon>
                  <altitudeMode>absolute</altitudeMode>
                  <outerBoundaryIs>
                    <LinearRing>
                      <coordinates>8.505650000000001,47.37755,602.6913893796152 8.505650000000001,47.37755,642.7313893796152 8.504950000000001,47.37755,642.7313893796152 8.504950000000001,47.37755,602.6913893796152</coordinates>
                    </LinearRing>
                  </outerBoundaryIs>
                </Polygon>
              </MultiGeometry>
            </Placemark>
          </Folder>
          <Folder>
            <name>E71: uss2_core interuss.automated_testing.flight_planning.v1.UpsertFlightPlan</name>
            <Folder>
              <name>Activity Rejected, flight Planned</name>
              <Placemark>
                <name>Volume 0</name>
                <styleUrl>#Planned_Nominal</styleUrl>
                <TimeSpan>
                  <begin>2025-11-19T07:28:56.977455+00:00</begin>
                  <end>2025-11-19T08:13:57.977455+00:00</end>
                </TimeSpan>
                <MultiGeometry>
                  <Polygon>
                    <altitudeMode>absolute</altitudeMode>
                    <outerBoundaryIs>
                      <LinearRing>
                        <coordinates>8.504950000000001,47.3776,607.7413693616395 8.504950000000001,47.377900000000004,607.7413693616395 8.505600000000001,47.377900000000004,607.7413693616395 8.505650000000001,47.37755,607.7413693616395</coordinates>
                      </LinearRing>
                    </outerBoundaryIs>
                  </Polygon>
                  <Polygon>
                    <altitudeMode>absolute</altitudeMode>
                    <outerBoundaryIs>
                      <LinearRing>
                        <coordinates>8.504950000000001,47.3776,637.7313693616395 8.504950000000001,47.377900000000004,637.7313693616395 8.505600000000001,47.377900000000004,637.7313693616395 8.505650000000001,47.37755,637.7313693616395</coordinates>
                      </LinearRing>
                    </outerBoundaryIs>
                  </Polygon>
                  <Polygon>
                    <altitudeMode>absolute</altitudeMode>
                    <outerBoundaryIs>
                      <LinearRing>
                        <coordinates>8.504950000000001,47.3776,607.7413693616395 8.504950000000001,47.3776,637.7313693616395 8.504950000000001,47.377900000000004,637.7313693616395 8.504950000000001,47.377900000000004,607.7413693616395</coordinates>
                      </LinearRing>
                    </outerBoundaryIs>
                  </Polygon>
                  <Polygon>
                    <altitudeMode>absolute</altitudeMode>
                    <outerBoundaryIs>
                      <LinearRing>
                        <coordinates>8.504950000000001,47.377900000000004,607.7413693616395 8.504950000000001,47.377900000000004,637.7313693616395 8.505600000000001,47.377900000000004,637.7313693616395 8.505600000000001,47.377900000000004,607.7413693616395</coordinates>
                      </LinearRing>
                    </outerBoundaryIs>
                  </Polygon>
                  <Polygon>
                    <altitudeMode>absolute</altitudeMode>
                    <outerBoundaryIs>
                      <LinearRing>
                        <coordinates>8.505600000000001,47.377900000000004,607.7413693616395 8.505600000000001,47.377900000000004,637.7313693616395 8.505650000000001,47.37755,637.7313693616395 8.505650000000001,47.37755,607.7413693616395</coordinates>
                      </LinearRing>
                    </outerBoundaryIs>
                  </Polygon>
                  <Polygon>
                    <altitudeMode>absolute</altitudeMode>
                    <outerBoundaryIs>
                      <LinearRing>
                        <coordinates>8.505650000000001,47.37755,607.7413693616395 8.505650000000001,47.37755,637.7313693616395 8.504950000000001,47.3776,637.7313693616395 8.504950000000001,47.3776,607.7413693616395</coordinates>
                      </LinearRing>
                    </outerBoundaryIs>
                  </Polygon>
                </MultiGeometry>
              </Placemark>
            </Folder>
          </Folder>
          <Folder>
            <name>E74: uss1_dss astm.f3548.v21.dss.queryOperationalIntentReferences</name>
            <Placemark>
              <name>area_of_interest</name>
              <styleUrl>#QueryArea</styleUrl>
              <description><![CDATA[<ul><li>fake_uss's Accepted 768e7e18-55e1-4829-a393-e041d3bac00d[1]</li><li>fake_uss's Activated f00debd9-680b-4410-8977-541fa58c9d88[3]</li></ul>]]></description>
              <TimeSpan>
                <begin>2025-11-19T07:28:55.299229+00:00</begin>
                <end>2025-11-19T08:13:57.977455+00:00</end>
              </TimeSpan>
              <MultiGeometry>
                <Polygon>
                  <altitudeMode>absolute</altitudeMode>
                  <outerBoundaryIs>
                    <LinearRing>
                      <coordinates>8.504950000000001,47.37755,602.6913893796152 8.504950000000001,47.377900000000004,602.6913893796152 8.505650000000001,47.377900000000004,602.6913893796152 8.505650000000001,47.37755,602.6913893796152</coordinates>
                    </LinearRing>
                  </outerBoundaryIs>
                </Polygon>
                <Polygon>
                  <altitudeMode>absolute</altitudeMode>
                  <outerBoundaryIs>
                    <LinearRing>
                      <coordinates>8.504950000000001,47.37755,642.7313893796152 8.504950000000001,47.377900000000004,642.7313893796152 8.505650000000001,47.377900000000004,642.7313893796152 8.505650000000001,47.37755,642.7313893796152</coordinates>
                    </LinearRing>
                  </outerBoundaryIs>
                </Polygon>
                <Polygon>
                  <altitudeMode>absolute</altitudeMode>
                  <outerBoundaryIs>
                    <LinearRing>
                      <coordinates>8.504950000000001,47.37755,602.6913893796152 8.504950000000001,47.37755,642.7313893796152 8.504950000000001,47.377900000000004,642.7313893796152 8.504950000000001,47.377900000000004,602.6913893796152</coordinates>
                    </LinearRing>
                  </outerBoundaryIs>
                </Polygon>
                <Polygon>
                  <altitudeMode>absolute</altitudeMode>
                  <outerBoundaryIs>
                    <LinearRing>
                      <coordinates>8.504950000000001,47.377900000000004,602.6913893796152 8.504950000000001,47.377900000000004,642.7313893796152 8.505650000000001,47.377900000000004,642.7313893796152 8.505650000000001,47.377900000000004,602.6913893796152</coordinates>
                    </LinearRing>
                  </outerBoundaryIs>
                </Polygon>
                <Polygon>
                  <altitudeMode>absolute</altitudeMode>
                  <outerBoundaryIs>
                    <LinearRing>
                      <coordinates>8.505650000000001,47.377900000000004,602.6913893796152 8.505650000000001,47.377900000000004,642.7313893796152 8.505650000000001,47.37755,642.7313893796152 8.505650000000001,47.37755,602.6913893796152</coordinates>
                    </LinearRing>
                  </outerBoundaryIs>
                </Polygon>
                <Polygon>
                  <altitudeMode>absolute</altitudeMode>
                  <outerBoundaryIs>
                    <LinearRing>
                      <coordinates>8.505650000000001,47.37755,602.6913893796152 8.505650000000001,47.37755,642.7313893796152 8.504950000000001,47.37755,642.7313893796152 8.504950000000001,47.37755,602.6913893796152</coordinates>
                    </LinearRing>
                  </outerBoundaryIs>
                </Polygon>
              </MultiGeometry>
            </Placemark>
          </Folder>
          <Folder>
            <name>E78: uss2_core astm.f3548.v21.uss.getOperationalIntentDetails</name>
            <Folder>
              <name>fake_uss's P0 Accepted 768e7e18-55e1-4829-a393-e041d3bac00d[1] @ cjaLAmiw8pOxdtUcoduM4tXQelnk88wQo7f.LF4R.vM_</name>
              <Placemark>
                <name>Nominal volume 0</name>
                <styleUrl>#F3548v21Accepted</styleUrl>
                <TimeSpan>
                  <begin>2025-11-19T07:28:55+00:00</begin>
                  <end>2025-11-19T08:14:06+00:00</end>
                </TimeSpan>
                <MultiGeometry>
                  <Polygon>
                    <altitudeMode>absolute</altitudeMode>
                    <outerBoundaryIs>
                      <LinearRing>
                        <coordinates>8.5054,47.37755,-47.268306872624336 8.50565,47.37755,-47.268306872624336 8.50565,47.3779,-47.268306872624336 8.5054,47.3779,-47.268306872624336</coordinates>
                      </LinearRing>
                    </outerBoundaryIs>
                  </Polygon>
                  <Polygon>
                    <altitudeMode>absolute</altitudeMode>
                    <outerBoundaryIs>
                      <LinearRing>
                        <coordinates>8.5054,47.37755,642.7316931273757 8.50565,47.37755,642.7316931273757 8.50565,47.3779,642.7316931273757 8.5054,47.3779,642.7316931273757</coordinates>
                      </LinearRing>
                    </outerBoundaryIs>
                  </Polygon>
                  <Polygon>
                    <altitudeMode>absolute</altitudeMode>
                    <outerBoundaryIs>
                      <LinearRing>
                        <coordinates>8.5054,47.37755,-47.268306872624336 8.5054,47.37755,642.7316931273757 8.50565,47.37755,642.7316931273757 8.50565,47.37755,-47.268306872624336</coordinates>
                      </LinearRing>
                    </outerBoundaryIs>
                  </Polygon>
                  <Polygon>
                    <altitudeMode>absolute</altitudeMode>
                    <outerBoundaryIs>
                      <LinearRing>
                        <coordinates>8.50565,47.37755,-47.268306872624336 8.50565,47.37755,642.7316931273757 8.50565,47.3779,642.7316931273757 8.50565,47.3779,-47.268306872624336</coordinates>
                      </LinearRing>
                    </outerBoundaryIs>
                  </Polygon>
                  <Polygon>
                    <altitudeMode>absolute</altitudeMode>
                    <outerBoundaryIs>
                      <LinearRing>
                        <coordinates>8.50565,47.3779,-47.268306872624336 8.50565,47.3779,642.7316931273757 8.5054,47.3779,642.7316931273757 8.5054,47.3779,-47.268306872624336</coordinates>
                      </LinearRing>
                    </outerBoundaryIs>
                  </Polygon>
                  <Polygon>
                    <altitudeMode>absolute</altitudeMode>
                    <outerBoundaryIs>
                      <LinearRing>
                        <coordinates>8.5054,47.3779,-47.268306872624336 8.5054,47.3779,642.7316931273757 8.5054,47.37755,642.7316931273757 8.5054,47.37755,-47.268306872624336</coordinates>
                      </LinearRing>
                    </outerBoundaryIs>
                  </Polygon>
                </MultiGeometry>
              </Placemark>
            </Folder>
          </Folder>
        </Folder>
      </Folder>
      <Folder>
        <name>Attempt to modify activated flight into conflict</name>
        <Folder>
          <name>Activate Flight 1c</name>
          <Folder>
            <name>E84: uss1_dss astm.f3548.v21.dss.queryOperationalIntentReferences</name>
            <Placemark>
              <name>area_of_interest</name>
              <styleUrl>#QueryArea</styleUrl>
              <description><![CDATA[<ul><li>fake_uss's Accepted 768e7e18-55e1-4829-a393-e041d3bac00d[1]</li><li>fake_uss's Activated f00debd9-680b-4410-8977-541fa58c9d88[3]</li></ul>]]></description>
              <TimeSpan>
                <begin>2025-11-19T07:28:57.309255+00:00</begin>
                <end>2025-11-19T08:13:58.309255+00:00</end>
              </TimeSpan>
              <MultiGeometry>
                <Polygon>
                  <altitudeMode>absolute</altitudeMode>
                  <outerBoundaryIs>
                    <LinearRing>
                      <coordinates>8.5054,47.37755,607.7916426573684 8.5054,47.3783,607.7916426573684 8.505650000000001,47.3783,607.7916426573684 8.505650000000001,47.37755,607.7916426573684</coordinates>
                    </LinearRing>
                  </outerBoundaryIs>
                </Polygon>
                <Polygon>
                  <altitudeMode>absolute</altitudeMode>
                  <outerBoundaryIs>
                    <LinearRing>
                      <coordinates>8.5054,47.37755,642.7316426573684 8.5054,47.3783,642.7316426573684 8.505650000000001,47.3783,642.7316426573684 8.505650000000001,47.37755,642.7316426573684</coordinates>
                    </LinearRing>
                  </outerBoundaryIs>
                </Polygon>
                <Polygon>
                  <altitudeMode>absolute</altitudeMode>
                  <outerBoundaryIs>
                    <LinearRing>
                      <coordinates>8.5054,47.37755,607.7916426573684 8.5054,47.37755,642.7316426573684 8.5054,47.3783,642.7316426573684 8.5054,47.3783,607.7916426573684</coordinates>
                    </LinearRing>
                  </outerBoundaryIs>
                </Polygon>
                <Polygon>
                  <altitudeMode>absolute</altitudeMode>
                  <outerBoundaryIs>
                    <LinearRing>
                      <coordinates>8.5054,47.3783,607.7916426573684 8.5054,47.3783,642.7316426573684 8.505650000000001,47.3783,642.7316426573684 8.505650000000001,47.3783,607.7916426573684</coordinates>
                    </LinearRing>
                  </outerBoundaryIs>
                </Polygon>
                <Polygon>
                  <altitudeMode>absolute</altitudeMode>
                  <outerBoundaryIs>
                    <LinearRing>
                      <coordinates>8.505650000000001,47.3783,607.7916426573684 8.505650000000001,47.3783,642.7316426573684 8.505650000000001,47.37755,642.7316426573684 8.505650000000001,47.37755,607.7916426573684</coordinates>
                    </LinearRing>
                  </outerBoundaryIs>
                </Polygon>
                <Polygon>
                  <altitudeMode>absolute</altitudeMode>
                  <outerBoundaryIs>
                    <LinearRing>
                      <coordinates>8.505650000000001,47.37755,607.7916426573684 8.505650000000001,47.37755,642.7316426573684 8.5054,47.37755,642.7316426573684 8.5054,47.37755,607.7916426573684</coordinates>
                    </LinearRing>
                  </outerBoundaryIs>
                </Polygon>
              </MultiGeometry>
            </Placemark>
          </Folder>
          <Folder>
            <name>E86: uss2_core interuss.automated_testing.flight_planning.v1.UpsertFlightPlan</name>
            <Folder>
              <name>Activity Completed, flight OkToFly</name>
              <Placemark>
                <name>Volume 0</name>
                <styleUrl>#InUse_Nominal</styleUrl>
                <TimeSpan>
                  <begin>2025-11-19T07:28:57.309255+00:00</begin>
                  <end>2025-11-19T08:13:58.309255+00:00</end>
                </TimeSpan>
                <MultiGeometry>
                  <Polygon>
                    <altitudeMode>absolute</altitudeMode>
                    <outerBoundaryIs>
                      <LinearRing>
                        <coordinates>8.5054,47.3776,607.7916479353746 8.5054,47.3783,607.7916479353746 8.505600000000001,47.377900000000004,607.7916479353746 8.505650000000001,47.37755,607.7916479353746</coordinates>
                      </LinearRing>
                    </outerBoundaryIs>
                  </Polygon>
                  <Polygon>
                    <altitudeMode>absolute</altitudeMode>
                    <outerBoundaryIs>
                      <LinearRing>
                        <coordinates>8.5054,47.3776,642.7316479353747 8.5054,47.3783,642.7316479353747 8.505600000000001,47.377900000000004,642.7316479353747 8.505650000000001,47.37755,642.7316479353747</coordinates>
                      </LinearRing>
                    </outerBoundaryIs>
                  </Polygon>
                  <Polygon>
                    <altitudeMode>absolute</altitudeMode>
                    <outerBoundaryIs>
                      <LinearRing>
                        <coordinates>8.5054,47.3776,607.7916479353746 8.5054,47.3776,642.7316479353747 8.5054,47.3783,642.7316479353747 8.5054,47.3783,607.7916479353746</coordinates>
                      </LinearRing>
                    </outerBoundaryIs>
                  </Polygon>
                  <Polygon>
                    <altitudeMode>absolute</altitudeMode>
                    <outerBoundaryIs>
                      <LinearRing>
                        <coordinates>8.5054,47.3783,607.7916479353746 8.5054,47.3783,642.7316479353747 8.505600000000001,47.377900000000004,642.7316479353747 8.505600000000001,47.377900000000004,607.7916479353746</coordinates>
                      </LinearRing>
                    </outerBoundaryIs>
                  </Polygon>
                  <Polygon>
                    <altitudeMode>absolute</altitudeMode>
                    <outerBoundaryIs>
                      <LinearRing>
                        <coordinates>8.505600000000001,47.377900000000004,607.7916479353746 8.505600000000001,47.377900000000004,642.7316479353747 8.505650000000001,47.37755,642.7316479353747 8.505650000000001,47.37755,607.7916479353746</coordinates>
                      </LinearRing>
                    </outerBoundaryIs>
                  </Polygon>
                  <Polygon>
                    <altitudeMode>absolute</altitudeMode>
                    <outerBoundaryIs>
                      <LinearRing>
                        <coordinates>8.505650000000001,47.37755,607.7916479353746 8.505650000000001,47.37755,642.7316479353747 8.5054,47.3776,642.7316479353747 8.5054,47.3776,607.7916479353746</coordinates>
                      </LinearRing>
                    </outerBoundaryIs>
                  </Polygon>
                </MultiGeometry>
              </Placemark>
            </Folder>
          </Folder>
          <Folder>
            <name>E89: uss1_dss astm.f3548.v21.dss.queryOperationalIntentReferences</name>
            <Placemark>
              <name>area_of_interest</name>
              <styleUrl>#QueryArea</styleUrl>
              <description><![CDATA[<ul><li>fake_uss's Activated 768e7e18-55e1-4829-a393-e041d3bac00d[3]</li><li>fake_uss's Activated f00debd9-680b-4410-8977-541fa58c9d88[3]</li></ul>]]></description>
              <TimeSpan>
                <begin>2025-11-19T07:28:57.309255+00:00</begin>
                <end>2025-11-19T08:13:58.309255+00:00</end>
              </TimeSpan>
              <MultiGeometry>
                <Polygon>
                  <altitudeMode>absolute</altitudeMode>
                  <outerBoundaryIs>
                    <LinearRing>
                      <coordinates>8.5054,47.37755,607.7916426573684 8.5054,47.3783,607.7916426573684 8.505650000000001,47.3783,607.7916426573684 8.505650000000001,47.37755,607.7916426573684</coordinates>
                    </LinearRing>
                  </outerBoundaryIs>
                </Polygon>
                <Polygon>
                  <altitudeMode>absolute</altitudeMode>
                  <outerBoundaryIs>
                    <LinearRing>
                      <coordinates>8.5054,47.37755,642.7316426573684 8.5054,47.3783,642.7316426573684 8.505650000000001,47.3783,642.7316426573684 8.505650000000001,47.37755,642.7316426573684</coordinates>
                    </LinearRing>
                  </outerBoundaryIs>
                </Polygon>
                <Polygon>
                  <altitudeMode>absolute</altitudeMode>
                  <outerBoundaryIs>
                    <LinearRing>
                      <coordinates>8.5054,47.37755,607.7916426573684 8.5054,47.37755,642.7316426573684 8.5054,47.3783,642.7316426573684 8.5054,47.3783,607.7916426573684</coordinates>
                    </LinearRing>
                  </outerBoundaryIs>
                </Polygon>
                <Polygon>
                  <altitudeMode>absolute</altitudeMode>
                  <outerBoundaryIs>
                    <LinearRing>
                      <coordinates>8.5054,47.3783,607.7916426573684 8.5054,47.3783,642.7316426573684 8.505650000000001,47.3783,642.7316426573684 8.505650000000001,47.3783,607.7916426573684</coordinates>
                    </LinearRing>
                  </outerBoundaryIs>
                </Polygon>
                <Polygon>
                  <altitudeMode>absolute</altitudeMode>
                  <outerBoundaryIs>
                    <LinearRing>
                      <coordinates>8.505650000000001,47.3783,607.7916426573684 8.505650000000001,47.3783,642.7316426573684 8.505650000000001,47.37755,642.7316426573684 8.505650000000001,47.37755,607.7916426573684</coordinates>
                    </LinearRing>
                  </outerBoundaryIs>
                </Polygon>
                <Polygon>
                  <altitudeMode>absolute</altitudeMode>
                  <outerBoundaryIs>
                    <LinearRing>
                      <coordinates>8.505650000000001,47.37755,607.7916426573684 8.505650000000001,47.37755,642.7316426573684 8.5054,47.37755,642.7316426573684 8.5054,47.37755,607.7916426573684</coordinates>
                    </LinearRing>
                  </outerBoundaryIs>
                </Polygon>
              </MultiGeometry>
            </Placemark>
          </Folder>
          <Folder>
            <name>E94: uss2_core astm.f3548.v21.uss.getOperationalIntentDetails</name>
            <Folder>
              <name>fake_uss's P0 Activated 768e7e18-55e1-4829-a393-e041d3bac00d[3] @ 3FGEbY2sRVppIVePmJI17gIKQnV-WIeOVv4q.pwM-y4_</name>
              <Placemark>
                <name>Nominal volume 0</name>
                <styleUrl>#F3548v21Activated</styleUrl>
                <TimeSpan>
                  <begin>2025-11-19T07:28:57+00:00</begin>
                  <end>2025-11-19T08:13:59+00:00</end>
                </TimeSpan>
                <MultiGeometry>
                  <Polygon>
                    <altitudeMode>absolute</altitudeMode>
                    <outerBoundaryIs>
                      <LinearRing>
                        <coordinates>8.5054,47.37755,-47.26835734263154 8.50565,47.37755,-47.26835734263154 8.50565,47.3783,-47.26835734263154 8.5054,47.3783,-47.26835734263154</coordinates>
                      </LinearRing>
                    </outerBoundaryIs>
                  </Polygon>
                  <Polygon>
                    <altitudeMode>absolute</altitudeMode>
                    <outerBoundaryIs>
                      <LinearRing>
                        <coordinates>8.5054,47.37755,642.7316426573684 8.50565,47.37755,642.7316426573684 8.50565,47.3783,642.7316426573684 8.5054,47.3783,642.7316426573684</coordinates>
                      </LinearRing>
                    </outerBoundaryIs>
                  </Polygon>
                  <Polygon>
                    <altitudeMode>absolute</altitudeMode>
                    <outerBoundaryIs>
                      <LinearRing>
                        <coordinates>8.5054,47.37755,-47.26835734263154 8.5054,47.37755,642.7316426573684 8.50565,47.37755,642.7316426573684 8.50565,47.37755,-47.26835734263154</coordinates>
                      </LinearRing>
                    </outerBoundaryIs>
                  </Polygon>
                  <Polygon>
                    <altitudeMode>absolute</altitudeMode>
                    <outerBoundaryIs>
                      <LinearRing>
                        <coordinates>8.50565,47.37755,-47.26835734263154 8.50565,47.37755,642.7316426573684 8.50565,47.3783,642.7316426573684 8.50565,47.3783,-47.26835734263154</coordinates>
                      </LinearRing>
                    </outerBoundaryIs>
                  </Polygon>
                  <Polygon>
                    <altitudeMode>absolute</altitudeMode>
                    <outerBoundaryIs>
                      <LinearRing>
                        <coordinates>8.50565,47.3783,-47.26835734263154 8.50565,47.3783,642.7316426573684 8.5054,47.3783,642.7316426573684 8.5054,47.3783,-47.26835734263154</coordinates>
                      </LinearRing>
                    </outerBoundaryIs>
                  </Polygon>
                  <Polygon>
                    <altitudeMode>absolute</altitudeMode>
                    <outerBoundaryIs>
                      <LinearRing>
                        <coordinates>8.5054,47.3783,-47.26835734263154 8.5054,47.3783,642.7316426573684 8.5054,47.37755,642.7316426573684 8.5054,47.37755,-47.26835734263154</coordinates>
                      </LinearRing>
                    </outerBoundaryIs>
                  </Polygon>
                </MultiGeometry>
              </Placemark>
            </Folder>
          </Folder>
        </Folder>
        <Folder>
          <name>Attempt to modify activated Flight 1c into conflict</name>
          <Folder>
            <name>E100: uss1_dss astm.f3548.v21.dss.queryOperationalIntentReferences</name>
            <Placemark>
              <name>area_of_interest</name>
              <styleUrl>#QueryArea</styleUrl>
              <description><![CDATA[<ul><li>fake_uss's Activated 768e7e18-55e1-4829-a393-e041d3bac00d[3]</li><li>fake_uss's Activated f00debd9-680b-4410-8977-541fa58c9d88[3]</li></ul>]]></description>
              <TimeSpan>
                <begin>2025-11-19T07:28:57.309255+00:00</begin>
                <end>2025-11-19T08:14:02.721045+00:00</end>
              </TimeSpan>
              <MultiGeometry>
                <Polygon>
                  <altitudeMode>absolute</altitudeMode>
                  <outerBoundaryIs>
                    <LinearRing>
                      <coordinates>8.504950000000001,47.37755,607.7513388078233 8.504950000000001,47.3783,607.7513388078233 8.505650000000001,47.3783,607.7513388078233 8.505650000000001,47.37755,607.7513388078233</coordinates>
                    </LinearRing>
                  </outerBoundaryIs>
                </Polygon>
                <Polygon>
                  <altitudeMode>absolute</altitudeMode>
                  <outerBoundaryIs>
                    <LinearRing>
                      <coordinates>8.504950000000001,47.37755,642.7313388078234 8.504950000000001,47.3783,642.7313388078234 8.505650000000001,47.3783,642.7313388078234 8.505650000000001,47.37755,642.7313388078234</coordinates>
                    </LinearRing>
                  </outerBoundaryIs>
                </Polygon>
                <Polygon>
                  <altitudeMode>absolute</altitudeMode>
                  <outerBoundaryIs>
                    <LinearRing>
                      <coordinates>8.504950000000001,47.37755,607.7513388078233 8.504950000000001,47.37755,642.7313388078234 8.504950000000001,47.3783,642.7313388078234 8.504950000000001,47.3783,607.7513388078233</coordinates>
                    </LinearRing>
                  </outerBoundaryIs>
                </Polygon>
                <Polygon>
                  <altitudeMode>absolute</altitudeMode>
                  <outerBoundaryIs>
                    <LinearRing>
                      <coordinates>8.504950000000001,47.3783,607.7513388078233 8.504950000000001,47.3783,642.7313388078234 8.505650000000001,47.3783,642.7313388078234 8.505650000000001,47.3783,607.7513388078233</coordinates>
                    </LinearRing>
                  </outerBoundaryIs>
                </Polygon>
                <Polygon>
                  <altitudeMode>absolute</altitudeMode>
                  <outerBoundaryIs>
                    <LinearRing>
                      <coordinates>8.505650000000001,47.3783,607.7513388078233 8.505650000000001,47.3783,642.7313388078234 8.505650000000001,47.37755,642.7313388078234 8.505650000000001,47.37755,607.7513388078233</coordinates>
                    </LinearRing>
                  </outerBoundaryIs>
                </Polygon>
                <Polygon>
                  <altitudeMode>absolute</altitudeMode>
                  <outerBoundaryIs>
                    <LinearRing>
                      <coordinates>8.505650000000001,47.37755,607.7513388078233 8.505650000000001,47.37755,642.7313388078234 8.504950000000001,47.37755,642.7313388078234 8.504950000000001,47.37755,607.7513388078233</coordinates>
                    </LinearRing>
                  </outerBoundaryIs>
                </Polygon>
              </MultiGeometry>
            </Placemark>
          </Folder>
          <Folder>
            <name>E102: uss2_core interuss.automated_testing.flight_planning.v1.UpsertFlightPlan</name>
            <Folder>
              <name>Activity Rejected, flight OkToFly</name>
              <Placemark>
                <name>Volume 0</name>
                <styleUrl>#InUse_Nominal</styleUrl>
                <TimeSpan>
                  <begin>2025-11-19T07:29:01.721045+00:00</begin>
                  <end>2025-11-19T08:14:02.721045+00:00</end>
                </TimeSpan>
                <MultiGeometry>
                  <Polygon>
                    <altitudeMode>absolute</altitudeMode>
                    <outerBoundaryIs>
                      <LinearRing>
                        <coordinates>8.504950000000001,47.3776,607.7513693616395 8.504950000000001,47.377900000000004,607.7513693616395 8.505600000000001,47.377900000000004,607.7513693616395 8.505650000000001,47.37755,607.7513693616395</coordinates>
                      </LinearRing>
                    </outerBoundaryIs>
                  </Polygon>
                  <Polygon>
                    <altitudeMode>absolute</altitudeMode>
                    <outerBoundaryIs>
                      <LinearRing>
                        <coordinates>8.504950000000001,47.3776,637.7313693616395 8.504950000000001,47.377900000000004,637.7313693616395 8.505600000000001,47.377900000000004,637.7313693616395 8.505650000000001,47.37755,637.7313693616395</coordinates>
                      </LinearRing>
                    </outerBoundaryIs>
                  </Polygon>
                  <Polygon>
                    <altitudeMode>absolute</altitudeMode>
                    <outerBoundaryIs>
                      <LinearRing>
                        <coordinates>8.504950000000001,47.3776,607.7513693616395 8.504950000000001,47.3776,637.7313693616395 8.504950000000001,47.377900000000004,637.7313693616395 8.504950000000001,47.377900000000004,607.7513693616395</coordinates>
                      </LinearRing>
                    </outerBoundaryIs>
                  </Polygon>
                  <Polygon>
                    <altitudeMode>absolute</altitudeMode>
                    <outerBoundaryIs>
                      <LinearRing>
                        <coordinates>8.504950000000001,47.377900000000004,607.7513693616395 8.504950000000001,47.377900000000004,637.7313693616395 8.505600000000001,47.377900000000004,637.7313693616395 8.505600000000001,47.377900000000004,607.7513693616395</coordinates>
                      </LinearRing>
                    </outerBoundaryIs>
                  </Polygon>
                  <Polygon>
                    <altitudeMode>absolute</altitudeMode>
                    <outerBoundaryIs>
                      <LinearRing>
                        <coordinates>8.505600000000001,47.377900000000004,607.7513693616395 8.505600000000001,47.377900000000004,637.7313693616395 8.505650000000001,47.37755,637.7313693616395 8.505650000000001,47.37755,607.7513693616395</coordinates>
                      </LinearRing>
                    </outerBoundaryIs>
                  </Polygon>
                  <Polygon>
                    <altitudeMode>absolute</altitudeMode>
                    <outerBoundaryIs>
                      <LinearRing>
                        <coordinates>8.505650000000001,47.37755,607.7513693616395 8.505650000000001,47.37755,637.7313693616395 8.504950000000001,47.3776,637.7313693616395 8.504950000000001,47.3776,607.7513693616395</coordinates>
                      </LinearRing>
                    </outerBoundaryIs>
                  </Polygon>
                </MultiGeometry>
              </Placemark>
            </Folder>
          </Folder>
          <Folder>
            <name>E105: uss1_dss astm.f3548.v21.dss.queryOperationalIntentReferences</name>
            <Placemark>
              <name>area_of_interest</name>
              <styleUrl>#QueryArea</styleUrl>
              <description><![CDATA[<ul><li>fake_uss's Activated 768e7e18-55e1-4829-a393-e041d3bac00d[3]</li><li>fake_uss's Activated f00debd9-680b-4410-8977-541fa58c9d88[3]</li></ul>]]></description>
              <TimeSpan>
                <begin>2025-11-19T07:28:57.309255+00:00</begin>
                <end>2025-11-19T08:14:02.721045+00:00</end>
              </TimeSpan>
              <MultiGeometry>
                <Polygon>
                  <altitudeMode>absolute</altitudeMode>
                  <outerBoundaryIs>
                    <LinearRing>
                      <coordinates>8.504950000000001,47.37755,607.7513388078233 8.504950000000001,47.3783,607.7513388078233 8.505650000000001,47.3783,607.7513388078233 8.505650000000001,47.37755,607.7513388078233</coordinates>
                    </LinearRing>
                  </outerBoundaryIs>
                </Polygon>
                <Polygon>
                  <altitudeMode>absolute</altitudeMode>
                  <outerBoundaryIs>
                    <LinearRing>
                      <coordinates>8.504950000000001,47.37755,642.7313388078234 8.504950000000001,47.3783,642.7313388078234 8.505650000000001,47.3783,642.7313388078234 8.505650000000001,47.37755,642.7313388078234</coordinates>
                    </LinearRing>
                  </outerBoundaryIs>
                </Polygon>
                <Polygon>
                  <altitudeMode>absolute</altitudeMode>
                  <outerBoundaryIs>
                    <LinearRing>
                      <coordinates>8.504950000000001,47.37755,607.7513388078233 8.504950000000001,47.37755,642.7313388078234 8.504950000000001,47.3783,642.7313388078234 8.504950000000001,47.3783,607.7513388078233</coordinates>
                    </LinearRing>
                  </outerBoundaryIs>
                </Polygon>
                <Polygon>
                  <altitudeMode>absolute</altitudeMode>
                  <outerBoundaryIs>
                    <LinearRing>
                      <coordinates>8.504950000000001,47.3783,607.7513388078233 8.504950000000001,47.3783,642.7313388078234 8.505650000000001,47.3783,642.7313388078234 8.505650000000001,47.3783,607.7513388078233</coordinates>
                    </LinearRing>
                  </outerBoundaryIs>
                </Polygon>
                <Polygon>
                  <altitudeMode>absolute</altitudeMode>
                  <outerBoundaryIs>
                    <LinearRing>
                      <coordinates>8.505650000000001,47.3783,607.7513388078233 8.505650000000001,47.3783,642.7313388078234 8.505650000000001,47.37755,642.7313388078234 8.505650000000001,47.37755,607.7513388078233</coordinates>
                    </LinearRing>
                  </outerBoundaryIs>
                </Polygon>
                <Polygon>
                  <altitudeMode>absolute</altitudeMode>
                  <outerBoundaryIs>
                    <LinearRing>
                      <coordinates>8.505650000000001,47.37755,607.7513388078233 8.505650000000001,47.37755,642.7313388078234 8.504950000000001,47.37755,642.7313388078234 8.504950000000001,47.37755,607.7513388078233</coordinates>
                    </LinearRing>
                  </outerBoundaryIs>
                </Polygon>
              </MultiGeometry>
            </Placemark>
          </Folder>
        </Folder>
        <Folder>
          <name>Delete Flight 2</name>
        </Folder>
      </Folder>
      <Folder>
        <name>Modify activated flight with pre-existing conflict</name>
        <Folder>
          <name>Activate Flight 1</name>
          <Folder>
            <name>E110: uss1_dss astm.f3548.v21.dss.queryOperationalIntentReferences</name>
            <Placemark>
              <name>area_of_interest</name>
              <styleUrl>#QueryArea</styleUrl>
              <description><![CDATA[<ul><li>fake_uss's Activated 768e7e18-55e1-4829-a393-e041d3bac00d[3]</li></ul>]]></description>
              <TimeSpan>
                <begin>2025-11-19T07:29:02.416305+00:00</begin>
                <end>2025-11-19T08:14:03.416305+00:00</end>
              </TimeSpan>
              <MultiGeometry>
                <Polygon>
                  <altitudeMode>absolute</altitudeMode>
                  <outerBoundaryIs>
                    <LinearRing>
                      <coordinates>8.504950000000001,47.37755,607.7513893796151 8.504950000000001,47.377900000000004,607.7513893796151 8.505650000000001,47.377900000000004,607.7513893796151 8.505650000000001,47.37755,607.7513893796151</coordinates>
                    </LinearRing>
                  </outerBoundaryIs>
                </Polygon>
                <Polygon>
                  <altitudeMode>absolute</altitudeMode>
                  <outerBoundaryIs>
                    <LinearRing>
                      <coordinates>8.504950000000001,47.37755,637.7313893796152 8.504950000000001,47.377900000000004,637.7313893796152 8.505650000000001,47.377900000000004,637.7313893796152 8.505650000000001,47.37755,637.7313893796152</coordinates>
                    </LinearRing>
                  </outerBoundaryIs>
                </Polygon>
                <Polygon>
                  <altitudeMode>absolute</altitudeMode>
                  <outerBoundaryIs>
                    <LinearRing>
                      <coordinates>8.504950000000001,47.37755,607.7513893796151 8.504950000000001,47.37755,637.7313893796152 8.504950000000001,47.377900000000004,637.7313893796152 8.504950000000001,47.377900000000004,607.7513893796151</coordinates>
                    </LinearRing>
                  </outerBoundaryIs>
                </Polygon>
                <Polygon>
                  <altitudeMode>absolute</altitudeMode>
                  <outerBoundaryIs>
                    <LinearRing>
                      <coordinates>8.504950000000001,47.377900000000004,607.7513893796151 8.504950000000001,47.377900000000004,637.7313893796152 8.505650000000001,47.377900000000004,637.7313893796152 8.505650000000001,47.377900000000004,607.7513893796151</coordinates>
                    </LinearRing>
                  </outerBoundaryIs>
                </Polygon>
                <Polygon>
                  <altitudeMode>absolute</altitudeMode>
                  <outerBoundaryIs>
                    <LinearRing>
                      <coordinates>8.505650000000001,47.377900000000004,607.7513893796151 8.505650000000001,47.377900000000004,637.7313893796152 8.505650000000001,47.37755,637.7313893796152 8.505650000000001,47.37755,607.7513893796151</coordinates>
                    </LinearRing>
                  </outerBoundaryIs>
                </Polygon>
                <Polygon>
                  <altitudeMode>absolute</altitudeMode>
                  <outerBoundaryIs>
                    <LinearRing>
                      <coordinates>8.505650000000001,47.37755,607.7513893796151 8.505650000000001,47.37755,637.7313893796152 8.504950000000001,47.37755,637.7313893796152 8.504950000000001,47.37755,607.7513893796151</coordinates>
                    </LinearRing>
                  </outerBoundaryIs>
                </Polygon>
              </MultiGeometry>
            </Placemark>
          </Folder>
          <Folder>
            <name>E112: uss2_core interuss.automated_testing.flight_planning.v1.UpsertFlightPlan</name>
            <Folder>
              <name>Activity Completed, flight OkToFly</name>
              <Placemark>
                <name>Volume 0</name>
                <styleUrl>#InUse_Nominal</styleUrl>
                <TimeSpan>
                  <begin>2025-11-19T07:29:02.416305+00:00</begin>
                  <end>2025-11-19T08:14:03.416305+00:00</end>
                </TimeSpan>
                <MultiGeometry>
                  <Polygon>
                    <altitudeMode>absolute</altitudeMode>
                    <outerBoundaryIs>
                      <LinearRing>
                        <coordinates>8.504950000000001,47.3776,607.7513693616395 8.504950000000001,47.377900000000004,607.7513693616395 8.505600000000001,47.377900000000004,607.7513693616395 8.505650000000001,47.37755,607.7513693616395</coordinates>
                      </LinearRing>
                    </outerBoundaryIs>
                  </Polygon>
                  <Polygon>
                    <altitudeMode>absolute</altitudeMode>
                    <outerBoundaryIs>
                      <LinearRing>
                        <coordinates>8.504950000000001,47.3776,637.7313693616395 8.504950000000001,47.377900000000004,637.7313693616395 8.505600000000001,47.377900000000004,637.7313693616395 8.505650000000001,47.37755,637.7313693616395</coordinates>
                      </LinearRing>
                    </outerBoundaryIs>
                  </Polygon>
                  <Polygon>
                    <altitudeMode>absolute</altitudeMode>
                    <outerBoundaryIs>
                      <LinearRing>
                        <coordinates>8.504950000000001,47.3776,607.7513693616395 8.504950000000001,47.3776,637.7313693616395 8.504950000000001,47.377900000000004,637.7313693616395 8.504950000000001,47.377900000000004,607.7513693616395</coordinates>
                      </LinearRing>
                    </outerBoundaryIs>
                  </Polygon>
                  <Polygon>
                    <altitudeMode>absolute</altitudeMode>
                    <outerBoundaryIs>
                      <LinearRing>
                        <coordinates>8.504950000000001,47.377900000000004,607.7513693616395 8.504950000000001,47.377900000000004,637.7313693616395 8.505600000000001,47.377900000000004,637.7313693616395 8.505600000000001,47.377900000000004,607.7513693616395</coordinates>
                      </LinearRing>
                    </outerBoundaryIs>
                  </Polygon>
                  <Polygon>
                    <altitudeMode>absolute</altitudeMode>
                    <outerBoundaryIs>
                      <LinearRing>
                        <coordinates>8.505600000000001,47.377900000000004,607.7513693616395 8.505600000000001,47.377900000000004,637.7313693616395 8.505650000000001,47.37755,637.7313693616395 8.505650000000001,47.37755,607.7513693616395</coordinates>
                      </LinearRing>
                    </outerBoundaryIs>
                  </Polygon>
                  <Polygon>
                    <altitudeMode>absolute</altitudeMode>
                    <outerBoundaryIs>
                      <LinearRing>
                        <coordinates>8.505650000000001,47.37755,607.7513693616395 8.505650000000001,47.37755,637.7313693616395 8.504950000000001,47.3776,637.7313693616395 8.504950000000001,47.3776,607.7513693616395</coordinates>
                      </LinearRing>
                    </outerBoundaryIs>
                  </Polygon>
                </MultiGeometry>
              </Placemark>
            </Folder>
          </Folder>
          <Folder>
            <name>E115: uss1_dss astm.f3548.v21.dss.queryOperationalIntentReferences</name>
            <Placemark>
              <name>area_of_interest</name>
              <styleUrl>#QueryArea</styleUrl>
              <description><![CDATA[<ul><li>fake_uss's Activated 768e7e18-55e1-4829-a393-e041d3bac00d[4]</li></ul>]]></description>
              <TimeSpan>
                <begin>2025-11-19T07:29:02.416305+00:00</begin>
                <end>2025-11-19T08:14:03.416305+00:00</end>
              </TimeSpan>
              <MultiGeometry>
                <Polygon>
                  <altitudeMode>absolute</altitudeMode>
                  <outerBoundaryIs>
                    <LinearRing>
                      <coordinates>8.504950000000001,47.37755,607.7513893796151 8.504950000000001,47.377900000000004,607.7513893796151 8.505650000000001,47.377900000000004,607.7513893796151 8.505650000000001,47.37755,607.7513893796151</coordinates>
                    </LinearRing>
                  </outerBoundaryIs>
                </Polygon>
                <Polygon>
                  <altitudeMode>absolute</altitudeMode>
                  <outerBoundaryIs>
                    <LinearRing>
                      <coordinates>8.504950000000001,47.37755,637.7313893796152 8.504950000000001,47.377900000000004,637.7313893796152 8.505650000000001,47.377900000000004,637.7313893796152 8.505650000000001,47.37755,637.7313893796152</coordinates>
                    </LinearRing>
                  </outerBoundaryIs>
                </Polygon>
                <Polygon>
                  <altitudeMode>absolute</altitudeMode>
                  <outerBoundaryIs>
                    <LinearRing>
                      <coordinates>8.504950000000001,47.37755,607.7513893796151 8.504950000000001,47.37755,637.7313893796152 8.504950000000001,47.377900000000004,637.7313893796152 8.504950000000001,47.377900000000004,607.7513893796151</coordinates>
                    </LinearRing>
                  </outerBoundaryIs>
                </Polygon>
                <Polygon>
                  <altitudeMode>absolute</altitudeMode>
                  <outerBoundaryIs>
                    <LinearRing>
                      <coordinates>8.504950000000001,47.377900000000004,607.7513893796151 8.504950000000001,47.377900000000004,637.7313893796152 8.505650000000001,47.377900000000004,637.7313893796152 8.505650000000001,47.377900000000004,607.7513893796151</coordinates>
                    </LinearRing>
                  </outerBoundaryIs>
                </Polygon>
                <Polygon>
                  <altitudeMode>absolute</altitudeMode>
                  <outerBoundaryIs>
                    <LinearRing>
                      <coordinates>8.505650000000001,47.377900000000004,607.7513893796151 8.505650000000001,47.377900000000004,637.7313893796152 8.505650000000001,47.37755,637.7313893796152 8.505650000000001,47.37755,607.7513893796151</coordinates>
                    </LinearRing>
                  </outerBoundaryIs>
                </Polygon>
                <Polygon>
                  <altitudeMode>absolute</altitudeMode>
                  <outerBoundaryIs>
                    <LinearRing>
                      <coordinates>8.505650000000001,47.37755,607.7513893796151 8.505650000000001,47.37755,637.7313893796152 8.504950000000001,47.37755,637.7313893796152 8.504950000000001,47.37755,607.7513893796151</coordinates>
                    </LinearRing>
                  </outerBoundaryIs>
                </Polygon>
              </MultiGeometry>
            </Placemark>
          </Folder>
          <Folder>
            <name>E120: uss2_core astm.f3548.v21.uss.getOperationalIntentDetails</name>
            <Folder>
              <name>fake_uss's P0 Activated 768e7e18-55e1-4829-a393-e041d3bac00d[4] @ eOKaCgu2-iBbW1d4m2dw7QV29Htn50fSrVO3XtdpjiA_</name>
              <Placemark>
                <name>Nominal volume 0</name>
                <styleUrl>#F3548v21Activated</styleUrl>
                <TimeSpan>
                  <begin>2025-11-19T07:29:02+00:00</begin>
                  <end>2025-11-19T08:14:04+00:00</end>
                </TimeSpan>
                <MultiGeometry>
                  <Polygon>
                    <altitudeMode>absolute</altitudeMode>
                    <outerBoundaryIs>
                      <LinearRing>
                        <coordinates>8.50495,47.37755,-47.26861062038482 8.50565,47.37755,-47.26861062038482 8.50565,47.3779,-47.26861062038482 8.50495,47.3779,-47.26861062038482</coordinates>
                      </LinearRing>
                    </outerBoundaryIs>
                  </Polygon>
                  <Polygon>
                    <altitudeMode>absolute</altitudeMode>
                    <outerBoundaryIs>
                      <LinearRing>
                        <coordinates>8.50495,47.37755,637.7313893796152 8.50565,47.37755,637.7313893796152 8.50565,47.3779,637.7313893796152 8.50495,47.3779,637.7313893796152</coordinates>
                      </LinearRing>
                    </outerBoundaryIs>
                  </Polygon>
                  <Polygon>
                    <altitudeMode>absolute</altitudeMode>
                    <outerBoundaryIs>
                      <LinearRing>
                        <coordinates>8.50495,47.37755,-47.26861062038482 8.50495,47.37755,637.7313893796152 8.50565,47.37755,637.7313893796152 8.50565,47.37755,-47.26861062038482</coordinates>
                      </LinearRing>
                    </outerBoundaryIs>
                  </Polygon>
                  <Polygon>
                    <altitudeMode>absolute</altitudeMode>
                    <outerBoundaryIs>
                      <LinearRing>
                        <coordinates>8.50565,47.37755,-47.26861062038482 8.50565,47.37755,637.7313893796152 8.50565,47.3779,637.7313893796152 8.50565,47.3779,-47.26861062038482</coordinates>
                      </LinearRing>
                    </outerBoundaryIs>
                  </Polygon>
                  <Polygon>
                    <altitudeMode>absolute</altitudeMode>
                    <outerBoundaryIs>
                      <LinearRing>
                        <coordinates>8.50565,47.3779,-47.26861062038482 8.50565,47.3779,637.7313893796152 8.50495,47.3779,637.7313893796152 8.50495,47.3779,-47.26861062038482</coordinates>
                      </LinearRing>
                    </outerBoundaryIs>
                  </Polygon>
                  <Polygon>
                    <altitudeMode>absolute</altitudeMode>
                    <outerBoundaryIs>
                      <LinearRing>
                        <coordinates>8.50495,47.3779,-47.26861062038482 8.50495,47.3779,637.7313893796152 8.50495,47.37755,637.7313893796152 8.50495,47.37755,-47.26861062038482</coordinates>
                      </LinearRing>
                    </outerBoundaryIs>
                  </Polygon>
                </MultiGeometry>
              </Placemark>
            </Folder>
          </Folder>
        </Folder>
        <Folder>
          <name>Plan Flight 2m</name>
          <Folder>
            <name>E126: uss1_dss astm.f3548.v21.dss.queryOperationalIntentReferences</name>
            <Placemark>
              <name>area_of_interest</name>
              <styleUrl>#QueryArea</styleUrl>
              <description><![CDATA[(no operational intent references found)]]></description>
              <TimeSpan>
                <begin>2025-11-19T07:29:02.936593+00:00</begin>
                <end>2025-11-19T08:14:03.936593+00:00</end>
              </TimeSpan>
              <MultiGeometry>
                <Polygon>
                  <altitudeMode>absolute</altitudeMode>
                  <outerBoundaryIs>
                    <LinearRing>
                      <coordinates>8.504900000000001,47.37795,652.8611525336313 8.504900000000001,47.3783,652.8611525336313 8.505500000000001,47.3783,652.8611525336313 8.505500000000001,47.37795,652.8611525336313</coordinates>
                    </LinearRing>
                  </outerBoundaryIs>
                </Polygon>
                <Polygon>
                  <altitudeMode>absolute</altitudeMode>
                  <outerBoundaryIs>
                    <LinearRing>
                      <coordinates>8.504900000000001,47.37795,657.7311525336313 8.504900000000001,47.3783,657.7311525336313 8.505500000000001,47.3783,657.7311525336313 8.505500000000001,47.37795,657.7311525336313</coordinates>
                    </LinearRing>
                  </outerBoundaryIs>
                </Polygon>
                <Polygon>
                  <altitudeMode>absolute</altitudeMode>
                  <outerBoundaryIs>
                    <LinearRing>
                      <coordinates>8.504900000000001,47.37795,652.8611525336313 8.504900000000001,47.37795,657.7311525336313 8.504900000000001,47.3783,657.7311525336313 8.504900000000001,47.3783,652.8611525336313</coordinates>
                    </LinearRing>
                  </outerBoundaryIs>
                </Polygon>
                <Polygon>
                  <altitudeMode>absolute</altitudeMode>
                  <outerBoundaryIs>
                    <LinearRing>
                      <coordinates>8.504900000000001,47.3783,652.8611525336313 8.504900000000001,47.3783,657.7311525336313 8.505500000000001,47.3783,657.7311525336313 8.505500000000001,47.3783,652.8611525336313</coordinates>
                    </LinearRing>
                  </outerBoundaryIs>
                </Polygon>
                <Polygon>
                  <altitudeMode>absolute</altitudeMode>
                  <outerBoundaryIs>
                    <LinearRing>
                      <coordinates>8.505500000000001,47.3783,652.8611525336313 8.505500000000001,47.3783,657.7311525336313 8.505500000000001,47.37795,657.7311525336313 8.505500000000001,47.37795,652.8611525336313</coordinates>
                    </LinearRing>
                  </outerBoundaryIs>
                </Polygon>
                <Polygon>
                  <altitudeMode>absolute</altitudeMode>
                  <outerBoundaryIs>
                    <LinearRing>
                      <coordinates>8.505500000000001,47.37795,652.8611525336313 8.505500000000001,47.37795,657.7311525336313 8.504900000000001,47.37795,657.7311525336313 8.504900000000001,47.37795,652.8611525336313</coordinates>
                    </LinearRing>
                  </outerBoundaryIs>
                </Polygon>
              </MultiGeometry>
            </Placemark>
          </Folder>
          <Folder>
            <name>E128: uss2_core interuss.automated_testing.flight_planning.v1.UpsertFlightPlan</name>
            <Folder>
              <name>Activity Completed, flight Planned</name>
              <Placemark>
                <name>Volume 0</name>
                <styleUrl>#Planned_Nominal</styleUrl>
                <TimeSpan>
                  <begin>2025-11-19T07:29:02.936593+00:00</begin>
                  <end>2025-11-19T08:14:03.936593+00:00</end>
                </TimeSpan>
                <MultiGeometry>
                  <Polygon>
                    <altitudeMode>absolute</altitudeMode>
                    <outerBoundaryIs>
                      <LinearRing>
                        <coordinates>8.504900000000001,47.378,652.8611182305975 8.505500000000001,47.37795,652.8611182305975 8.5051,47.3783,652.8611182305975</coordinates>
                      </LinearRing>
                    </outerBoundaryIs>
                  </Polygon>
                  <Polygon>
                    <altitudeMode>absolute</altitudeMode>
                    <outerBoundaryIs>
                      <LinearRing>
                        <coordinates>8.504900000000001,47.378,657.7311182305975 8.505500000000001,47.37795,657.7311182305975 8.5051,47.3783,657.7311182305975</coordinates>
                      </LinearRing>
                    </outerBoundaryIs>
                  </Polygon>
                  <Polygon>
                    <altitudeMode>absolute</altitudeMode>
                    <outerBoundaryIs>
                      <LinearRing>
                        <coordinates>8.504900000000001,47.378,652.8611182305975 8.504900000000001,47.378,657.7311182305975 8.505500000000001,47.37795,657.7311182305975 8.505500000000001,47.37795,652.8611182305975</coordinates>
                      </LinearRing>
                    </outerBoundaryIs>
                  </Polygon>
                  <Polygon>
                    <altitudeMode>absolute</altitudeMode>
                    <outerBoundaryIs>
                      <LinearRing>
                        <coordinates>8.505500000000001,47.37795,652.8611182305975 8.505500000000001,47.37795,657.7311182305975 8.5051,47.3783,657.7311182305975 8.5051,47.3783,652.8611182305975</coordinates>
                      </LinearRing>
                    </outerBoundaryIs>
                  </Polygon>
                  <Polygon>
                    <altitudeMode>absolute</altitudeMode>
                    <outerBoundaryIs>
                      <LinearRing>
                        <coordinates>8.5051,47.3783,652.8611182305975 8.5051,47.3783,657.7311182305975 8.504900000000001,47.378,657.7311182305975 8.504900000000001,47.378,652.8611182305975</coordinates>
                      </LinearRing>
                    </outerBoundaryIs>
                  </Polygon>
                </MultiGeometry>
              </Placemark>
            </Folder>
          </Folder>
          <Folder>
            <name>E131: uss1_dss astm.f3548.v21.dss.queryOperationalIntentReferences</name>
            <Placemark>
              <name>area_of_interest</name>
              <styleUrl>#QueryArea</styleUrl>
              <description><![CDATA[<ul><li>fake_uss's Accepted e94f9e58-fff4-4fd4-b3eb-c6ef7bff9a56[1]</li></ul>]]></description>
              <TimeSpan>
                <begin>2025-11-19T07:29:02.936593+00:00</begin>
                <end>2025-11-19T08:14:03.936593+00:00</end>
              </TimeSpan>
              <MultiGeometry>
                <Polygon>
                  <altitudeMode>absolute</altitudeMode>
                  <outerBoundaryIs>
                    <LinearRing>
                      <coordinates>8.504900000000001,47.37795,652.8611525336313 8.504900000000001,47.3783,652.8611525336313 8.505500000000001,47.3783,652.8611525336313 8.505500000000001,47.37795,652.8611525336313</coordinates>
                    </LinearRing>
                  </outerBoundaryIs>
                </Polygon>
                <Polygon>
                  <altitudeMode>absolute</altitudeMode>
                  <outerBoundaryIs>
                    <LinearRing>
                      <coordinates>8.504900000000001,47.37795,657.7311525336313 8.504900000000001,47.3783,657.7311525336313 8.505500000000001,47.3783,657.7311525336313 8.505500000000001,47.37795,657.7311525336313</coordinates>
                    </LinearRing>
                  </outerBoundaryIs>
                </Polygon>
                <Polygon>
                  <altitudeMode>absolute</altitudeMode>
                  <outerBoundaryIs>
                    <LinearRing>
                      <coordinates>8.504900000000001,47.37795,652.8611525336313 8.504900000000001,47.37795,657.7311525336313 8.504900000000001,47.3783,657.7311525336313 8.504900000000001,47.3783,652.8611525336313</coordinates>
                    </LinearRing>
                  </outerBoundaryIs>
                </Polygon>
                <Polygon>
                  <altitudeMode>absolute</altitudeMode>
                  <outerBoundaryIs>
                    <LinearRing>
                      <coordinates>8.504900000000001,47.3783,652.8611525336313 8.504900000000001,47.3783,657.7311525336313 8.505500000000001,47.3783,657.7311525336313 8.505500000000001,47.3783,652.8611525336313</coordinates>
                    </LinearRing>
                  </outerBoundaryIs>
                </Polygon>
                <Polygon>
                  <altitudeMode>absolute</altitudeMode>
                  <outerBoundaryIs>
                    <LinearRing>
                      <coordinates>8.505500000000001,47.3783,652.8611525336313 8.505500000000001,47.3783,657.7311525336313 8.505500000000001,47.37795,657.7311525336313 8.505500000000001,47.37795,652.8611525336313</coordinates>
                    </LinearRing>
                  </outerBoundaryIs>
                </Polygon>
                <Polygon>
                  <altitudeMode>absolute</altitudeMode>
                  <outerBoundaryIs>
                    <LinearRing>
                      <coordinates>8.505500000000001,47.37795,652.8611525336313 8.505500000000001,47.37795,657.7311525336313 8.504900000000001,47.37795,657.7311525336313 8.504900000000001,47.37795,652.8611525336313</coordinates>
                    </LinearRing>
                  </outerBoundaryIs>
                </Polygon>
              </MultiGeometry>
            </Placemark>
          </Folder>
          <Folder>
            <name>E135: uss2_core astm.f3548.v21.uss.getOperationalIntentDetails</name>
            <Folder>
              <name>fake_uss's P0 Accepted e94f9e58-fff4-4fd4-b3eb-c6ef7bff9a56[1] @ HCWb.byPXpxoi2oBHVXjNCFY2mPAJpkFSVgCgy4bkqk_</name>
              <Placemark>
                <name>Nominal volume 0</name>
                <styleUrl>#F3548v21Accepted</styleUrl>
                <TimeSpan>
                  <begin>2025-11-19T07:29:02+00:00</begin>
                  <end>2025-11-19T08:14:13+00:00</end>
                </TimeSpan>
                <MultiGeometry>
                  <Polygon>
                    <altitudeMode>absolute</altitudeMode>
                    <outerBoundaryIs>
                      <LinearRing>
                        <coordinates>8.5049,47.37795,-47.26884746636866 8.5055,47.37795,-47.26884746636866 8.5055,47.3783,-47.26884746636866 8.5049,47.3783,-47.26884746636866</coordinates>
                      </LinearRing>
                    </outerBoundaryIs>
                  </Polygon>
                  <Polygon>
                    <altitudeMode>absolute</altitudeMode>
                    <outerBoundaryIs>
                      <LinearRing>
                        <coordinates>8.5049,47.37795,657.7311525336313 8.5055,47.37795,657.7311525336313 8.5055,47.3783,657.7311525336313 8.5049,47.3783,657.7311525336313</coordinates>
                      </LinearRing>
                    </outerBoundaryIs>
                  </Polygon>
                  <Polygon>
                    <altitudeMode>absolute</altitudeMode>
                    <outerBoundaryIs>
                      <LinearRing>
                        <coordinates>8.5049,47.37795,-47.26884746636866 8.5049,47.37795,657.7311525336313 8.5055,47.37795,657.7311525336313 8.5055,47.37795,-47.26884746636866</coordinates>
                      </LinearRing>
                    </outerBoundaryIs>
                  </Polygon>
                  <Polygon>
                    <altitudeMode>absolute</altitudeMode>
                    <outerBoundaryIs>
                      <LinearRing>
                        <coordinates>8.5055,47.37795,-47.26884746636866 8.5055,47.37795,657.7311525336313 8.5055,47.3783,657.7311525336313 8.5055,47.3783,-47.26884746636866</coordinates>
                      </LinearRing>
                    </outerBoundaryIs>
                  </Polygon>
                  <Polygon>
                    <altitudeMode>absolute</altitudeMode>
                    <outerBoundaryIs>
                      <LinearRing>
                        <coordinates>8.5055,47.3783,-47.26884746636866 8.5055,47.3783,657.7311525336313 8.5049,47.3783,657.7311525336313 8.5049,47.3783,-47.26884746636866</coordinates>
                      </LinearRing>
                    </outerBoundaryIs>
                  </Polygon>
                  <Polygon>
                    <altitudeMode>absolute</altitudeMode>
                    <outerBoundaryIs>
                      <LinearRing>
                        <coordinates>8.5049,47.3783,-47.26884746636866 8.5049,47.3783,657.7311525336313 8.5049,47.37795,657.7311525336313 8.5049,47.37795,-47.26884746636866</coordinates>
                      </LinearRing>
                    </outerBoundaryIs>
                  </Polygon>
                </MultiGeometry>
              </Placemark>
            </Folder>
          </Folder>
        </Folder>
        <Folder>
          <name>Declare Flight 2 non-conforming</name>
          <Folder>
            <name>E141: uss1_dss astm.f3548.v21.dss.queryOperationalIntentReferences</name>
            <Placemark>
              <name>area_of_interest</name>
              <styleUrl>#QueryArea</styleUrl>
              <description><![CDATA[<ul><li>fake_uss's Activated 768e7e18-55e1-4829-a393-e041d3bac00d[4]</li><li>fake_uss's Accepted e94f9e58-fff4-4fd4-b3eb-c6ef7bff9a56[1]</li></ul>]]></description>
              <TimeSpan>
                <begin>2025-11-19T07:29:02.936593+00:00</begin>
                <end>2025-11-19T08:14:05.931514+00:00</end>
              </TimeSpan>
              <MultiGeometry>
                <Polygon>
                  <altitudeMode>absolute</altitudeMode>
                  <outerBoundaryIs>
                    <LinearRing>
                      <coordinates>8.504900000000001,47.37755,607.8512037638479 8.504900000000001,47.3783,607.8512037638479 8.505500000000001,47.3783,607.8512037638479 8.505500000000001,47.37755,607.8512037638479</coordinates>
                    </LinearRing>
                  </outerBoundaryIs>
                </Polygon>
                <Polygon>
                  <altitudeMode>absolute</altitudeMode>
                  <outerBoundaryIs>
                    <LinearRing>
                      <coordinates>8.504900000000001,47.37755,657.7312037638479 8.504900000000001,47.3783,657.7312037638479 8.505500000000001,47.3783,657.7312037638479 8.505500000000001,47.37755,657.7312037638479</coordinates>
                    </LinearRing>
                  </outerBoundaryIs>
                </Polygon>
                <Polygon>
                  <altitudeMode>absolute</altitudeMode>
                  <outerBoundaryIs>
                    <LinearRing>
                      <coordinates>8.504900000000001,47.37755,607.8512037638479 8.504900000000001,47.37755,657.7312037638479 8.504900000000001,47.3783,657.7312037638479 8.504900000000001,47.3783,607.8512037638479</coordinates>
                    </LinearRing>
                  </outerBoundaryIs>
                </Polygon>
                <Polygon>
                  <altitudeMode>absolute</altitudeMode>
                  <outerBoundaryIs>
                    <LinearRing>
                      <coordinates>8.504900000000001,47.3783,607.8512037638479 8.504900000000001,47.3783,657.7312037638479 8.505500000000001,47.3783,657.7312037638479 8.505500000000001,47.3783,607.8512037638479</coordinates>
                    </LinearRing>
                  </outerBoundaryIs>
                </Polygon>
                <Polygon>
                  <altitudeMode>absolute</altitudeMode>
                  <outerBoundaryIs>
                    <LinearRing>
                      <coordinates>8.505500000000001,47.3783,607.8512037638479 8.505500000000001,47.3783,657.7312037638479 8.505500000000001,47.37755,657.7312037638479 8.505500000000001,47.37755,607.8512037638479</coordinates>
                    </LinearRing>
                  </outerBoundaryIs>
                </Polygon>
                <Polygon>
                  <altitudeMode>absolute</altitudeMode>
                  <outerBoundaryIs>
                    <LinearRing>
                      <coordinates>8.505500000000001,47.37755,607.8512037638479 8.505500000000001,47.37755,657.7312037638479 8.504900000000001,47.37755,657.7312037638479 8.504900000000001,47.37755,607.8512037638479</coordinates>
                    </LinearRing>
                  </outerBoundaryIs>
                </Polygon>
              </MultiGeometry>
            </Placemark>
          </Folder>
          <Folder>
            <name>E143: uss2_core interuss.automated_testing.flight_planning.v1.UpsertFlightPlan</name>
            <Folder>
              <name>Activity Rejected, flight Planned</name>
              <Placemark>
                <name>Volume 0</name>
                <styleUrl>#InUse_OffNominal</styleUrl>
                <TimeSpan>
                  <begin>2025-11-19T07:29:04.931514+00:00</begin>
                  <end>2025-11-19T08:14:05.931514+00:00</end>
                </TimeSpan>
                <MultiGeometry>
                  <Polygon>
                    <altitudeMode>absolute</altitudeMode>
                    <outerBoundaryIs>
                      <LinearRing>
                        <coordinates>8.504900000000001,47.378,607.8510623441351 8.5051,47.37755,607.8510623441351 8.5053,47.37795,607.8510623441351 8.5051,47.3783,607.8510623441351</coordinates>
                      </LinearRing>
                    </outerBoundaryIs>
                  </Polygon>
                  <Polygon>
                    <altitudeMode>absolute</altitudeMode>
                    <outerBoundaryIs>
                      <LinearRing>
                        <coordinates>8.504900000000001,47.378,635.7310623441351 8.5051,47.37755,635.7310623441351 8.5053,47.37795,635.7310623441351 8.5051,47.3783,635.7310623441351</coordinates>
                      </LinearRing>
                    </outerBoundaryIs>
                  </Polygon>
                  <Polygon>
                    <altitudeMode>absolute</altitudeMode>
                    <outerBoundaryIs>
                      <LinearRing>
                        <coordinates>8.504900000000001,47.378,607.8510623441351 8.504900000000001,47.378,635.7310623441351 8.5051,47.37755,635.7310623441351 8.5051,47.37755,607.8510623441351</coordinates>
                      </LinearRing>
                    </outerBoundaryIs>
                  </Polygon>
                  <Polygon>
                    <altitudeMode>absolute</altitudeMode>
                    <outerBoundaryIs>
                      <LinearRing>
                        <coordinates>8.5051,47.37755,607.8510623441351 8.5051,47.37755,635.7310623441351 8.5053,47.37795,635.7310623441351 8.5053,47.37795,607.8510623441351</coordinates>
                      </LinearRing>
                    </outerBoundaryIs>
                  </Polygon>
                  <Polygon>
                    <altitudeMode>absolute</altitudeMode>
                    <outerBoundaryIs>
                      <LinearRing>
                        <coordinates>8.5053,47.37795,607.8510623441351 8.5053,47.37795,635.7310623441351 8.5051,47.3783,635.7310623441351 8.5051,47.3783,607.8510623441351</coordinates>
                      </LinearRing>
                    </outerBoundaryIs>
                  </Polygon>
                  <Polygon>
                    <altitudeMode>absolute</altitudeMode>
                    <outerBoundaryIs>
                      <LinearRing>
                        <coordinates>8.5051,47.3783,607.8510623441351 8.5051,47.3783,635.7310623441351 8.504900000000001,47.378,635.7310623441351 8.504900000000001,47.378,607.8510623441351</coordinates>
                      </LinearRing>
                    </outerBoundaryIs>
                  </Polygon>
                </MultiGeometry>
              </Placemark>
            </Folder>
          </Folder>
        </Folder>
      </Folder>
      <Folder>
        <name/>
        <Folder>
          <name>Cleanup</name>
        </Folder>
      </Folder>
    </Folder>
  </Document>
</kml>
